Date,Bar Name,Brand Name,Inventory,Demand,Order Quantity
2023-10-23,Anderson's Bar,Absolut,350.8937622391478,0.0,0.0
2023-10-24,Anderson's Bar,Absolut,176.50376223914782,174.39,174.39
2023-10-25,Anderson's Bar,Absolut,176.50376223914782,0.0,174.39
2023-10-26,Anderson's Bar,Absolut,176.50376223914782,0.0,174.39
2023-10-27,Anderson's Bar,Absolut,350.8937622391478,0.0,0.0
2023-10-28,Anderson's Bar,Absolut,525.2837622391478,0.0,0.0
2023-10-29,Anderson's Bar,Absolut,699.6737622391478,0.0,0.0
2023-10-30,Anderson's Bar,Absolut,699.6737622391478,0.0,0.0
2023-10-31,Anderson's Bar,Absolut,297.8637622391478,401.81,53.03000000000003
2023-11-01,Anderson's Bar,Absolut,297.8637622391478,0.0,53.03000000000003
2023-11-02,Anderson's Bar,Absolut,297.8637622391478,0.0,53.03000000000003
2023-11-03,Anderson's Bar,Absolut,350.8937622391478,0.0,0.0
2023-11-04,Anderson's Bar,Absolut,403.92376223914783,0.0,0.0
2023-11-05,Anderson's Bar,Absolut,137.31376223914788,319.64,213.57999999999993
2023-11-06,Anderson's Bar,Absolut,137.31376223914788,0.0,213.57999999999993
2023-11-07,Anderson's Bar,Absolut,0.0,248.98,350.8937622391478
2023-11-08,Anderson's Bar,Absolut,213.57999999999993,0.0,137.31376223914788
2023-11-09,Anderson's Bar,Absolut,427.15999999999985,0.0,0.0
2023-11-10,Anderson's Bar,Absolut,332.19376223914765,445.86,18.70000000000016
2023-11-11,Anderson's Bar,Absolut,469.5075244782955,0.0,0.0
2023-11-12,Anderson's Bar,Absolut,469.5075244782955,0.0,0.0
2023-11-13,Anderson's Bar,Absolut,488.2075244782957,0.0,0.0
2023-11-14,Anderson's Bar,Absolut,488.2075244782957,0.0,0.0
2023-11-15,Anderson's Bar,Absolut,488.2075244782957,0.0,0.0
2023-11-16,Anderson's Bar,Absolut,488.2075244782957,0.0,0.0
2023-11-17,Anderson's Bar,Absolut,0.0,517.2,350.8937622391478
2023-11-18,Anderson's Bar,Absolut,0.0,0.0,350.8937622391478
2023-11-19,Anderson's Bar,Absolut,0.0,0.0,350.8937622391478
2023-11-20,Anderson's Bar,Absolut,350.8937622391478,0.0,0.0
2023-11-21,Anderson's Bar,Absolut,701.7875244782956,0.0,0.0
2023-11-22,Anderson's Bar,Absolut,1052.6812867174435,0.0,0.0
2023-11-23,Anderson's Bar,Absolut,1052.6812867174435,0.0,0.0
2023-11-24,Anderson's Bar,Absolut,913.5212867174436,139.16,0.0
2023-11-25,Anderson's Bar,Absolut,913.5212867174436,0.0,0.0
2023-11-26,Anderson's Bar,Absolut,913.5212867174436,0.0,0.0
2023-11-27,Anderson's Bar,Absolut,913.5212867174436,0.0,0.0
2023-11-28,Anderson's Bar,Absolut,913.5212867174436,0.0,0.0
2023-11-29,Anderson's Bar,Absolut,913.5212867174436,0.0,0.0
2023-11-30,Anderson's Bar,Absolut,913.5212867174436,0.0,0.0
2023-12-01,Anderson's Bar,Absolut,913.5212867174436,0.0,0.0
2023-12-02,Anderson's Bar,Absolut,913.5212867174436,0.0,0.0
2023-12-03,Anderson's Bar,Absolut,913.5212867174436,0.0,0.0
2023-12-04,Anderson's Bar,Absolut,913.5212867174436,0.0,0.0
2023-12-05,Anderson's Bar,Absolut,913.5212867174436,0.0,0.0
2023-12-06,Anderson's Bar,Absolut,433.3112867174436,480.21,0.0
2023-12-07,Anderson's Bar,Absolut,0.0,504.45,350.8937622391478
2023-12-08,Anderson's Bar,Absolut,0.0,0.0,350.8937622391478
2023-12-09,Anderson's Bar,Absolut,0.0,0.0,350.8937622391478
2023-12-10,Anderson's Bar,Absolut,220.3937622391478,130.5,130.5
2023-12-11,Anderson's Bar,Absolut,571.2875244782956,0.0,0.0
2023-12-12,Anderson's Bar,Absolut,922.1812867174434,0.0,0.0
2023-12-13,Anderson's Bar,Absolut,1052.6812867174435,0.0,0.0
2023-12-14,Anderson's Bar,Absolut,1052.6812867174435,0.0,0.0
2023-12-15,Anderson's Bar,Absolut,1052.6812867174435,0.0,0.0
2023-12-16,Anderson's Bar,Absolut,891.9012867174436,160.78,0.0
2023-12-17,Anderson's Bar,Absolut,891.9012867174436,0.0,0.0
2023-12-18,Anderson's Bar,Absolut,705.4312867174435,186.47,0.0
2023-12-19,Anderson's Bar,Absolut,705.4312867174435,0.0,0.0
2023-12-20,Anderson's Bar,Absolut,705.4312867174435,0.0,0.0
2023-12-21,Anderson's Bar,Absolut,705.4312867174435,0.0,0.0
2023-12-22,Anderson's Bar,Absolut,705.4312867174435,0.0,0.0
2023-12-23,Anderson's Bar,Absolut,705.4312867174435,0.0,0.0
2023-12-24,Anderson's Bar,Absolut,705.4312867174435,0.0,0.0
2023-12-25,Anderson's Bar,Absolut,705.4312867174435,0.0,0.0
2023-12-26,Anderson's Bar,Absolut,705.4312867174435,0.0,0.0
2023-12-27,Anderson's Bar,Absolut,705.4312867174435,0.0,0.0
2023-12-28,Anderson's Bar,Absolut,705.4312867174435,0.0,0.0
2023-12-29,Anderson's Bar,Absolut,705.4312867174435,0.0,0.0
2023-12-30,Anderson's Bar,Absolut,705.4312867174435,0.0,0.0
2023-12-31,Anderson's Bar,Absolut,705.4312867174435,0.0,0.0
2024-01-01,Anderson's Bar,Absolut,705.4312867174435,0.0,0.0
2023-10-23,Anderson's Bar,Bacardi,690.6332436728783,0.0,0.0
2023-10-24,Anderson's Bar,Bacardi,690.6332436728783,0.0,0.0
2023-10-25,Anderson's Bar,Bacardi,587.5532436728782,103.08,103.08000000000004
2023-10-26,Anderson's Bar,Bacardi,587.5532436728782,0.0,103.08000000000004
2023-10-27,Anderson's Bar,Bacardi,168.0832436728782,419.47,522.5500000000001
2023-10-28,Anderson's Bar,Bacardi,271.16324367287825,0.0,419.47
2023-10-29,Anderson's Bar,Bacardi,374.2432436728783,0.0,316.39
2023-10-30,Anderson's Bar,Bacardi,896.7932436728784,0.0,0.0
2023-10-31,Anderson's Bar,Bacardi,1316.2632436728784,0.0,0.0
2023-11-01,Anderson's Bar,Bacardi,1632.6532436728785,0.0,0.0
2023-11-02,Anderson's Bar,Bacardi,1632.6532436728785,0.0,0.0
2023-11-03,Anderson's Bar,Bacardi,1632.6532436728785,0.0,0.0
2023-11-04,Anderson's Bar,Bacardi,1170.6232436728785,462.03,0.0
2023-11-05,Anderson's Bar,Bacardi,1170.6232436728785,0.0,0.0
2023-11-06,Anderson's Bar,Bacardi,1170.6232436728785,0.0,0.0
2023-11-07,Anderson's Bar,Bacardi,1170.6232436728785,0.0,0.0
2023-11-08,Anderson's Bar,Bacardi,1170.6232436728785,0.0,0.0
2023-11-09,Anderson's Bar,Bacardi,1170.6232436728785,0.0,0.0
2023-11-10,Anderson's Bar,Bacardi,1170.6232436728785,0.0,0.0
2023-11-11,Anderson's Bar,Bacardi,1170.6232436728785,0.0,0.0
2023-11-12,Anderson's Bar,Bacardi,1170.6232436728785,0.0,0.0
2023-11-13,Anderson's Bar,Bacardi,1170.6232436728785,0.0,0.0
2023-11-14,Anderson's Bar,Bacardi,1170.6232436728785,0.0,0.0
2023-11-15,Anderson's Bar,Bacardi,1170.6232436728785,0.0,0.0
2023-11-16,Anderson's Bar,Bacardi,1170.6232436728785,0.0,0.0
2023-11-17,Anderson's Bar,Bacardi,1170.6232436728785,0.0,0.0
2023-11-18,Anderson's Bar,Bacardi,1170.6232436728785,0.0,0.0
2023-11-19,Anderson's Bar,Bacardi,1170.6232436728785,0.0,0.0
2023-11-20,Anderson's Bar,Bacardi,1170.6232436728785,0.0,0.0
2023-11-21,Anderson's Bar,Bacardi,1170.6232436728785,0.0,0.0
2023-11-22,Anderson's Bar,Bacardi,1170.6232436728785,0.0,0.0
2023-11-23,Anderson's Bar,Bacardi,1170.6232436728785,0.0,0.0
2023-11-24,Anderson's Bar,Bacardi,1170.6232436728785,0.0,0.0
2023-11-25,Anderson's Bar,Bacardi,1170.6232436728785,0.0,0.0
2023-11-26,Anderson's Bar,Bacardi,1170.6232436728785,0.0,0.0
2023-11-27,Anderson's Bar,Bacardi,1170.6232436728785,0.0,0.0
2023-11-28,Anderson's Bar,Bacardi,1170.6232436728785,0.0,0.0
2023-11-29,Anderson's Bar,Bacardi,1170.6232436728785,0.0,0.0
2023-11-30,Anderson's Bar,Bacardi,723.2332436728785,447.39,0.0
2023-12-01,Anderson's Bar,Bacardi,723.2332436728785,0.0,0.0
2023-12-02,Anderson's Bar,Bacardi,723.2332436728785,0.0,0.0
2023-12-03,Anderson's Bar,Bacardi,470.09324367287854,253.14,220.53999999999974
2023-12-04,Anderson's Bar,Bacardi,470.09324367287854,0.0,220.53999999999974
2023-12-05,Anderson's Bar,Bacardi,470.09324367287854,0.0,220.53999999999974
2023-12-06,Anderson's Bar,Bacardi,690.6332436728783,0.0,0.0
2023-12-07,Anderson's Bar,Bacardi,525.773243672878,385.4,164.86000000000024
2023-12-08,Anderson's Bar,Bacardi,746.3132436728778,0.0,0.0
2023-12-09,Anderson's Bar,Bacardi,746.3132436728778,0.0,0.0
2023-12-10,Anderson's Bar,Bacardi,587.983243672878,323.19,102.65000000000032
2023-12-11,Anderson's Bar,Bacardi,587.983243672878,0.0,102.65000000000032
2023-12-12,Anderson's Bar,Bacardi,587.983243672878,0.0,102.65000000000032
2023-12-13,Anderson's Bar,Bacardi,690.6332436728783,0.0,0.0
2023-12-14,Anderson's Bar,Bacardi,793.2832436728786,0.0,0.0
2023-12-15,Anderson's Bar,Bacardi,895.9332436728789,0.0,0.0
2023-12-16,Anderson's Bar,Bacardi,895.9332436728789,0.0,0.0
2023-12-17,Anderson's Bar,Bacardi,895.9332436728789,0.0,0.0
2023-12-18,Anderson's Bar,Bacardi,895.9332436728789,0.0,0.0
2023-12-19,Anderson's Bar,Bacardi,895.9332436728789,0.0,0.0
2023-12-20,Anderson's Bar,Bacardi,895.9332436728789,0.0,0.0
2023-12-21,Anderson's Bar,Bacardi,895.9332436728789,0.0,0.0
2023-12-22,Anderson's Bar,Bacardi,895.9332436728789,0.0,0.0
2023-12-23,Anderson's Bar,Bacardi,378.9332436728789,517.0,311.69999999999936
2023-12-24,Anderson's Bar,Bacardi,378.9332436728789,0.0,311.69999999999936
2023-12-25,Anderson's Bar,Bacardi,378.9332436728789,0.0,311.69999999999936
2023-12-26,Anderson's Bar,Bacardi,690.6332436728783,0.0,0.0
2023-12-27,Anderson's Bar,Bacardi,683.0432436728777,319.29,7.5900000000006
2023-12-28,Anderson's Bar,Bacardi,518.783243672877,475.96,171.85000000000127
2023-12-29,Anderson's Bar,Bacardi,16.63324367287703,502.15,674.0000000000013
2023-12-30,Anderson's Bar,Bacardi,24.22324367287763,0.0,666.4100000000007
2023-12-31,Anderson's Bar,Bacardi,0.0,498.25,690.6332436728783
2024-01-01,Anderson's Bar,Bacardi,674.0000000000013,0.0,16.63324367287703
2023-10-23,Anderson's Bar,Barefoot,714.8962371896154,0.0,0.0
2023-10-24,Anderson's Bar,Barefoot,714.8962371896154,0.0,0.0
2023-10-25,Anderson's Bar,Barefoot,714.8962371896154,0.0,0.0
2023-10-26,Anderson's Bar,Barefoot,714.8962371896154,0.0,0.0
2023-10-27,Anderson's Bar,Barefoot,714.8962371896154,0.0,0.0
2023-10-28,Anderson's Bar,Barefoot,714.8962371896154,0.0,0.0
2023-10-29,Anderson's Bar,Barefoot,714.8962371896154,0.0,0.0
2023-10-30,Anderson's Bar,Barefoot,714.8962371896154,0.0,0.0
2023-10-31,Anderson's Bar,Barefoot,714.8962371896154,0.0,0.0
2023-11-01,Anderson's Bar,Barefoot,714.8962371896154,0.0,0.0
2023-11-02,Anderson's Bar,Barefoot,714.8962371896154,0.0,0.0
2023-11-03,Anderson's Bar,Barefoot,714.8962371896154,0.0,0.0
2023-11-04,Anderson's Bar,Barefoot,714.8962371896154,0.0,0.0
2023-11-05,Anderson's Bar,Barefoot,364.95623718961536,349.94,349.94
2023-11-06,Anderson's Bar,Barefoot,364.95623718961536,0.0,349.94
2023-11-07,Anderson's Bar,Barefoot,364.95623718961536,0.0,349.94
2023-11-08,Anderson's Bar,Barefoot,714.8962371896154,0.0,0.0
2023-11-09,Anderson's Bar,Barefoot,1064.8362371896153,0.0,0.0
2023-11-10,Anderson's Bar,Barefoot,1414.7762371896154,0.0,0.0
2023-11-11,Anderson's Bar,Barefoot,1414.7762371896154,0.0,0.0
2023-11-12,Anderson's Bar,Barefoot,841.1262371896154,573.65,0.0
2023-11-13,Anderson's Bar,Barefoot,841.1262371896154,0.0,0.0
2023-11-14,Anderson's Bar,Barefoot,841.1262371896154,0.0,0.0
2023-11-15,Anderson's Bar,Barefoot,841.1262371896154,0.0,0.0
2023-11-16,Anderson's Bar,Barefoot,609.3262371896153,231.8,105.57000000000005
2023-11-17,Anderson's Bar,Barefoot,609.3262371896153,0.0,105.57000000000005
2023-11-18,Anderson's Bar,Barefoot,609.3262371896153,0.0,105.57000000000005
2023-11-19,Anderson's Bar,Barefoot,714.8962371896154,0.0,0.0
2023-11-20,Anderson's Bar,Barefoot,820.4662371896154,0.0,0.0
2023-11-21,Anderson's Bar,Barefoot,541.1862371896154,384.85,173.70999999999992
2023-11-22,Anderson's Bar,Barefoot,541.1862371896154,0.0,173.70999999999992
2023-11-23,Anderson's Bar,Barefoot,541.1862371896154,0.0,173.70999999999992
2023-11-24,Anderson's Bar,Barefoot,714.8962371896154,0.0,0.0
2023-11-25,Anderson's Bar,Barefoot,888.6062371896153,0.0,0.0
2023-11-26,Anderson's Bar,Barefoot,1062.316237189615,0.0,0.0
2023-11-27,Anderson's Bar,Barefoot,1062.316237189615,0.0,0.0
2023-11-28,Anderson's Bar,Barefoot,1062.316237189615,0.0,0.0
2023-11-29,Anderson's Bar,Barefoot,1062.316237189615,0.0,0.0
2023-11-30,Anderson's Bar,Barefoot,811.8162371896151,250.5,0.0
2023-12-01,Anderson's Bar,Barefoot,811.8162371896151,0.0,0.0
2023-12-02,Anderson's Bar,Barefoot,524.646237189615,287.17,190.25000000000034
2023-12-03,Anderson's Bar,Barefoot,399.766237189615,124.88,315.13000000000034
2023-12-04,Anderson's Bar,Barefoot,399.766237189615,0.0,315.13000000000034
2023-12-05,Anderson's Bar,Barefoot,590.0162371896154,0.0,124.88
2023-12-06,Anderson's Bar,Barefoot,905.1462371896157,0.0,0.0
2023-12-07,Anderson's Bar,Barefoot,1220.276237189616,0.0,0.0
2023-12-08,Anderson's Bar,Barefoot,1345.1562371896161,0.0,0.0
2023-12-09,Anderson's Bar,Barefoot,1069.4162371896161,275.74,0.0
2023-12-10,Anderson's Bar,Barefoot,1069.4162371896161,0.0,0.0
2023-12-11,Anderson's Bar,Barefoot,1069.4162371896161,0.0,0.0
2023-12-12,Anderson's Bar,Barefoot,555.8962371896162,513.52,158.9999999999992
2023-12-13,Anderson's Bar,Barefoot,555.8962371896162,0.0,158.9999999999992
2023-12-14,Anderson's Bar,Barefoot,555.8962371896162,0.0,158.9999999999992
2023-12-15,Anderson's Bar,Barefoot,714.8962371896154,0.0,0.0
2023-12-16,Anderson's Bar,Barefoot,873.8962371896146,0.0,0.0
2023-12-17,Anderson's Bar,Barefoot,1032.8962371896137,0.0,0.0
2023-12-18,Anderson's Bar,Barefoot,1032.8962371896137,0.0,0.0
2023-12-19,Anderson's Bar,Barefoot,745.5162371896137,287.38,0.0
2023-12-20,Anderson's Bar,Barefoot,745.5162371896137,0.0,0.0
2023-12-21,Anderson's Bar,Barefoot,745.5162371896137,0.0,0.0
2023-12-22,Anderson's Bar,Barefoot,745.5162371896137,0.0,0.0
2023-12-23,Anderson's Bar,Barefoot,745.5162371896137,0.0,0.0
2023-12-24,Anderson's Bar,Barefoot,745.5162371896137,0.0,0.0
2023-12-25,Anderson's Bar,Barefoot,745.5162371896137,0.0,0.0
2023-12-26,Anderson's Bar,Barefoot,745.5162371896137,0.0,0.0
2023-12-27,Anderson's Bar,Barefoot,550.9662371896136,194.55,163.93000000000177
2023-12-28,Anderson's Bar,Barefoot,550.9662371896136,0.0,163.93000000000177
2023-12-29,Anderson's Bar,Barefoot,550.9662371896136,0.0,163.93000000000177
2023-12-30,Anderson's Bar,Barefoot,572.1262371896154,142.77,142.76999999999998
2023-12-31,Anderson's Bar,Barefoot,736.0562371896171,0.0,0.0
2024-01-01,Anderson's Bar,Barefoot,899.9862371896189,0.0,0.0
2023-10-23,Anderson's Bar,Budweiser,424.867977793245,0.0,0.0
2023-10-24,Anderson's Bar,Budweiser,424.867977793245,0.0,0.0
2023-10-25,Anderson's Bar,Budweiser,424.867977793245,0.0,0.0
2023-10-26,Anderson's Bar,Budweiser,424.867977793245,0.0,0.0
2023-10-27,Anderson's Bar,Budweiser,424.867977793245,0.0,0.0
2023-10-28,Anderson's Bar,Budweiser,424.867977793245,0.0,0.0
2023-10-29,Anderson's Bar,Budweiser,424.867977793245,0.0,0.0
2023-10-30,Anderson's Bar,Budweiser,424.867977793245,0.0,0.0
2023-10-31,Anderson's Bar,Budweiser,424.867977793245,0.0,0.0
2023-11-01,Anderson's Bar,Budweiser,424.867977793245,0.0,0.0
2023-11-02,Anderson's Bar,Budweiser,424.867977793245,0.0,0.0
2023-11-03,Anderson's Bar,Budweiser,424.867977793245,0.0,0.0
2023-11-04,Anderson's Bar,Budweiser,424.867977793245,0.0,0.0
2023-11-05,Anderson's Bar,Budweiser,424.867977793245,0.0,0.0
2023-11-06,Anderson's Bar,Budweiser,424.867977793245,0.0,0.0
2023-11-07,Anderson's Bar,Budweiser,424.867977793245,0.0,0.0
2023-11-08,Anderson's Bar,Budweiser,424.867977793245,0.0,0.0
2023-11-09,Anderson's Bar,Budweiser,424.867977793245,0.0,0.0
2023-11-10,Anderson's Bar,Budweiser,424.867977793245,0.0,0.0
2023-11-11,Anderson's Bar,Budweiser,424.867977793245,0.0,0.0
2023-11-12,Anderson's Bar,Budweiser,424.867977793245,0.0,0.0
2023-11-13,Anderson's Bar,Budweiser,424.867977793245,0.0,0.0
2023-11-14,Anderson's Bar,Budweiser,424.867977793245,0.0,0.0
2023-11-15,Anderson's Bar,Budweiser,424.867977793245,0.0,0.0
2023-11-16,Anderson's Bar,Budweiser,424.867977793245,0.0,0.0
2023-11-17,Anderson's Bar,Budweiser,424.867977793245,0.0,0.0
2023-11-18,Anderson's Bar,Budweiser,424.867977793245,0.0,0.0
2023-11-19,Anderson's Bar,Budweiser,424.867977793245,0.0,0.0
2023-11-20,Anderson's Bar,Budweiser,424.867977793245,0.0,0.0
2023-11-21,Anderson's Bar,Budweiser,424.867977793245,0.0,0.0
2023-11-22,Anderson's Bar,Budweiser,424.867977793245,0.0,0.0
2023-11-23,Anderson's Bar,Budweiser,424.867977793245,0.0,0.0
2023-11-24,Anderson's Bar,Budweiser,424.867977793245,0.0,0.0
2023-11-25,Anderson's Bar,Budweiser,424.867977793245,0.0,0.0
2023-11-26,Anderson's Bar,Budweiser,424.867977793245,0.0,0.0
2023-11-27,Anderson's Bar,Budweiser,424.867977793245,0.0,0.0
2023-11-28,Anderson's Bar,Budweiser,424.867977793245,0.0,0.0
2023-11-29,Anderson's Bar,Budweiser,424.867977793245,0.0,0.0
2023-11-30,Anderson's Bar,Budweiser,424.867977793245,0.0,0.0
2023-12-01,Anderson's Bar,Budweiser,424.867977793245,0.0,0.0
2023-12-02,Anderson's Bar,Budweiser,424.867977793245,0.0,0.0
2023-12-03,Anderson's Bar,Budweiser,424.867977793245,0.0,0.0
2023-12-04,Anderson's Bar,Budweiser,424.867977793245,0.0,0.0
2023-12-05,Anderson's Bar,Budweiser,424.867977793245,0.0,0.0
2023-12-06,Anderson's Bar,Budweiser,424.867977793245,0.0,0.0
2023-12-07,Anderson's Bar,Budweiser,424.867977793245,0.0,0.0
2023-12-08,Anderson's Bar,Budweiser,424.867977793245,0.0,0.0
2023-12-09,Anderson's Bar,Budweiser,424.867977793245,0.0,0.0
2023-12-10,Anderson's Bar,Budweiser,424.867977793245,0.0,0.0
2023-12-11,Anderson's Bar,Budweiser,424.867977793245,0.0,0.0
2023-12-12,Anderson's Bar,Budweiser,424.867977793245,0.0,0.0
2023-12-13,Anderson's Bar,Budweiser,424.867977793245,0.0,0.0
2023-12-14,Anderson's Bar,Budweiser,424.867977793245,0.0,0.0
2023-12-15,Anderson's Bar,Budweiser,424.867977793245,0.0,0.0
2023-12-16,Anderson's Bar,Budweiser,424.867977793245,0.0,0.0
2023-12-17,Anderson's Bar,Budweiser,424.867977793245,0.0,0.0
2023-12-18,Anderson's Bar,Budweiser,424.867977793245,0.0,0.0
2023-12-19,Anderson's Bar,Budweiser,424.867977793245,0.0,0.0
2023-12-20,Anderson's Bar,Budweiser,424.867977793245,0.0,0.0
2023-12-21,Anderson's Bar,Budweiser,424.867977793245,0.0,0.0
2023-12-22,Anderson's Bar,Budweiser,424.867977793245,0.0,0.0
2023-12-23,Anderson's Bar,Budweiser,424.867977793245,0.0,0.0
2023-12-24,Anderson's Bar,Budweiser,424.867977793245,0.0,0.0
2023-12-25,Anderson's Bar,Budweiser,424.867977793245,0.0,0.0
2023-12-26,Anderson's Bar,Budweiser,424.867977793245,0.0,0.0
2023-12-27,Anderson's Bar,Budweiser,424.867977793245,0.0,0.0
2023-12-28,Anderson's Bar,Budweiser,424.867977793245,0.0,0.0
2023-12-29,Anderson's Bar,Budweiser,424.867977793245,0.0,0.0
2023-12-30,Anderson's Bar,Budweiser,424.867977793245,0.0,0.0
2023-12-31,Anderson's Bar,Budweiser,424.867977793245,0.0,0.0
2024-01-01,Anderson's Bar,Budweiser,424.867977793245,0.0,0.0
2023-10-23,Anderson's Bar,Captain Morgan,708.4469117678005,0.0,0.0
2023-10-24,Anderson's Bar,Captain Morgan,708.4469117678005,0.0,0.0
2023-10-25,Anderson's Bar,Captain Morgan,708.4469117678005,0.0,0.0
2023-10-26,Anderson's Bar,Captain Morgan,708.4469117678005,0.0,0.0
2023-10-27,Anderson's Bar,Captain Morgan,708.4469117678005,0.0,0.0
2023-10-28,Anderson's Bar,Captain Morgan,205.55691176780056,502.89,502.89
2023-10-29,Anderson's Bar,Captain Morgan,205.55691176780056,0.0,502.89
2023-10-30,Anderson's Bar,Captain Morgan,205.55691176780056,0.0,502.89
2023-10-31,Anderson's Bar,Captain Morgan,333.57691176780054,374.87,374.87
2023-11-01,Anderson's Bar,Captain Morgan,836.4669117678005,0.0,0.0
2023-11-02,Anderson's Bar,Captain Morgan,1339.3569117678005,0.0,0.0
2023-11-03,Anderson's Bar,Captain Morgan,1491.6469117678007,222.58,0.0
2023-11-04,Anderson's Bar,Captain Morgan,1491.6469117678007,0.0,0.0
2023-11-05,Anderson's Bar,Captain Morgan,1012.2569117678007,479.39,0.0
2023-11-06,Anderson's Bar,Captain Morgan,1012.2569117678007,0.0,0.0
2023-11-07,Anderson's Bar,Captain Morgan,742.3369117678008,269.92,0.0
2023-11-08,Anderson's Bar,Captain Morgan,282.5069117678008,459.83,425.93999999999977
2023-11-09,Anderson's Bar,Captain Morgan,282.5069117678008,0.0,425.93999999999977
2023-11-10,Anderson's Bar,Captain Morgan,282.5069117678008,0.0,425.93999999999977
2023-11-11,Anderson's Bar,Captain Morgan,708.4469117678005,0.0,0.0
2023-11-12,Anderson's Bar,Captain Morgan,1134.3869117678003,0.0,0.0
2023-11-13,Anderson's Bar,Captain Morgan,1560.3269117678,0.0,0.0
2023-11-14,Anderson's Bar,Captain Morgan,1560.3269117678,0.0,0.0
2023-11-15,Anderson's Bar,Captain Morgan,1560.3269117678,0.0,0.0
2023-11-16,Anderson's Bar,Captain Morgan,1560.3269117678,0.0,0.0
2023-11-17,Anderson's Bar,Captain Morgan,1560.3269117678,0.0,0.0
2023-11-18,Anderson's Bar,Captain Morgan,1440.2369117678002,120.09,0.0
2023-11-19,Anderson's Bar,Captain Morgan,1275.6369117678003,164.6,0.0
2023-11-20,Anderson's Bar,Captain Morgan,1275.6369117678003,0.0,0.0
2023-11-21,Anderson's Bar,Captain Morgan,1055.9069117678002,219.73,0.0
2023-11-22,Anderson's Bar,Captain Morgan,1055.9069117678002,0.0,0.0
2023-11-23,Anderson's Bar,Captain Morgan,1055.9069117678002,0.0,0.0
2023-11-24,Anderson's Bar,Captain Morgan,917.0969117678003,138.81,0.0
2023-11-25,Anderson's Bar,Captain Morgan,917.0969117678003,0.0,0.0
2023-11-26,Anderson's Bar,Captain Morgan,917.0969117678003,0.0,0.0
2023-11-27,Anderson's Bar,Captain Morgan,917.0969117678003,0.0,0.0
2023-11-28,Anderson's Bar,Captain Morgan,917.0969117678003,0.0,0.0
2023-11-29,Anderson's Bar,Captain Morgan,917.0969117678003,0.0,0.0
2023-11-30,Anderson's Bar,Captain Morgan,917.0969117678003,0.0,0.0
2023-12-01,Anderson's Bar,Captain Morgan,803.8869117678003,113.21,0.0
2023-12-02,Anderson's Bar,Captain Morgan,803.8869117678003,0.0,0.0
2023-12-03,Anderson's Bar,Captain Morgan,803.8869117678003,0.0,0.0
2023-12-04,Anderson's Bar,Captain Morgan,803.8869117678003,0.0,0.0
2023-12-05,Anderson's Bar,Captain Morgan,803.8869117678003,0.0,0.0
2023-12-06,Anderson's Bar,Captain Morgan,803.8869117678003,0.0,0.0
2023-12-07,Anderson's Bar,Captain Morgan,803.8869117678003,0.0,0.0
2023-12-08,Anderson's Bar,Captain Morgan,803.8869117678003,0.0,0.0
2023-12-09,Anderson's Bar,Captain Morgan,224.55691176780022,579.33,483.8900000000003
2023-12-10,Anderson's Bar,Captain Morgan,224.55691176780022,0.0,483.8900000000003
2023-12-11,Anderson's Bar,Captain Morgan,0.0,245.76,708.4469117678005
2023-12-12,Anderson's Bar,Captain Morgan,483.8900000000003,0.0,224.55691176780022
2023-12-13,Anderson's Bar,Captain Morgan,721.6100000000007,246.17,0.0
2023-12-14,Anderson's Bar,Captain Morgan,1430.0569117678012,0.0,0.0
2023-12-15,Anderson's Bar,Captain Morgan,1397.6538235356015,256.96,0.0
2023-12-16,Anderson's Bar,Captain Morgan,1397.6538235356015,0.0,0.0
2023-12-17,Anderson's Bar,Captain Morgan,1397.6538235356015,0.0,0.0
2023-12-18,Anderson's Bar,Captain Morgan,1106.3038235356016,291.35,0.0
2023-12-19,Anderson's Bar,Captain Morgan,827.4238235356016,278.88,0.0
2023-12-20,Anderson's Bar,Captain Morgan,827.4238235356016,0.0,0.0
2023-12-21,Anderson's Bar,Captain Morgan,827.4238235356016,0.0,0.0
2023-12-22,Anderson's Bar,Captain Morgan,827.4238235356016,0.0,0.0
2023-12-23,Anderson's Bar,Captain Morgan,827.4238235356016,0.0,0.0
2023-12-24,Anderson's Bar,Captain Morgan,827.4238235356016,0.0,0.0
2023-12-25,Anderson's Bar,Captain Morgan,827.4238235356016,0.0,0.0
2023-12-26,Anderson's Bar,Captain Morgan,827.4238235356016,0.0,0.0
2023-12-27,Anderson's Bar,Captain Morgan,827.4238235356016,0.0,0.0
2023-12-28,Anderson's Bar,Captain Morgan,827.4238235356016,0.0,0.0
2023-12-29,Anderson's Bar,Captain Morgan,827.4238235356016,0.0,0.0
2023-12-30,Anderson's Bar,Captain Morgan,827.4238235356016,0.0,0.0
2023-12-31,Anderson's Bar,Captain Morgan,827.4238235356016,0.0,0.0
2024-01-01,Anderson's Bar,Captain Morgan,827.4238235356016,0.0,0.0
2023-10-23,Anderson's Bar,Coors,586.8387905318618,0.0,0.0
2023-10-24,Anderson's Bar,Coors,586.8387905318618,0.0,0.0
2023-10-25,Anderson's Bar,Coors,586.8387905318618,0.0,0.0
2023-10-26,Anderson's Bar,Coors,586.8387905318618,0.0,0.0
2023-10-27,Anderson's Bar,Coors,586.8387905318618,0.0,0.0
2023-10-28,Anderson's Bar,Coors,586.8387905318618,0.0,0.0
2023-10-29,Anderson's Bar,Coors,586.8387905318618,0.0,0.0
2023-10-30,Anderson's Bar,Coors,586.8387905318618,0.0,0.0
2023-10-31,Anderson's Bar,Coors,586.8387905318618,0.0,0.0
2023-11-01,Anderson's Bar,Coors,586.8387905318618,0.0,0.0
2023-11-02,Anderson's Bar,Coors,586.8387905318618,0.0,0.0
2023-11-03,Anderson's Bar,Coors,586.8387905318618,0.0,0.0
2023-11-04,Anderson's Bar,Coors,229.33879053186183,357.5,357.5
2023-11-05,Anderson's Bar,Coors,229.33879053186183,0.0,357.5
2023-11-06,Anderson's Bar,Coors,229.33879053186183,0.0,357.5
2023-11-07,Anderson's Bar,Coors,586.8387905318618,0.0,0.0
2023-11-08,Anderson's Bar,Coors,791.8187905318619,152.52,0.0
2023-11-09,Anderson's Bar,Coors,924.1287905318618,225.19,0.0
2023-11-10,Anderson's Bar,Coors,924.1287905318618,0.0,0.0
2023-11-11,Anderson's Bar,Coors,924.1287905318618,0.0,0.0
2023-11-12,Anderson's Bar,Coors,924.1287905318618,0.0,0.0
2023-11-13,Anderson's Bar,Coors,924.1287905318618,0.0,0.0
2023-11-14,Anderson's Bar,Coors,924.1287905318618,0.0,0.0
2023-11-15,Anderson's Bar,Coors,924.1287905318618,0.0,0.0
2023-11-16,Anderson's Bar,Coors,924.1287905318618,0.0,0.0
2023-11-17,Anderson's Bar,Coors,924.1287905318618,0.0,0.0
2023-11-18,Anderson's Bar,Coors,924.1287905318618,0.0,0.0
2023-11-19,Anderson's Bar,Coors,924.1287905318618,0.0,0.0
2023-11-20,Anderson's Bar,Coors,924.1287905318618,0.0,0.0
2023-11-21,Anderson's Bar,Coors,924.1287905318618,0.0,0.0
2023-11-22,Anderson's Bar,Coors,924.1287905318618,0.0,0.0
2023-11-23,Anderson's Bar,Coors,924.1287905318618,0.0,0.0
2023-11-24,Anderson's Bar,Coors,924.1287905318618,0.0,0.0
2023-11-25,Anderson's Bar,Coors,924.1287905318618,0.0,0.0
2023-11-26,Anderson's Bar,Coors,924.1287905318618,0.0,0.0
2023-11-27,Anderson's Bar,Coors,924.1287905318618,0.0,0.0
2023-11-28,Anderson's Bar,Coors,924.1287905318618,0.0,0.0
2023-11-29,Anderson's Bar,Coors,924.1287905318618,0.0,0.0
2023-11-30,Anderson's Bar,Coors,924.1287905318618,0.0,0.0
2023-12-01,Anderson's Bar,Coors,924.1287905318618,0.0,0.0
2023-12-02,Anderson's Bar,Coors,924.1287905318618,0.0,0.0
2023-12-03,Anderson's Bar,Coors,924.1287905318618,0.0,0.0
2023-12-04,Anderson's Bar,Coors,924.1287905318618,0.0,0.0
2023-12-05,Anderson's Bar,Coors,462.3887905318618,461.74,124.45000000000005
2023-12-06,Anderson's Bar,Coors,462.3887905318618,0.0,124.45000000000005
2023-12-07,Anderson's Bar,Coors,462.3887905318618,0.0,124.45000000000005
2023-12-08,Anderson's Bar,Coors,586.8387905318618,0.0,0.0
2023-12-09,Anderson's Bar,Coors,711.2887905318619,0.0,0.0
2023-12-10,Anderson's Bar,Coors,835.7387905318619,0.0,0.0
2023-12-11,Anderson's Bar,Coors,835.7387905318619,0.0,0.0
2023-12-12,Anderson's Bar,Coors,835.7387905318619,0.0,0.0
2023-12-13,Anderson's Bar,Coors,835.7387905318619,0.0,0.0
2023-12-14,Anderson's Bar,Coors,403.7487905318619,431.99,183.08999999999992
2023-12-15,Anderson's Bar,Coors,403.7487905318619,0.0,183.08999999999992
2023-12-16,Anderson's Bar,Coors,0.0,553.66,586.8387905318618
2023-12-17,Anderson's Bar,Coors,0.0,518.9,586.8387905318618
2023-12-18,Anderson's Bar,Coors,183.08999999999992,0.0,403.7487905318619
2023-12-19,Anderson's Bar,Coors,769.9287905318618,0.0,0.0
2023-12-20,Anderson's Bar,Coors,1021.1975810637236,335.57,0.0
2023-12-21,Anderson's Bar,Coors,1025.2163715955855,399.73,0.0
2023-12-22,Anderson's Bar,Coors,1025.2163715955855,0.0,0.0
2023-12-23,Anderson's Bar,Coors,1025.2163715955855,0.0,0.0
2023-12-24,Anderson's Bar,Coors,1025.2163715955855,0.0,0.0
2023-12-25,Anderson's Bar,Coors,1025.2163715955855,0.0,0.0
2023-12-26,Anderson's Bar,Coors,1025.2163715955855,0.0,0.0
2023-12-27,Anderson's Bar,Coors,1025.2163715955855,0.0,0.0
2023-12-28,Anderson's Bar,Coors,1025.2163715955855,0.0,0.0
2023-12-29,Anderson's Bar,Coors,1025.2163715955855,0.0,0.0
2023-12-30,Anderson's Bar,Coors,1025.2163715955855,0.0,0.0
2023-12-31,Anderson's Bar,Coors,1025.2163715955855,0.0,0.0
2024-01-01,Anderson's Bar,Coors,704.1563715955856,321.06,0.0
2023-10-23,Anderson's Bar,Grey Goose,651.7911706292855,0.0,0.0
2023-10-24,Anderson's Bar,Grey Goose,651.7911706292855,0.0,0.0
2023-10-25,Anderson's Bar,Grey Goose,651.7911706292855,0.0,0.0
2023-10-26,Anderson's Bar,Grey Goose,208.3911706292855,443.4,443.4
2023-10-27,Anderson's Bar,Grey Goose,208.3911706292855,0.0,443.4
2023-10-28,Anderson's Bar,Grey Goose,208.3911706292855,0.0,443.4
2023-10-29,Anderson's Bar,Grey Goose,651.7911706292855,0.0,0.0
2023-10-30,Anderson's Bar,Grey Goose,1095.1911706292854,0.0,0.0
2023-10-31,Anderson's Bar,Grey Goose,1538.5911706292854,0.0,0.0
2023-11-01,Anderson's Bar,Grey Goose,1538.5911706292854,0.0,0.0
2023-11-02,Anderson's Bar,Grey Goose,1538.5911706292854,0.0,0.0
2023-11-03,Anderson's Bar,Grey Goose,1538.5911706292854,0.0,0.0
2023-11-04,Anderson's Bar,Grey Goose,1538.5911706292854,0.0,0.0
2023-11-05,Anderson's Bar,Grey Goose,1538.5911706292854,0.0,0.0
2023-11-06,Anderson's Bar,Grey Goose,1538.5911706292854,0.0,0.0
2023-11-07,Anderson's Bar,Grey Goose,1538.5911706292854,0.0,0.0
2023-11-08,Anderson's Bar,Grey Goose,986.3411706292854,552.25,0.0
2023-11-09,Anderson's Bar,Grey Goose,986.3411706292854,0.0,0.0
2023-11-10,Anderson's Bar,Grey Goose,986.3411706292854,0.0,0.0
2023-11-11,Anderson's Bar,Grey Goose,728.9211706292854,257.42,0.0
2023-11-12,Anderson's Bar,Grey Goose,396.55117062928537,332.37,255.24000000000012
2023-11-13,Anderson's Bar,Grey Goose,396.55117062928537,0.0,255.24000000000012
2023-11-14,Anderson's Bar,Grey Goose,396.55117062928537,0.0,255.24000000000012
2023-11-15,Anderson's Bar,Grey Goose,651.7911706292855,0.0,0.0
2023-11-16,Anderson's Bar,Grey Goose,907.0311706292856,0.0,0.0
2023-11-17,Anderson's Bar,Grey Goose,1162.2711706292857,0.0,0.0
2023-11-18,Anderson's Bar,Grey Goose,1162.2711706292857,0.0,0.0
2023-11-19,Anderson's Bar,Grey Goose,1162.2711706292857,0.0,0.0
2023-11-20,Anderson's Bar,Grey Goose,1162.2711706292857,0.0,0.0
2023-11-21,Anderson's Bar,Grey Goose,1162.2711706292857,0.0,0.0
2023-11-22,Anderson's Bar,Grey Goose,1162.2711706292857,0.0,0.0
2023-11-23,Anderson's Bar,Grey Goose,1162.2711706292857,0.0,0.0
2023-11-24,Anderson's Bar,Grey Goose,1162.2711706292857,0.0,0.0
2023-11-25,Anderson's Bar,Grey Goose,1162.2711706292857,0.0,0.0
2023-11-26,Anderson's Bar,Grey Goose,1162.2711706292857,0.0,0.0
2023-11-27,Anderson's Bar,Grey Goose,1162.2711706292857,0.0,0.0
2023-11-28,Anderson's Bar,Grey Goose,1162.2711706292857,0.0,0.0
2023-11-29,Anderson's Bar,Grey Goose,791.2911706292857,370.98,0.0
2023-11-30,Anderson's Bar,Grey Goose,791.2911706292857,0.0,0.0
2023-12-01,Anderson's Bar,Grey Goose,791.2911706292857,0.0,0.0
2023-12-02,Anderson's Bar,Grey Goose,576.3111706292857,214.98,75.47999999999979
2023-12-03,Anderson's Bar,Grey Goose,576.3111706292857,0.0,75.47999999999979
2023-12-04,Anderson's Bar,Grey Goose,438.7511706292857,137.56,213.0399999999998
2023-12-05,Anderson's Bar,Grey Goose,514.2311706292855,0.0,137.55999999999995
2023-12-06,Anderson's Bar,Grey Goose,589.7111706292853,0.0,62.080000000000155
2023-12-07,Anderson's Bar,Grey Goose,802.7511706292851,0.0,0.0
2023-12-08,Anderson's Bar,Grey Goose,940.311170629285,0.0,0.0
2023-12-09,Anderson's Bar,Grey Goose,1002.3911706292852,0.0,0.0
2023-12-10,Anderson's Bar,Grey Goose,1002.3911706292852,0.0,0.0
2023-12-11,Anderson's Bar,Grey Goose,1002.3911706292852,0.0,0.0
2023-12-12,Anderson's Bar,Grey Goose,1002.3911706292852,0.0,0.0
2023-12-13,Anderson's Bar,Grey Goose,1002.3911706292852,0.0,0.0
2023-12-14,Anderson's Bar,Grey Goose,1002.3911706292852,0.0,0.0
2023-12-15,Anderson's Bar,Grey Goose,1002.3911706292852,0.0,0.0
2023-12-16,Anderson's Bar,Grey Goose,1002.3911706292852,0.0,0.0
2023-12-17,Anderson's Bar,Grey Goose,688.2011706292851,314.19,0.0
2023-12-18,Anderson's Bar,Grey Goose,688.2011706292851,0.0,0.0
2023-12-19,Anderson's Bar,Grey Goose,688.2011706292851,0.0,0.0
2023-12-20,Anderson's Bar,Grey Goose,688.2011706292851,0.0,0.0
2023-12-21,Anderson's Bar,Grey Goose,302.0011706292851,386.2,349.79000000000036
2023-12-22,Anderson's Bar,Grey Goose,302.0011706292851,0.0,349.79000000000036
2023-12-23,Anderson's Bar,Grey Goose,302.0011706292851,0.0,349.79000000000036
2023-12-24,Anderson's Bar,Grey Goose,651.7911706292855,0.0,0.0
2023-12-25,Anderson's Bar,Grey Goose,1001.5811706292859,0.0,0.0
2023-12-26,Anderson's Bar,Grey Goose,1351.3711706292863,0.0,0.0
2023-12-27,Anderson's Bar,Grey Goose,1196.6711706292863,154.7,0.0
2023-12-28,Anderson's Bar,Grey Goose,1196.6711706292863,0.0,0.0
2023-12-29,Anderson's Bar,Grey Goose,1196.6711706292863,0.0,0.0
2023-12-30,Anderson's Bar,Grey Goose,1196.6711706292863,0.0,0.0
2023-12-31,Anderson's Bar,Grey Goose,1196.6711706292863,0.0,0.0
2024-01-01,Anderson's Bar,Grey Goose,1196.6711706292863,0.0,0.0
2023-10-23,Anderson's Bar,Heineken,542.0329701793912,0.0,0.0
2023-10-24,Anderson's Bar,Heineken,542.0329701793912,0.0,0.0
2023-10-25,Anderson's Bar,Heineken,542.0329701793912,0.0,0.0
2023-10-26,Anderson's Bar,Heineken,542.0329701793912,0.0,0.0
2023-10-27,Anderson's Bar,Heineken,542.0329701793912,0.0,0.0
2023-10-28,Anderson's Bar,Heineken,542.0329701793912,0.0,0.0
2023-10-29,Anderson's Bar,Heineken,542.0329701793912,0.0,0.0
2023-10-30,Anderson's Bar,Heineken,542.0329701793912,0.0,0.0
2023-10-31,Anderson's Bar,Heineken,0.0,543.34,542.0329701793912
2023-11-01,Anderson's Bar,Heineken,0.0,0.0,542.0329701793912
2023-11-02,Anderson's Bar,Heineken,0.0,0.0,542.0329701793912
2023-11-03,Anderson's Bar,Heineken,542.0329701793912,0.0,0.0
2023-11-04,Anderson's Bar,Heineken,1084.0659403587824,0.0,0.0
2023-11-05,Anderson's Bar,Heineken,1626.0989105381736,0.0,0.0
2023-11-06,Anderson's Bar,Heineken,1626.0989105381736,0.0,0.0
2023-11-07,Anderson's Bar,Heineken,1626.0989105381736,0.0,0.0
2023-11-08,Anderson's Bar,Heineken,1626.0989105381736,0.0,0.0
2023-11-09,Anderson's Bar,Heineken,1626.0989105381736,0.0,0.0
2023-11-10,Anderson's Bar,Heineken,1626.0989105381736,0.0,0.0
2023-11-11,Anderson's Bar,Heineken,1626.0989105381736,0.0,0.0
2023-11-12,Anderson's Bar,Heineken,1626.0989105381736,0.0,0.0
2023-11-13,Anderson's Bar,Heineken,1626.0989105381736,0.0,0.0
2023-11-14,Anderson's Bar,Heineken,1155.5889105381736,470.51,0.0
2023-11-15,Anderson's Bar,Heineken,1155.5889105381736,0.0,0.0
2023-11-16,Anderson's Bar,Heineken,1155.5889105381736,0.0,0.0
2023-11-17,Anderson's Bar,Heineken,1155.5889105381736,0.0,0.0
2023-11-18,Anderson's Bar,Heineken,1155.5889105381736,0.0,0.0
2023-11-19,Anderson's Bar,Heineken,1155.5889105381736,0.0,0.0
2023-11-20,Anderson's Bar,Heineken,1155.5889105381736,0.0,0.0
2023-11-21,Anderson's Bar,Heineken,1155.5889105381736,0.0,0.0
2023-11-22,Anderson's Bar,Heineken,1155.5889105381736,0.0,0.0
2023-11-23,Anderson's Bar,Heineken,1155.5889105381736,0.0,0.0
2023-11-24,Anderson's Bar,Heineken,1155.5889105381736,0.0,0.0
2023-11-25,Anderson's Bar,Heineken,1155.5889105381736,0.0,0.0
2023-11-26,Anderson's Bar,Heineken,1155.5889105381736,0.0,0.0
2023-11-27,Anderson's Bar,Heineken,1155.5889105381736,0.0,0.0
2023-11-28,Anderson's Bar,Heineken,1155.5889105381736,0.0,0.0
2023-11-29,Anderson's Bar,Heineken,1155.5889105381736,0.0,0.0
2023-11-30,Anderson's Bar,Heineken,1155.5889105381736,0.0,0.0
2023-12-01,Anderson's Bar,Heineken,1155.5889105381736,0.0,0.0
2023-12-02,Anderson's Bar,Heineken,1155.5889105381736,0.0,0.0
2023-12-03,Anderson's Bar,Heineken,1155.5889105381736,0.0,0.0
2023-12-04,Anderson's Bar,Heineken,1155.5889105381736,0.0,0.0
2023-12-05,Anderson's Bar,Heineken,1155.5889105381736,0.0,0.0
2023-12-06,Anderson's Bar,Heineken,1155.5889105381736,0.0,0.0
2023-12-07,Anderson's Bar,Heineken,1155.5889105381736,0.0,0.0
2023-12-08,Anderson's Bar,Heineken,1029.0489105381737,126.54,0.0
2023-12-09,Anderson's Bar,Heineken,608.5489105381737,420.5,0.0
2023-12-10,Anderson's Bar,Heineken,608.5489105381737,0.0,0.0
2023-12-11,Anderson's Bar,Heineken,608.5489105381737,0.0,0.0
2023-12-12,Anderson's Bar,Heineken,608.5489105381737,0.0,0.0
2023-12-13,Anderson's Bar,Heineken,227.62891053817367,380.92,314.40405964121754
2023-12-14,Anderson's Bar,Heineken,227.62891053817367,0.0,314.40405964121754
2023-12-15,Anderson's Bar,Heineken,227.62891053817367,0.0,314.40405964121754
2023-12-16,Anderson's Bar,Heineken,542.0329701793912,0.0,0.0
2023-12-17,Anderson's Bar,Heineken,856.4370298206088,0.0,0.0
2023-12-18,Anderson's Bar,Heineken,1170.8410894618264,0.0,0.0
2023-12-19,Anderson's Bar,Heineken,1170.8410894618264,0.0,0.0
2023-12-20,Anderson's Bar,Heineken,1170.8410894618264,0.0,0.0
2023-12-21,Anderson's Bar,Heineken,1170.8410894618264,0.0,0.0
2023-12-22,Anderson's Bar,Heineken,1170.8410894618264,0.0,0.0
2023-12-23,Anderson's Bar,Heineken,589.6810894618264,581.16,0.0
2023-12-24,Anderson's Bar,Heineken,589.6810894618264,0.0,0.0
2023-12-25,Anderson's Bar,Heineken,589.6810894618264,0.0,0.0
2023-12-26,Anderson's Bar,Heineken,589.6810894618264,0.0,0.0
2023-12-27,Anderson's Bar,Heineken,589.6810894618264,0.0,0.0
2023-12-28,Anderson's Bar,Heineken,589.6810894618264,0.0,0.0
2023-12-29,Anderson's Bar,Heineken,589.6810894618264,0.0,0.0
2023-12-30,Anderson's Bar,Heineken,589.6810894618264,0.0,0.0
2023-12-31,Anderson's Bar,Heineken,204.18108946182645,385.5,337.85188071756477
2024-01-01,Anderson's Bar,Heineken,204.18108946182645,0.0,337.85188071756477
2023-10-23,Anderson's Bar,Jack Daniels,553.4068367269347,0.0,0.0
2023-10-24,Anderson's Bar,Jack Daniels,553.4068367269347,0.0,0.0
2023-10-25,Anderson's Bar,Jack Daniels,553.4068367269347,0.0,0.0
2023-10-26,Anderson's Bar,Jack Daniels,553.4068367269347,0.0,0.0
2023-10-27,Anderson's Bar,Jack Daniels,553.4068367269347,0.0,0.0
2023-10-28,Anderson's Bar,Jack Daniels,24.796836726934657,528.61,528.61
2023-10-29,Anderson's Bar,Jack Daniels,0.0,502.84,553.4068367269347
2023-10-30,Anderson's Bar,Jack Daniels,0.0,539.27,553.4068367269347
2023-10-31,Anderson's Bar,Jack Daniels,528.61,0.0,24.796836726934657
2023-11-01,Anderson's Bar,Jack Daniels,1082.0168367269348,0.0,0.0
2023-11-02,Anderson's Bar,Jack Daniels,1635.4236734538695,0.0,0.0
2023-11-03,Anderson's Bar,Jack Daniels,1510.340510180804,149.88,0.0
2023-11-04,Anderson's Bar,Jack Daniels,1510.340510180804,0.0,0.0
2023-11-05,Anderson's Bar,Jack Daniels,1510.340510180804,0.0,0.0
2023-11-06,Anderson's Bar,Jack Daniels,1510.340510180804,0.0,0.0
2023-11-07,Anderson's Bar,Jack Daniels,1510.340510180804,0.0,0.0
2023-11-08,Anderson's Bar,Jack Daniels,1252.7105101808038,257.63,0.0
2023-11-09,Anderson's Bar,Jack Daniels,1252.7105101808038,0.0,0.0
2023-11-10,Anderson's Bar,Jack Daniels,1252.7105101808038,0.0,0.0
2023-11-11,Anderson's Bar,Jack Daniels,1252.7105101808038,0.0,0.0
2023-11-12,Anderson's Bar,Jack Daniels,1252.7105101808038,0.0,0.0
2023-11-13,Anderson's Bar,Jack Daniels,1252.7105101808038,0.0,0.0
2023-11-14,Anderson's Bar,Jack Daniels,1252.7105101808038,0.0,0.0
2023-11-15,Anderson's Bar,Jack Daniels,1252.7105101808038,0.0,0.0
2023-11-16,Anderson's Bar,Jack Daniels,1252.7105101808038,0.0,0.0
2023-11-17,Anderson's Bar,Jack Daniels,896.4905101808038,356.22,0.0
2023-11-18,Anderson's Bar,Jack Daniels,896.4905101808038,0.0,0.0
2023-11-19,Anderson's Bar,Jack Daniels,896.4905101808038,0.0,0.0
2023-11-20,Anderson's Bar,Jack Daniels,896.4905101808038,0.0,0.0
2023-11-21,Anderson's Bar,Jack Daniels,715.6705101808038,180.82,0.0
2023-11-22,Anderson's Bar,Jack Daniels,715.6705101808038,0.0,0.0
2023-11-23,Anderson's Bar,Jack Daniels,715.6705101808038,0.0,0.0
2023-11-24,Anderson's Bar,Jack Daniels,715.6705101808038,0.0,0.0
2023-11-25,Anderson's Bar,Jack Daniels,715.6705101808038,0.0,0.0
2023-11-26,Anderson's Bar,Jack Daniels,0.0,987.04,553.4068367269347
2023-11-27,Anderson's Bar,Jack Daniels,0.0,0.0,553.4068367269347
2023-11-28,Anderson's Bar,Jack Daniels,0.0,134.89,553.4068367269347
2023-11-29,Anderson's Bar,Jack Daniels,553.4068367269347,0.0,0.0
2023-11-30,Anderson's Bar,Jack Daniels,1106.8136734538693,0.0,0.0
2023-12-01,Anderson's Bar,Jack Daniels,1660.220510180804,0.0,0.0
2023-12-02,Anderson's Bar,Jack Daniels,1205.470510180804,454.75,0.0
2023-12-03,Anderson's Bar,Jack Daniels,1205.470510180804,0.0,0.0
2023-12-04,Anderson's Bar,Jack Daniels,1205.470510180804,0.0,0.0
2023-12-05,Anderson's Bar,Jack Daniels,1205.470510180804,0.0,0.0
2023-12-06,Anderson's Bar,Jack Daniels,1205.470510180804,0.0,0.0
2023-12-07,Anderson's Bar,Jack Daniels,991.710510180804,213.76,0.0
2023-12-08,Anderson's Bar,Jack Daniels,991.710510180804,0.0,0.0
2023-12-09,Anderson's Bar,Jack Daniels,991.710510180804,0.0,0.0
2023-12-10,Anderson's Bar,Jack Daniels,705.040510180804,286.67,0.0
2023-12-11,Anderson's Bar,Jack Daniels,705.040510180804,0.0,0.0
2023-12-12,Anderson's Bar,Jack Daniels,705.040510180804,0.0,0.0
2023-12-13,Anderson's Bar,Jack Daniels,705.040510180804,0.0,0.0
2023-12-14,Anderson's Bar,Jack Daniels,705.040510180804,0.0,0.0
2023-12-15,Anderson's Bar,Jack Daniels,408.75051018080393,296.29,144.65632654613074
2023-12-16,Anderson's Bar,Jack Daniels,408.75051018080393,0.0,144.65632654613074
2023-12-17,Anderson's Bar,Jack Daniels,408.75051018080393,0.0,144.65632654613074
2023-12-18,Anderson's Bar,Jack Daniels,553.4068367269347,0.0,0.0
2023-12-19,Anderson's Bar,Jack Daniels,698.0631632730654,0.0,0.0
2023-12-20,Anderson's Bar,Jack Daniels,432.97948981919603,409.74,120.42734690773864
2023-12-21,Anderson's Bar,Jack Daniels,432.97948981919603,0.0,120.42734690773864
2023-12-22,Anderson's Bar,Jack Daniels,222.00948981919603,210.97,331.39734690773867
2023-12-23,Anderson's Bar,Jack Daniels,342.43683672693464,0.0,210.97000000000003
2023-12-24,Anderson's Bar,Jack Daniels,462.8641836346733,0.0,90.54265309226139
2023-12-25,Anderson's Bar,Jack Daniels,794.261530542412,0.0,0.0
2023-12-26,Anderson's Bar,Jack Daniels,1005.231530542412,0.0,0.0
2023-12-27,Anderson's Bar,Jack Daniels,1095.7741836346734,0.0,0.0
2023-12-28,Anderson's Bar,Jack Daniels,1095.7741836346734,0.0,0.0
2023-12-29,Anderson's Bar,Jack Daniels,1095.7741836346734,0.0,0.0
2023-12-30,Anderson's Bar,Jack Daniels,1095.7741836346734,0.0,0.0
2023-12-31,Anderson's Bar,Jack Daniels,1095.7741836346734,0.0,0.0
2024-01-01,Anderson's Bar,Jack Daniels,898.1741836346733,197.6,0.0
2023-10-23,Anderson's Bar,Jameson,405.5255984796084,215.32,215.32
2023-10-24,Anderson's Bar,Jameson,405.5255984796084,0.0,215.32
2023-10-25,Anderson's Bar,Jameson,405.5255984796084,0.0,215.32
2023-10-26,Anderson's Bar,Jameson,486.6055984796084,134.24,134.24
2023-10-27,Anderson's Bar,Jameson,701.9255984796084,0.0,0.0
2023-10-28,Anderson's Bar,Jameson,917.2455984796084,0.0,0.0
2023-10-29,Anderson's Bar,Jameson,1051.4855984796084,0.0,0.0
2023-10-30,Anderson's Bar,Jameson,1051.4855984796084,0.0,0.0
2023-10-31,Anderson's Bar,Jameson,1051.4855984796084,0.0,0.0
2023-11-01,Anderson's Bar,Jameson,1051.4855984796084,0.0,0.0
2023-11-02,Anderson's Bar,Jameson,1051.4855984796084,0.0,0.0
2023-11-03,Anderson's Bar,Jameson,1051.4855984796084,0.0,0.0
2023-11-04,Anderson's Bar,Jameson,568.9955984796084,482.49,51.85000000000002
2023-11-05,Anderson's Bar,Jameson,568.9955984796084,0.0,51.85000000000002
2023-11-06,Anderson's Bar,Jameson,568.9955984796084,0.0,51.85000000000002
2023-11-07,Anderson's Bar,Jameson,620.8455984796084,0.0,0.0
2023-11-08,Anderson's Bar,Jameson,672.6955984796084,0.0,0.0
2023-11-09,Anderson's Bar,Jameson,724.5455984796084,0.0,0.0
2023-11-10,Anderson's Bar,Jameson,724.5455984796084,0.0,0.0
2023-11-11,Anderson's Bar,Jameson,724.5455984796084,0.0,0.0
2023-11-12,Anderson's Bar,Jameson,724.5455984796084,0.0,0.0
2023-11-13,Anderson's Bar,Jameson,724.5455984796084,0.0,0.0
2023-11-14,Anderson's Bar,Jameson,529.1255984796085,195.42,91.71999999999991
2023-11-15,Anderson's Bar,Jameson,529.1255984796085,0.0,91.71999999999991
2023-11-16,Anderson's Bar,Jameson,529.1255984796085,0.0,91.71999999999991
2023-11-17,Anderson's Bar,Jameson,620.8455984796084,0.0,0.0
2023-11-18,Anderson's Bar,Jameson,712.5655984796083,0.0,0.0
2023-11-19,Anderson's Bar,Jameson,409.4255984796082,394.86,211.4200000000002
2023-11-20,Anderson's Bar,Jameson,409.4255984796082,0.0,211.4200000000002
2023-11-21,Anderson's Bar,Jameson,409.4255984796082,0.0,211.4200000000002
2023-11-22,Anderson's Bar,Jameson,620.8455984796084,0.0,0.0
2023-11-23,Anderson's Bar,Jameson,832.2655984796086,0.0,0.0
2023-11-24,Anderson's Bar,Jameson,621.1855984796089,422.5,0.0
2023-11-25,Anderson's Bar,Jameson,219.06559847960887,402.12,401.7799999999995
2023-11-26,Anderson's Bar,Jameson,219.06559847960887,0.0,401.7799999999995
2023-11-27,Anderson's Bar,Jameson,219.06559847960887,0.0,401.7799999999995
2023-11-28,Anderson's Bar,Jameson,620.8455984796084,0.0,0.0
2023-11-29,Anderson's Bar,Jameson,1022.6255984796079,0.0,0.0
2023-11-30,Anderson's Bar,Jameson,1424.4055984796073,0.0,0.0
2023-12-01,Anderson's Bar,Jameson,1424.4055984796073,0.0,0.0
2023-12-02,Anderson's Bar,Jameson,1424.4055984796073,0.0,0.0
2023-12-03,Anderson's Bar,Jameson,1424.4055984796073,0.0,0.0
2023-12-04,Anderson's Bar,Jameson,1424.4055984796073,0.0,0.0
2023-12-05,Anderson's Bar,Jameson,1424.4055984796073,0.0,0.0
2023-12-06,Anderson's Bar,Jameson,1424.4055984796073,0.0,0.0
2023-12-07,Anderson's Bar,Jameson,1424.4055984796073,0.0,0.0
2023-12-08,Anderson's Bar,Jameson,1424.4055984796073,0.0,0.0
2023-12-09,Anderson's Bar,Jameson,1424.4055984796073,0.0,0.0
2023-12-10,Anderson's Bar,Jameson,1424.4055984796073,0.0,0.0
2023-12-11,Anderson's Bar,Jameson,1196.2055984796073,228.2,0.0
2023-12-12,Anderson's Bar,Jameson,1196.2055984796073,0.0,0.0
2023-12-13,Anderson's Bar,Jameson,1196.2055984796073,0.0,0.0
2023-12-14,Anderson's Bar,Jameson,1093.8155984796072,102.39,0.0
2023-12-15,Anderson's Bar,Jameson,1093.8155984796072,0.0,0.0
2023-12-16,Anderson's Bar,Jameson,1093.8155984796072,0.0,0.0
2023-12-17,Anderson's Bar,Jameson,677.0955984796071,416.72,0.0
2023-12-18,Anderson's Bar,Jameson,677.0955984796071,0.0,0.0
2023-12-19,Anderson's Bar,Jameson,677.0955984796071,0.0,0.0
2023-12-20,Anderson's Bar,Jameson,677.0955984796071,0.0,0.0
2023-12-21,Anderson's Bar,Jameson,677.0955984796071,0.0,0.0
2023-12-22,Anderson's Bar,Jameson,677.0955984796071,0.0,0.0
2023-12-23,Anderson's Bar,Jameson,677.0955984796071,0.0,0.0
2023-12-24,Anderson's Bar,Jameson,677.0955984796071,0.0,0.0
2023-12-25,Anderson's Bar,Jameson,677.0955984796071,0.0,0.0
2023-12-26,Anderson's Bar,Jameson,677.0955984796071,0.0,0.0
2023-12-27,Anderson's Bar,Jameson,428.90559847960714,248.19,191.94000000000125
2023-12-28,Anderson's Bar,Jameson,428.90559847960714,0.0,191.94000000000125
2023-12-29,Anderson's Bar,Jameson,428.90559847960714,0.0,191.94000000000125
2023-12-30,Anderson's Bar,Jameson,145.8855984796084,474.96,474.96
2023-12-31,Anderson's Bar,Jameson,337.82559847960965,0.0,283.01999999999873
2024-01-01,Anderson's Bar,Jameson,529.7655984796108,0.0,91.07999999999754
2023-10-23,Anderson's Bar,Jim Beam,618.2299127241738,0.0,0.0
2023-10-24,Anderson's Bar,Jim Beam,618.2299127241738,0.0,0.0
2023-10-25,Anderson's Bar,Jim Beam,186.81991272417378,431.41,431.41
2023-10-26,Anderson's Bar,Jim Beam,186.81991272417378,0.0,431.41
2023-10-27,Anderson's Bar,Jim Beam,186.81991272417378,0.0,431.41
2023-10-28,Anderson's Bar,Jim Beam,618.2299127241738,0.0,0.0
2023-10-29,Anderson's Bar,Jim Beam,1049.6399127241739,0.0,0.0
2023-10-30,Anderson's Bar,Jim Beam,1481.049912724174,0.0,0.0
2023-10-31,Anderson's Bar,Jim Beam,1481.049912724174,0.0,0.0
2023-11-01,Anderson's Bar,Jim Beam,1481.049912724174,0.0,0.0
2023-11-02,Anderson's Bar,Jim Beam,1481.049912724174,0.0,0.0
2023-11-03,Anderson's Bar,Jim Beam,1481.049912724174,0.0,0.0
2023-11-04,Anderson's Bar,Jim Beam,1481.049912724174,0.0,0.0
2023-11-05,Anderson's Bar,Jim Beam,916.0899127241739,564.96,0.0
2023-11-06,Anderson's Bar,Jim Beam,916.0899127241739,0.0,0.0
2023-11-07,Anderson's Bar,Jim Beam,916.0899127241739,0.0,0.0
2023-11-08,Anderson's Bar,Jim Beam,916.0899127241739,0.0,0.0
2023-11-09,Anderson's Bar,Jim Beam,916.0899127241739,0.0,0.0
2023-11-10,Anderson's Bar,Jim Beam,916.0899127241739,0.0,0.0
2023-11-11,Anderson's Bar,Jim Beam,916.0899127241739,0.0,0.0
2023-11-12,Anderson's Bar,Jim Beam,916.0899127241739,0.0,0.0
2023-11-13,Anderson's Bar,Jim Beam,352.1299127241739,563.96,266.0999999999999
2023-11-14,Anderson's Bar,Jim Beam,352.1299127241739,0.0,266.0999999999999
2023-11-15,Anderson's Bar,Jim Beam,144.19991272417388,207.93,474.0299999999999
2023-11-16,Anderson's Bar,Jim Beam,0.0,588.26,618.2299127241738
2023-11-17,Anderson's Bar,Jim Beam,266.0999999999999,0.0,352.1299127241739
2023-11-18,Anderson's Bar,Jim Beam,364.4399999999999,375.69,253.78991272417392
2023-11-19,Anderson's Bar,Jim Beam,982.6699127241736,0.0,0.0
2023-11-20,Anderson's Bar,Jim Beam,1334.7998254483475,0.0,0.0
2023-11-21,Anderson's Bar,Jim Beam,1588.5897381725215,0.0,0.0
2023-11-22,Anderson's Bar,Jim Beam,1588.5897381725215,0.0,0.0
2023-11-23,Anderson's Bar,Jim Beam,1588.5897381725215,0.0,0.0
2023-11-24,Anderson's Bar,Jim Beam,1588.5897381725215,0.0,0.0
2023-11-25,Anderson's Bar,Jim Beam,1588.5897381725215,0.0,0.0
2023-11-26,Anderson's Bar,Jim Beam,1588.5897381725215,0.0,0.0
2023-11-27,Anderson's Bar,Jim Beam,1588.5897381725215,0.0,0.0
2023-11-28,Anderson's Bar,Jim Beam,1588.5897381725215,0.0,0.0
2023-11-29,Anderson's Bar,Jim Beam,1128.9797381725216,459.61,0.0
2023-11-30,Anderson's Bar,Jim Beam,1128.9797381725216,0.0,0.0
2023-12-01,Anderson's Bar,Jim Beam,717.0097381725216,411.97,0.0
2023-12-02,Anderson's Bar,Jim Beam,717.0097381725216,0.0,0.0
2023-12-03,Anderson's Bar,Jim Beam,717.0097381725216,0.0,0.0
2023-12-04,Anderson's Bar,Jim Beam,463.8597381725216,253.15,154.3701745516522
2023-12-05,Anderson's Bar,Jim Beam,463.8597381725216,0.0,154.3701745516522
2023-12-06,Anderson's Bar,Jim Beam,463.8597381725216,0.0,154.3701745516522
2023-12-07,Anderson's Bar,Jim Beam,618.2299127241738,0.0,0.0
2023-12-08,Anderson's Bar,Jim Beam,591.490087275826,181.11,26.7398254483478
2023-12-09,Anderson's Bar,Jim Beam,745.8602618274782,0.0,0.0
2023-12-10,Anderson's Bar,Jim Beam,745.8602618274782,0.0,0.0
2023-12-11,Anderson's Bar,Jim Beam,772.600087275826,0.0,0.0
2023-12-12,Anderson's Bar,Jim Beam,772.600087275826,0.0,0.0
2023-12-13,Anderson's Bar,Jim Beam,245.65008727582597,526.95,372.57982544834783
2023-12-14,Anderson's Bar,Jim Beam,245.65008727582597,0.0,372.57982544834783
2023-12-15,Anderson's Bar,Jim Beam,245.65008727582597,0.0,372.57982544834783
2023-12-16,Anderson's Bar,Jim Beam,618.2299127241738,0.0,0.0
2023-12-17,Anderson's Bar,Jim Beam,990.8097381725216,0.0,0.0
2023-12-18,Anderson's Bar,Jim Beam,1363.3895636208695,0.0,0.0
2023-12-19,Anderson's Bar,Jim Beam,780.8595636208695,582.53,0.0
2023-12-20,Anderson's Bar,Jim Beam,780.8595636208695,0.0,0.0
2023-12-21,Anderson's Bar,Jim Beam,780.8595636208695,0.0,0.0
2023-12-22,Anderson's Bar,Jim Beam,780.8595636208695,0.0,0.0
2023-12-23,Anderson's Bar,Jim Beam,280.8595636208695,500.0,337.3703491033043
2023-12-24,Anderson's Bar,Jim Beam,25.73956362086949,255.12,592.4903491033043
2023-12-25,Anderson's Bar,Jim Beam,25.73956362086949,0.0,592.4903491033043
2023-12-26,Anderson's Bar,Jim Beam,0.0,425.97,618.2299127241738
2023-12-27,Anderson's Bar,Jim Beam,592.4903491033043,0.0,25.73956362086949
2023-12-28,Anderson's Bar,Jim Beam,602.0106982066086,582.97,16.219214517565206
2023-12-29,Anderson's Bar,Jim Beam,1220.2406109307824,0.0,0.0
2023-12-30,Anderson's Bar,Jim Beam,1245.980174551652,0.0,0.0
2023-12-31,Anderson's Bar,Jim Beam,1161.7593890692171,100.44,0.0
2024-01-01,Anderson's Bar,Jim Beam,1161.7593890692171,0.0,0.0
2023-10-23,Anderson's Bar,Malibu,0.0,506.65,473.8749482873244
2023-10-24,Anderson's Bar,Malibu,0.0,0.0,473.8749482873244
2023-10-25,Anderson's Bar,Malibu,0.0,0.0,473.8749482873244
2023-10-26,Anderson's Bar,Malibu,473.8749482873244,0.0,0.0
2023-10-27,Anderson's Bar,Malibu,947.7498965746488,0.0,0.0
2023-10-28,Anderson's Bar,Malibu,1421.624844861973,0.0,0.0
2023-10-29,Anderson's Bar,Malibu,1421.624844861973,0.0,0.0
2023-10-30,Anderson's Bar,Malibu,950.5148448619731,471.11,0.0
2023-10-31,Anderson's Bar,Malibu,950.5148448619731,0.0,0.0
2023-11-01,Anderson's Bar,Malibu,661.034844861973,289.48,0.0
2023-11-02,Anderson's Bar,Malibu,661.034844861973,0.0,0.0
2023-11-03,Anderson's Bar,Malibu,661.034844861973,0.0,0.0
2023-11-04,Anderson's Bar,Malibu,661.034844861973,0.0,0.0
2023-11-05,Anderson's Bar,Malibu,661.034844861973,0.0,0.0
2023-11-06,Anderson's Bar,Malibu,575.3848448619731,85.65,0.0
2023-11-07,Anderson's Bar,Malibu,575.3848448619731,0.0,0.0
2023-11-08,Anderson's Bar,Malibu,575.3848448619731,0.0,0.0
2023-11-09,Anderson's Bar,Malibu,575.3848448619731,0.0,0.0
2023-11-10,Anderson's Bar,Malibu,575.3848448619731,0.0,0.0
2023-11-11,Anderson's Bar,Malibu,575.3848448619731,0.0,0.0
2023-11-12,Anderson's Bar,Malibu,575.3848448619731,0.0,0.0
2023-11-13,Anderson's Bar,Malibu,575.3848448619731,0.0,0.0
2023-11-14,Anderson's Bar,Malibu,575.3848448619731,0.0,0.0
2023-11-15,Anderson's Bar,Malibu,575.3848448619731,0.0,0.0
2023-11-16,Anderson's Bar,Malibu,575.3848448619731,0.0,0.0
2023-11-17,Anderson's Bar,Malibu,575.3848448619731,0.0,0.0
2023-11-18,Anderson's Bar,Malibu,575.3848448619731,0.0,0.0
2023-11-19,Anderson's Bar,Malibu,575.3848448619731,0.0,0.0
2023-11-20,Anderson's Bar,Malibu,575.3848448619731,0.0,0.0
2023-11-21,Anderson's Bar,Malibu,575.3848448619731,0.0,0.0
2023-11-22,Anderson's Bar,Malibu,575.3848448619731,0.0,0.0
2023-11-23,Anderson's Bar,Malibu,575.3848448619731,0.0,0.0
2023-11-24,Anderson's Bar,Malibu,575.3848448619731,0.0,0.0
2023-11-25,Anderson's Bar,Malibu,575.3848448619731,0.0,0.0
2023-11-26,Anderson's Bar,Malibu,575.3848448619731,0.0,0.0
2023-11-27,Anderson's Bar,Malibu,575.3848448619731,0.0,0.0
2023-11-28,Anderson's Bar,Malibu,575.3848448619731,0.0,0.0
2023-11-29,Anderson's Bar,Malibu,575.3848448619731,0.0,0.0
2023-11-30,Anderson's Bar,Malibu,575.3848448619731,0.0,0.0
2023-12-01,Anderson's Bar,Malibu,575.3848448619731,0.0,0.0
2023-12-02,Anderson's Bar,Malibu,575.3848448619731,0.0,0.0
2023-12-03,Anderson's Bar,Malibu,575.3848448619731,0.0,0.0
2023-12-04,Anderson's Bar,Malibu,575.3848448619731,0.0,0.0
2023-12-05,Anderson's Bar,Malibu,575.3848448619731,0.0,0.0
2023-12-06,Anderson's Bar,Malibu,575.3848448619731,0.0,0.0
2023-12-07,Anderson's Bar,Malibu,575.3848448619731,0.0,0.0
2023-12-08,Anderson's Bar,Malibu,575.3848448619731,0.0,0.0
2023-12-09,Anderson's Bar,Malibu,575.3848448619731,0.0,0.0
2023-12-10,Anderson's Bar,Malibu,575.3848448619731,0.0,0.0
2023-12-11,Anderson's Bar,Malibu,575.3848448619731,0.0,0.0
2023-12-12,Anderson's Bar,Malibu,575.3848448619731,0.0,0.0
2023-12-13,Anderson's Bar,Malibu,575.3848448619731,0.0,0.0
2023-12-14,Anderson's Bar,Malibu,575.3848448619731,0.0,0.0
2023-12-15,Anderson's Bar,Malibu,575.3848448619731,0.0,0.0
2023-12-16,Anderson's Bar,Malibu,575.3848448619731,0.0,0.0
2023-12-17,Anderson's Bar,Malibu,575.3848448619731,0.0,0.0
2023-12-18,Anderson's Bar,Malibu,575.3848448619731,0.0,0.0
2023-12-19,Anderson's Bar,Malibu,575.3848448619731,0.0,0.0
2023-12-20,Anderson's Bar,Malibu,575.3848448619731,0.0,0.0
2023-12-21,Anderson's Bar,Malibu,575.3848448619731,0.0,0.0
2023-12-22,Anderson's Bar,Malibu,575.3848448619731,0.0,0.0
2023-12-23,Anderson's Bar,Malibu,575.3848448619731,0.0,0.0
2023-12-24,Anderson's Bar,Malibu,575.3848448619731,0.0,0.0
2023-12-25,Anderson's Bar,Malibu,575.3848448619731,0.0,0.0
2023-12-26,Anderson's Bar,Malibu,575.3848448619731,0.0,0.0
2023-12-27,Anderson's Bar,Malibu,575.3848448619731,0.0,0.0
2023-12-28,Anderson's Bar,Malibu,575.3848448619731,0.0,0.0
2023-12-29,Anderson's Bar,Malibu,575.3848448619731,0.0,0.0
2023-12-30,Anderson's Bar,Malibu,575.3848448619731,0.0,0.0
2023-12-31,Anderson's Bar,Malibu,575.3848448619731,0.0,0.0
2024-01-01,Anderson's Bar,Malibu,400.33484486197307,175.05,73.54010342535133
2023-10-23,Anderson's Bar,Miller,598.9497602557269,0.0,0.0
2023-10-24,Anderson's Bar,Miller,598.9497602557269,0.0,0.0
2023-10-25,Anderson's Bar,Miller,598.9497602557269,0.0,0.0
2023-10-26,Anderson's Bar,Miller,598.9497602557269,0.0,0.0
2023-10-27,Anderson's Bar,Miller,598.9497602557269,0.0,0.0
2023-10-28,Anderson's Bar,Miller,598.9497602557269,0.0,0.0
2023-10-29,Anderson's Bar,Miller,598.9497602557269,0.0,0.0
2023-10-30,Anderson's Bar,Miller,598.9497602557269,0.0,0.0
2023-10-31,Anderson's Bar,Miller,598.9497602557269,0.0,0.0
2023-11-01,Anderson's Bar,Miller,598.9497602557269,0.0,0.0
2023-11-02,Anderson's Bar,Miller,394.5997602557269,204.35,204.35000000000002
2023-11-03,Anderson's Bar,Miller,394.5997602557269,0.0,204.35000000000002
2023-11-04,Anderson's Bar,Miller,394.5997602557269,0.0,204.35000000000002
2023-11-05,Anderson's Bar,Miller,598.9497602557269,0.0,0.0
2023-11-06,Anderson's Bar,Miller,803.2997602557269,0.0,0.0
2023-11-07,Anderson's Bar,Miller,1007.649760255727,0.0,0.0
2023-11-08,Anderson's Bar,Miller,1007.649760255727,0.0,0.0
2023-11-09,Anderson's Bar,Miller,1007.649760255727,0.0,0.0
2023-11-10,Anderson's Bar,Miller,1007.649760255727,0.0,0.0
2023-11-11,Anderson's Bar,Miller,1007.649760255727,0.0,0.0
2023-11-12,Anderson's Bar,Miller,873.4597602557269,134.19,0.0
2023-11-13,Anderson's Bar,Miller,873.4597602557269,0.0,0.0
2023-11-14,Anderson's Bar,Miller,873.4597602557269,0.0,0.0
2023-11-15,Anderson's Bar,Miller,873.4597602557269,0.0,0.0
2023-11-16,Anderson's Bar,Miller,873.4597602557269,0.0,0.0
2023-11-17,Anderson's Bar,Miller,873.4597602557269,0.0,0.0
2023-11-18,Anderson's Bar,Miller,827.2297602557269,46.23,0.0
2023-11-19,Anderson's Bar,Miller,827.2297602557269,0.0,0.0
2023-11-20,Anderson's Bar,Miller,827.2297602557269,0.0,0.0
2023-11-21,Anderson's Bar,Miller,827.2297602557269,0.0,0.0
2023-11-22,Anderson's Bar,Miller,827.2297602557269,0.0,0.0
2023-11-23,Anderson's Bar,Miller,827.2297602557269,0.0,0.0
2023-11-24,Anderson's Bar,Miller,827.2297602557269,0.0,0.0
2023-11-25,Anderson's Bar,Miller,827.2297602557269,0.0,0.0
2023-11-26,Anderson's Bar,Miller,0.0,828.93,598.9497602557269
2023-11-27,Anderson's Bar,Miller,0.0,0.0,598.9497602557269
2023-11-28,Anderson's Bar,Miller,0.0,0.0,598.9497602557269
2023-11-29,Anderson's Bar,Miller,598.9497602557269,0.0,0.0
2023-11-30,Anderson's Bar,Miller,776.4695205114538,421.43,0.0
2023-12-01,Anderson's Bar,Miller,1375.4192807671807,0.0,0.0
2023-12-02,Anderson's Bar,Miller,1375.4192807671807,0.0,0.0
2023-12-03,Anderson's Bar,Miller,1375.4192807671807,0.0,0.0
2023-12-04,Anderson's Bar,Miller,1375.4192807671807,0.0,0.0
2023-12-05,Anderson's Bar,Miller,1375.4192807671807,0.0,0.0
2023-12-06,Anderson's Bar,Miller,1375.4192807671807,0.0,0.0
2023-12-07,Anderson's Bar,Miller,1375.4192807671807,0.0,0.0
2023-12-08,Anderson's Bar,Miller,1375.4192807671807,0.0,0.0
2023-12-09,Anderson's Bar,Miller,1375.4192807671807,0.0,0.0
2023-12-10,Anderson's Bar,Miller,1375.4192807671807,0.0,0.0
2023-12-11,Anderson's Bar,Miller,985.9892807671806,389.43,0.0
2023-12-12,Anderson's Bar,Miller,985.9892807671806,0.0,0.0
2023-12-13,Anderson's Bar,Miller,985.9892807671806,0.0,0.0
2023-12-14,Anderson's Bar,Miller,985.9892807671806,0.0,0.0
2023-12-15,Anderson's Bar,Miller,985.9892807671806,0.0,0.0
2023-12-16,Anderson's Bar,Miller,985.9892807671806,0.0,0.0
2023-12-17,Anderson's Bar,Miller,985.9892807671806,0.0,0.0
2023-12-18,Anderson's Bar,Miller,985.9892807671806,0.0,0.0
2023-12-19,Anderson's Bar,Miller,985.9892807671806,0.0,0.0
2023-12-20,Anderson's Bar,Miller,985.9892807671806,0.0,0.0
2023-12-21,Anderson's Bar,Miller,985.9892807671806,0.0,0.0
2023-12-22,Anderson's Bar,Miller,957.2692807671806,28.72,0.0
2023-12-23,Anderson's Bar,Miller,957.2692807671806,0.0,0.0
2023-12-24,Anderson's Bar,Miller,957.2692807671806,0.0,0.0
2023-12-25,Anderson's Bar,Miller,957.2692807671806,0.0,0.0
2023-12-26,Anderson's Bar,Miller,957.2692807671806,0.0,0.0
2023-12-27,Anderson's Bar,Miller,957.2692807671806,0.0,0.0
2023-12-28,Anderson's Bar,Miller,957.2692807671806,0.0,0.0
2023-12-29,Anderson's Bar,Miller,957.2692807671806,0.0,0.0
2023-12-30,Anderson's Bar,Miller,957.2692807671806,0.0,0.0
2023-12-31,Anderson's Bar,Miller,957.2692807671806,0.0,0.0
2024-01-01,Anderson's Bar,Miller,957.2692807671806,0.0,0.0
2023-10-23,Anderson's Bar,Smirnoff,334.1731922450261,282.41,282.41
2023-10-24,Anderson's Bar,Smirnoff,334.1731922450261,0.0,282.41
2023-10-25,Anderson's Bar,Smirnoff,334.1731922450261,0.0,282.41
2023-10-26,Anderson's Bar,Smirnoff,616.5831922450261,0.0,0.0
2023-10-27,Anderson's Bar,Smirnoff,898.9931922450262,0.0,0.0
2023-10-28,Anderson's Bar,Smirnoff,951.2631922450263,230.14,0.0
2023-10-29,Anderson's Bar,Smirnoff,951.2631922450263,0.0,0.0
2023-10-30,Anderson's Bar,Smirnoff,951.2631922450263,0.0,0.0
2023-10-31,Anderson's Bar,Smirnoff,951.2631922450263,0.0,0.0
2023-11-01,Anderson's Bar,Smirnoff,951.2631922450263,0.0,0.0
2023-11-02,Anderson's Bar,Smirnoff,951.2631922450263,0.0,0.0
2023-11-03,Anderson's Bar,Smirnoff,951.2631922450263,0.0,0.0
2023-11-04,Anderson's Bar,Smirnoff,379.21319224502633,572.05,237.36999999999978
2023-11-05,Anderson's Bar,Smirnoff,379.21319224502633,0.0,237.36999999999978
2023-11-06,Anderson's Bar,Smirnoff,379.21319224502633,0.0,237.36999999999978
2023-11-07,Anderson's Bar,Smirnoff,616.5831922450261,0.0,0.0
2023-11-08,Anderson's Bar,Smirnoff,853.9531922450259,0.0,0.0
2023-11-09,Anderson's Bar,Smirnoff,1091.3231922450257,0.0,0.0
2023-11-10,Anderson's Bar,Smirnoff,1091.3231922450257,0.0,0.0
2023-11-11,Anderson's Bar,Smirnoff,1091.3231922450257,0.0,0.0
2023-11-12,Anderson's Bar,Smirnoff,1091.3231922450257,0.0,0.0
2023-11-13,Anderson's Bar,Smirnoff,1091.3231922450257,0.0,0.0
2023-11-14,Anderson's Bar,Smirnoff,1091.3231922450257,0.0,0.0
2023-11-15,Anderson's Bar,Smirnoff,1091.3231922450257,0.0,0.0
2023-11-16,Anderson's Bar,Smirnoff,1091.3231922450257,0.0,0.0
2023-11-17,Anderson's Bar,Smirnoff,1091.3231922450257,0.0,0.0
2023-11-18,Anderson's Bar,Smirnoff,1091.3231922450257,0.0,0.0
2023-11-19,Anderson's Bar,Smirnoff,506.59319224502565,584.73,109.99000000000046
2023-11-20,Anderson's Bar,Smirnoff,288.16319224502564,218.43,328.42000000000047
2023-11-21,Anderson's Bar,Smirnoff,288.16319224502564,0.0,328.42000000000047
2023-11-22,Anderson's Bar,Smirnoff,398.1531922450261,0.0,218.43
2023-11-23,Anderson's Bar,Smirnoff,726.5731922450266,0.0,0.0
2023-11-24,Anderson's Bar,Smirnoff,1054.993192245027,0.0,0.0
2023-11-25,Anderson's Bar,Smirnoff,756.9531922450271,516.47,0.0
2023-11-26,Anderson's Bar,Smirnoff,756.9531922450271,0.0,0.0
2023-11-27,Anderson's Bar,Smirnoff,470.69319224502715,286.26,145.88999999999896
2023-11-28,Anderson's Bar,Smirnoff,470.69319224502715,0.0,145.88999999999896
2023-11-29,Anderson's Bar,Smirnoff,470.69319224502715,0.0,145.88999999999896
2023-11-30,Anderson's Bar,Smirnoff,165.30319224502614,451.28,451.28
2023-12-01,Anderson's Bar,Smirnoff,311.1931922450251,0.0,305.390000000001
2023-12-02,Anderson's Bar,Smirnoff,457.08319224502407,0.0,159.50000000000205
2023-12-03,Anderson's Bar,Smirnoff,908.363192245024,0.0,0.0
2023-12-04,Anderson's Bar,Smirnoff,1213.753192245025,0.0,0.0
2023-12-05,Anderson's Bar,Smirnoff,304.2231922450271,1069.03,312.359999999999
2023-12-06,Anderson's Bar,Smirnoff,304.2231922450271,0.0,312.359999999999
2023-12-07,Anderson's Bar,Smirnoff,304.2231922450271,0.0,312.359999999999
2023-12-08,Anderson's Bar,Smirnoff,215.2131922450261,401.37,401.37
2023-12-09,Anderson's Bar,Smirnoff,357.8231922450251,169.75,258.760000000001
2023-12-10,Anderson's Bar,Smirnoff,670.1831922450241,0.0,0.0
2023-12-11,Anderson's Bar,Smirnoff,1071.553192245024,0.0,0.0
2023-12-12,Anderson's Bar,Smirnoff,1330.3131922450252,0.0,0.0
2023-12-13,Anderson's Bar,Smirnoff,1330.3131922450252,0.0,0.0
2023-12-14,Anderson's Bar,Smirnoff,1330.3131922450252,0.0,0.0
2023-12-15,Anderson's Bar,Smirnoff,1330.3131922450252,0.0,0.0
2023-12-16,Anderson's Bar,Smirnoff,1330.3131922450252,0.0,0.0
2023-12-17,Anderson's Bar,Smirnoff,1330.3131922450252,0.0,0.0
2023-12-18,Anderson's Bar,Smirnoff,1330.3131922450252,0.0,0.0
2023-12-19,Anderson's Bar,Smirnoff,1330.3131922450252,0.0,0.0
2023-12-20,Anderson's Bar,Smirnoff,1330.3131922450252,0.0,0.0
2023-12-21,Anderson's Bar,Smirnoff,1330.3131922450252,0.0,0.0
2023-12-22,Anderson's Bar,Smirnoff,1330.3131922450252,0.0,0.0
2023-12-23,Anderson's Bar,Smirnoff,1063.6231922450252,266.69,0.0
2023-12-24,Anderson's Bar,Smirnoff,1063.6231922450252,0.0,0.0
2023-12-25,Anderson's Bar,Smirnoff,1063.6231922450252,0.0,0.0
2023-12-26,Anderson's Bar,Smirnoff,736.6931922450251,326.93,0.0
2023-12-27,Anderson's Bar,Smirnoff,736.6931922450251,0.0,0.0
2023-12-28,Anderson's Bar,Smirnoff,736.6931922450251,0.0,0.0
2023-12-29,Anderson's Bar,Smirnoff,736.6931922450251,0.0,0.0
2023-12-30,Anderson's Bar,Smirnoff,736.6931922450251,0.0,0.0
2023-12-31,Anderson's Bar,Smirnoff,736.6931922450251,0.0,0.0
2024-01-01,Anderson's Bar,Smirnoff,736.6931922450251,0.0,0.0
2023-10-23,Anderson's Bar,Sutter Home,657.2335810041421,0.0,0.0
2023-10-24,Anderson's Bar,Sutter Home,657.2335810041421,0.0,0.0
2023-10-25,Anderson's Bar,Sutter Home,657.2335810041421,0.0,0.0
2023-10-26,Anderson's Bar,Sutter Home,86.84358100414215,570.39,570.39
2023-10-27,Anderson's Bar,Sutter Home,86.84358100414215,0.0,570.39
2023-10-28,Anderson's Bar,Sutter Home,86.84358100414215,0.0,570.39
2023-10-29,Anderson's Bar,Sutter Home,657.2335810041421,0.0,0.0
2023-10-30,Anderson's Bar,Sutter Home,1227.6235810041421,0.0,0.0
2023-10-31,Anderson's Bar,Sutter Home,1291.453581004142,506.56,0.0
2023-11-01,Anderson's Bar,Sutter Home,739.633581004142,551.82,0.0
2023-11-02,Anderson's Bar,Sutter Home,739.633581004142,0.0,0.0
2023-11-03,Anderson's Bar,Sutter Home,739.633581004142,0.0,0.0
2023-11-04,Anderson's Bar,Sutter Home,739.633581004142,0.0,0.0
2023-11-05,Anderson's Bar,Sutter Home,739.633581004142,0.0,0.0
2023-11-06,Anderson's Bar,Sutter Home,739.633581004142,0.0,0.0
2023-11-07,Anderson's Bar,Sutter Home,739.633581004142,0.0,0.0
2023-11-08,Anderson's Bar,Sutter Home,739.633581004142,0.0,0.0
2023-11-09,Anderson's Bar,Sutter Home,156.04358100414197,583.59,501.19000000000017
2023-11-10,Anderson's Bar,Sutter Home,0.0,521.1,657.2335810041421
2023-11-11,Anderson's Bar,Sutter Home,0.0,0.0,657.2335810041421
2023-11-12,Anderson's Bar,Sutter Home,501.19000000000017,0.0,156.04358100414197
2023-11-13,Anderson's Bar,Sutter Home,846.7835810041423,311.64,0.0
2023-11-14,Anderson's Bar,Sutter Home,1504.0171620082845,0.0,0.0
2023-11-15,Anderson's Bar,Sutter Home,1660.0607430124264,0.0,0.0
2023-11-16,Anderson's Bar,Sutter Home,1660.0607430124264,0.0,0.0
2023-11-17,Anderson's Bar,Sutter Home,1660.0607430124264,0.0,0.0
2023-11-18,Anderson's Bar,Sutter Home,1660.0607430124264,0.0,0.0
2023-11-19,Anderson's Bar,Sutter Home,1660.0607430124264,0.0,0.0
2023-11-20,Anderson's Bar,Sutter Home,1660.0607430124264,0.0,0.0
2023-11-21,Anderson's Bar,Sutter Home,1660.0607430124264,0.0,0.0
2023-11-22,Anderson's Bar,Sutter Home,1660.0607430124264,0.0,0.0
2023-11-23,Anderson's Bar,Sutter Home,1660.0607430124264,0.0,0.0
2023-11-24,Anderson's Bar,Sutter Home,1660.0607430124264,0.0,0.0
2023-11-25,Anderson's Bar,Sutter Home,1660.0607430124264,0.0,0.0
2023-11-26,Anderson's Bar,Sutter Home,1660.0607430124264,0.0,0.0
2023-11-27,Anderson's Bar,Sutter Home,1109.0907430124264,550.97,0.0
2023-11-28,Anderson's Bar,Sutter Home,1109.0907430124264,0.0,0.0
2023-11-29,Anderson's Bar,Sutter Home,1109.0907430124264,0.0,0.0
2023-11-30,Anderson's Bar,Sutter Home,1109.0907430124264,0.0,0.0
2023-12-01,Anderson's Bar,Sutter Home,1109.0907430124264,0.0,0.0
2023-12-02,Anderson's Bar,Sutter Home,1109.0907430124264,0.0,0.0
2023-12-03,Anderson's Bar,Sutter Home,1109.0907430124264,0.0,0.0
2023-12-04,Anderson's Bar,Sutter Home,1109.0907430124264,0.0,0.0
2023-12-05,Anderson's Bar,Sutter Home,1109.0907430124264,0.0,0.0
2023-12-06,Anderson's Bar,Sutter Home,1109.0907430124264,0.0,0.0
2023-12-07,Anderson's Bar,Sutter Home,1109.0907430124264,0.0,0.0
2023-12-08,Anderson's Bar,Sutter Home,1109.0907430124264,0.0,0.0
2023-12-09,Anderson's Bar,Sutter Home,1109.0907430124264,0.0,0.0
2023-12-10,Anderson's Bar,Sutter Home,1109.0907430124264,0.0,0.0
2023-12-11,Anderson's Bar,Sutter Home,1109.0907430124264,0.0,0.0
2023-12-12,Anderson's Bar,Sutter Home,1109.0907430124264,0.0,0.0
2023-12-13,Anderson's Bar,Sutter Home,1109.0907430124264,0.0,0.0
2023-12-14,Anderson's Bar,Sutter Home,1109.0907430124264,0.0,0.0
2023-12-15,Anderson's Bar,Sutter Home,1109.0907430124264,0.0,0.0
2023-12-16,Anderson's Bar,Sutter Home,640.3407430124264,468.75,16.892837991715737
2023-12-17,Anderson's Bar,Sutter Home,640.3407430124264,0.0,16.892837991715737
2023-12-18,Anderson's Bar,Sutter Home,640.3407430124264,0.0,16.892837991715737
2023-12-19,Anderson's Bar,Sutter Home,657.2335810041421,0.0,0.0
2023-12-20,Anderson's Bar,Sutter Home,674.1264189958579,0.0,0.0
2023-12-21,Anderson's Bar,Sutter Home,691.0192569875736,0.0,0.0
2023-12-22,Anderson's Bar,Sutter Home,691.0192569875736,0.0,0.0
2023-12-23,Anderson's Bar,Sutter Home,691.0192569875736,0.0,0.0
2023-12-24,Anderson's Bar,Sutter Home,691.0192569875736,0.0,0.0
2023-12-25,Anderson's Bar,Sutter Home,691.0192569875736,0.0,0.0
2023-12-26,Anderson's Bar,Sutter Home,139.92925698757358,551.09,517.3043240165686
2023-12-27,Anderson's Bar,Sutter Home,139.92925698757358,0.0,517.3043240165686
2023-12-28,Anderson's Bar,Sutter Home,139.92925698757358,0.0,517.3043240165686
2023-12-29,Anderson's Bar,Sutter Home,657.2335810041421,0.0,0.0
2023-12-30,Anderson's Bar,Sutter Home,1174.5379050207107,0.0,0.0
2023-12-31,Anderson's Bar,Sutter Home,1691.8422290372791,0.0,0.0
2024-01-01,Anderson's Bar,Sutter Home,1691.8422290372791,0.0,0.0
2023-10-23,Anderson's Bar,Yellow Tail,572.2856293756053,0.0,0.0
2023-10-24,Anderson's Bar,Yellow Tail,572.2856293756053,0.0,0.0
2023-10-25,Anderson's Bar,Yellow Tail,572.2856293756053,0.0,0.0
2023-10-26,Anderson's Bar,Yellow Tail,572.2856293756053,0.0,0.0
2023-10-27,Anderson's Bar,Yellow Tail,572.2856293756053,0.0,0.0
2023-10-28,Anderson's Bar,Yellow Tail,572.2856293756053,0.0,0.0
2023-10-29,Anderson's Bar,Yellow Tail,572.2856293756053,0.0,0.0
2023-10-30,Anderson's Bar,Yellow Tail,572.2856293756053,0.0,0.0
2023-10-31,Anderson's Bar,Yellow Tail,572.2856293756053,0.0,0.0
2023-11-01,Anderson's Bar,Yellow Tail,572.2856293756053,0.0,0.0
2023-11-02,Anderson's Bar,Yellow Tail,572.2856293756053,0.0,0.0
2023-11-03,Anderson's Bar,Yellow Tail,572.2856293756053,0.0,0.0
2023-11-04,Anderson's Bar,Yellow Tail,572.2856293756053,0.0,0.0
2023-11-05,Anderson's Bar,Yellow Tail,572.2856293756053,0.0,0.0
2023-11-06,Anderson's Bar,Yellow Tail,359.8856293756053,212.4,212.39999999999998
2023-11-07,Anderson's Bar,Yellow Tail,359.8856293756053,0.0,212.39999999999998
2023-11-08,Anderson's Bar,Yellow Tail,359.8856293756053,0.0,212.39999999999998
2023-11-09,Anderson's Bar,Yellow Tail,572.2856293756053,0.0,0.0
2023-11-10,Anderson's Bar,Yellow Tail,784.6856293756052,0.0,0.0
2023-11-11,Anderson's Bar,Yellow Tail,997.0856293756052,0.0,0.0
2023-11-12,Anderson's Bar,Yellow Tail,997.0856293756052,0.0,0.0
2023-11-13,Anderson's Bar,Yellow Tail,997.0856293756052,0.0,0.0
2023-11-14,Anderson's Bar,Yellow Tail,997.0856293756052,0.0,0.0
2023-11-15,Anderson's Bar,Yellow Tail,997.0856293756052,0.0,0.0
2023-11-16,Anderson's Bar,Yellow Tail,997.0856293756052,0.0,0.0
2023-11-17,Anderson's Bar,Yellow Tail,997.0856293756052,0.0,0.0
2023-11-18,Anderson's Bar,Yellow Tail,997.0856293756052,0.0,0.0
2023-11-19,Anderson's Bar,Yellow Tail,997.0856293756052,0.0,0.0
2023-11-20,Anderson's Bar,Yellow Tail,839.8956293756053,157.19,0.0
2023-11-21,Anderson's Bar,Yellow Tail,839.8956293756053,0.0,0.0
2023-11-22,Anderson's Bar,Yellow Tail,616.2156293756052,223.68,0.0
2023-11-23,Anderson's Bar,Yellow Tail,616.2156293756052,0.0,0.0
2023-11-24,Anderson's Bar,Yellow Tail,72.5956293756052,543.62,499.69000000000005
2023-11-25,Anderson's Bar,Yellow Tail,72.5956293756052,0.0,499.69000000000005
2023-11-26,Anderson's Bar,Yellow Tail,72.5956293756052,0.0,499.69000000000005
2023-11-27,Anderson's Bar,Yellow Tail,572.2856293756053,0.0,0.0
2023-11-28,Anderson's Bar,Yellow Tail,672.3556293756054,399.62,0.0
2023-11-29,Anderson's Bar,Yellow Tail,1005.1956293756056,166.85,0.0
2023-11-30,Anderson's Bar,Yellow Tail,1005.1956293756056,0.0,0.0
2023-12-01,Anderson's Bar,Yellow Tail,430.58562937560555,574.61,141.6999999999997
2023-12-02,Anderson's Bar,Yellow Tail,430.58562937560555,0.0,141.6999999999997
2023-12-03,Anderson's Bar,Yellow Tail,430.58562937560555,0.0,141.6999999999997
2023-12-04,Anderson's Bar,Yellow Tail,0.0,578.59,572.2856293756053
2023-12-05,Anderson's Bar,Yellow Tail,141.6999999999997,0.0,430.58562937560555
2023-12-06,Anderson's Bar,Yellow Tail,283.3999999999994,0.0,288.88562937560584
2023-12-07,Anderson's Bar,Yellow Tail,855.6856293756047,0.0,0.0
2023-12-08,Anderson's Bar,Yellow Tail,1286.27125875121,0.0,0.0
2023-12-09,Anderson's Bar,Yellow Tail,1575.1568881268158,0.0,0.0
2023-12-10,Anderson's Bar,Yellow Tail,1575.1568881268158,0.0,0.0
2023-12-11,Anderson's Bar,Yellow Tail,1305.1968881268158,269.96,0.0
2023-12-12,Anderson's Bar,Yellow Tail,1305.1968881268158,0.0,0.0
2023-12-13,Anderson's Bar,Yellow Tail,1305.1968881268158,0.0,0.0
2023-12-14,Anderson's Bar,Yellow Tail,1122.2868881268157,182.91,0.0
2023-12-15,Anderson's Bar,Yellow Tail,949.2968881268157,172.99,0.0
2023-12-16,Anderson's Bar,Yellow Tail,949.2968881268157,0.0,0.0
2023-12-17,Anderson's Bar,Yellow Tail,497.6368881268157,451.66,74.64874124878958
2023-12-18,Anderson's Bar,Yellow Tail,497.6368881268157,0.0,74.64874124878958
2023-12-19,Anderson's Bar,Yellow Tail,497.6368881268157,0.0,74.64874124878958
2023-12-20,Anderson's Bar,Yellow Tail,572.2856293756053,0.0,0.0
2023-12-21,Anderson's Bar,Yellow Tail,403.7943706243949,243.14,168.49125875121035
2023-12-22,Anderson's Bar,Yellow Tail,478.4431118731845,0.0,93.84251750242078
2023-12-23,Anderson's Bar,Yellow Tail,478.4431118731845,0.0,93.84251750242078
2023-12-24,Anderson's Bar,Yellow Tail,646.9343706243949,0.0,0.0
2023-12-25,Anderson's Bar,Yellow Tail,740.7768881268157,0.0,0.0
2023-12-26,Anderson's Bar,Yellow Tail,834.6194056292366,0.0,0.0
2023-12-27,Anderson's Bar,Yellow Tail,834.6194056292366,0.0,0.0
2023-12-28,Anderson's Bar,Yellow Tail,834.6194056292366,0.0,0.0
2023-12-29,Anderson's Bar,Yellow Tail,834.6194056292366,0.0,0.0
2023-12-30,Anderson's Bar,Yellow Tail,834.6194056292366,0.0,0.0
2023-12-31,Anderson's Bar,Yellow Tail,705.2094056292366,129.41,0.0
2024-01-01,Anderson's Bar,Yellow Tail,705.2094056292366,0.0,0.0
2023-10-23,Brown's Bar,Absolut,545.1084164372312,0.0,0.0
2023-10-24,Brown's Bar,Absolut,7.93841643723124,537.17,537.17
2023-10-25,Brown's Bar,Absolut,7.93841643723124,0.0,537.17
2023-10-26,Brown's Bar,Absolut,7.93841643723124,0.0,537.17
2023-10-27,Brown's Bar,Absolut,545.1084164372312,0.0,0.0
2023-10-28,Brown's Bar,Absolut,1082.278416437231,0.0,0.0
2023-10-29,Brown's Bar,Absolut,1619.4484164372311,0.0,0.0
2023-10-30,Brown's Bar,Absolut,1619.4484164372311,0.0,0.0
2023-10-31,Brown's Bar,Absolut,1270.998416437231,348.45,0.0
2023-11-01,Brown's Bar,Absolut,1270.998416437231,0.0,0.0
2023-11-02,Brown's Bar,Absolut,963.8784164372311,307.12,0.0
2023-11-03,Brown's Bar,Absolut,963.8784164372311,0.0,0.0
2023-11-04,Brown's Bar,Absolut,963.8784164372311,0.0,0.0
2023-11-05,Brown's Bar,Absolut,963.8784164372311,0.0,0.0
2023-11-06,Brown's Bar,Absolut,963.8784164372311,0.0,0.0
2023-11-07,Brown's Bar,Absolut,963.8784164372311,0.0,0.0
2023-11-08,Brown's Bar,Absolut,963.8784164372311,0.0,0.0
2023-11-09,Brown's Bar,Absolut,963.8784164372311,0.0,0.0
2023-11-10,Brown's Bar,Absolut,963.8784164372311,0.0,0.0
2023-11-11,Brown's Bar,Absolut,963.8784164372311,0.0,0.0
2023-11-12,Brown's Bar,Absolut,963.8784164372311,0.0,0.0
2023-11-13,Brown's Bar,Absolut,963.8784164372311,0.0,0.0
2023-11-14,Brown's Bar,Absolut,963.8784164372311,0.0,0.0
2023-11-15,Brown's Bar,Absolut,963.8784164372311,0.0,0.0
2023-11-16,Brown's Bar,Absolut,675.9884164372311,287.89,0.0
2023-11-17,Brown's Bar,Absolut,675.9884164372311,0.0,0.0
2023-11-18,Brown's Bar,Absolut,675.9884164372311,0.0,0.0
2023-11-19,Brown's Bar,Absolut,675.9884164372311,0.0,0.0
2023-11-20,Brown's Bar,Absolut,675.9884164372311,0.0,0.0
2023-11-21,Brown's Bar,Absolut,572.528416437231,103.46,0.0
2023-11-22,Brown's Bar,Absolut,572.528416437231,0.0,0.0
2023-11-23,Brown's Bar,Absolut,572.528416437231,0.0,0.0
2023-11-24,Brown's Bar,Absolut,572.528416437231,0.0,0.0
2023-11-25,Brown's Bar,Absolut,572.528416437231,0.0,0.0
2023-11-26,Brown's Bar,Absolut,572.528416437231,0.0,0.0
2023-11-27,Brown's Bar,Absolut,572.528416437231,0.0,0.0
2023-11-28,Brown's Bar,Absolut,572.528416437231,0.0,0.0
2023-11-29,Brown's Bar,Absolut,572.528416437231,0.0,0.0
2023-11-30,Brown's Bar,Absolut,572.528416437231,0.0,0.0
2023-12-01,Brown's Bar,Absolut,572.528416437231,0.0,0.0
2023-12-02,Brown's Bar,Absolut,572.528416437231,0.0,0.0
2023-12-03,Brown's Bar,Absolut,572.528416437231,0.0,0.0
2023-12-04,Brown's Bar,Absolut,284.178416437231,288.35,260.9300000000002
2023-12-05,Brown's Bar,Absolut,284.178416437231,0.0,260.9300000000002
2023-12-06,Brown's Bar,Absolut,284.178416437231,0.0,260.9300000000002
2023-12-07,Brown's Bar,Absolut,545.1084164372312,0.0,0.0
2023-12-08,Brown's Bar,Absolut,806.0384164372314,0.0,0.0
2023-12-09,Brown's Bar,Absolut,1066.9684164372316,0.0,0.0
2023-12-10,Brown's Bar,Absolut,1066.9684164372316,0.0,0.0
2023-12-11,Brown's Bar,Absolut,1066.9684164372316,0.0,0.0
2023-12-12,Brown's Bar,Absolut,1066.9684164372316,0.0,0.0
2023-12-13,Brown's Bar,Absolut,1066.9684164372316,0.0,0.0
2023-12-14,Brown's Bar,Absolut,1066.9684164372316,0.0,0.0
2023-12-15,Brown's Bar,Absolut,851.2384164372315,215.73,0.0
2023-12-16,Brown's Bar,Absolut,851.2384164372315,0.0,0.0
2023-12-17,Brown's Bar,Absolut,851.2384164372315,0.0,0.0
2023-12-18,Brown's Bar,Absolut,851.2384164372315,0.0,0.0
2023-12-19,Brown's Bar,Absolut,606.2184164372316,245.02,0.0
2023-12-20,Brown's Bar,Absolut,606.2184164372316,0.0,0.0
2023-12-21,Brown's Bar,Absolut,606.2184164372316,0.0,0.0
2023-12-22,Brown's Bar,Absolut,284.88841643723157,321.33,260.21999999999963
2023-12-23,Brown's Bar,Absolut,284.88841643723157,0.0,260.21999999999963
2023-12-24,Brown's Bar,Absolut,284.88841643723157,0.0,260.21999999999963
2023-12-25,Brown's Bar,Absolut,545.1084164372312,0.0,0.0
2023-12-26,Brown's Bar,Absolut,805.3284164372308,0.0,0.0
2023-12-27,Brown's Bar,Absolut,905.3384164372303,160.21,0.0
2023-12-28,Brown's Bar,Absolut,905.3384164372303,0.0,0.0
2023-12-29,Brown's Bar,Absolut,905.3384164372303,0.0,0.0
2023-12-30,Brown's Bar,Absolut,905.3384164372303,0.0,0.0
2023-12-31,Brown's Bar,Absolut,905.3384164372303,0.0,0.0
2024-01-01,Brown's Bar,Absolut,905.3384164372303,0.0,0.0
2023-10-23,Brown's Bar,Bacardi,611.5776516721376,0.0,0.0
2023-10-24,Brown's Bar,Bacardi,611.5776516721376,0.0,0.0
2023-10-25,Brown's Bar,Bacardi,330.69765167213757,280.88,280.88
2023-10-26,Brown's Bar,Bacardi,330.69765167213757,0.0,280.88
2023-10-27,Brown's Bar,Bacardi,330.69765167213757,0.0,280.88
2023-10-28,Brown's Bar,Bacardi,611.5776516721376,0.0,0.0
2023-10-29,Brown's Bar,Bacardi,630.8076516721376,261.65,0.0
2023-10-30,Brown's Bar,Bacardi,911.6876516721376,0.0,0.0
2023-10-31,Brown's Bar,Bacardi,911.6876516721376,0.0,0.0
2023-11-01,Brown's Bar,Bacardi,911.6876516721376,0.0,0.0
2023-11-02,Brown's Bar,Bacardi,911.6876516721376,0.0,0.0
2023-11-03,Brown's Bar,Bacardi,911.6876516721376,0.0,0.0
2023-11-04,Brown's Bar,Bacardi,911.6876516721376,0.0,0.0
2023-11-05,Brown's Bar,Bacardi,911.6876516721376,0.0,0.0
2023-11-06,Brown's Bar,Bacardi,911.6876516721376,0.0,0.0
2023-11-07,Brown's Bar,Bacardi,911.6876516721376,0.0,0.0
2023-11-08,Brown's Bar,Bacardi,911.6876516721376,0.0,0.0
2023-11-09,Brown's Bar,Bacardi,911.6876516721376,0.0,0.0
2023-11-10,Brown's Bar,Bacardi,911.6876516721376,0.0,0.0
2023-11-11,Brown's Bar,Bacardi,748.9576516721376,162.73,0.0
2023-11-12,Brown's Bar,Bacardi,605.0276516721376,143.93,6.5499999999999545
2023-11-13,Brown's Bar,Bacardi,605.0276516721376,0.0,6.5499999999999545
2023-11-14,Brown's Bar,Bacardi,295.6376516721376,309.39,315.93999999999994
2023-11-15,Brown's Bar,Bacardi,302.1876516721376,0.0,309.39
2023-11-16,Brown's Bar,Bacardi,308.73765167213753,0.0,302.84000000000003
2023-11-17,Brown's Bar,Bacardi,624.6776516721375,0.0,0.0
2023-11-18,Brown's Bar,Bacardi,934.0676516721375,0.0,0.0
2023-11-19,Brown's Bar,Bacardi,1236.9076516721375,0.0,0.0
2023-11-20,Brown's Bar,Bacardi,1236.9076516721375,0.0,0.0
2023-11-21,Brown's Bar,Bacardi,1236.9076516721375,0.0,0.0
2023-11-22,Brown's Bar,Bacardi,1236.9076516721375,0.0,0.0
2023-11-23,Brown's Bar,Bacardi,1236.9076516721375,0.0,0.0
2023-11-24,Brown's Bar,Bacardi,1236.9076516721375,0.0,0.0
2023-11-25,Brown's Bar,Bacardi,1236.9076516721375,0.0,0.0
2023-11-26,Brown's Bar,Bacardi,823.4476516721375,413.46,0.0
2023-11-27,Brown's Bar,Bacardi,823.4476516721375,0.0,0.0
2023-11-28,Brown's Bar,Bacardi,823.4476516721375,0.0,0.0
2023-11-29,Brown's Bar,Bacardi,823.4476516721375,0.0,0.0
2023-11-30,Brown's Bar,Bacardi,823.4476516721375,0.0,0.0
2023-12-01,Brown's Bar,Bacardi,823.4476516721375,0.0,0.0
2023-12-02,Brown's Bar,Bacardi,823.4476516721375,0.0,0.0
2023-12-03,Brown's Bar,Bacardi,611.2276516721374,212.22,0.3500000000001364
2023-12-04,Brown's Bar,Bacardi,142.21765167213744,469.01,469.3600000000001
2023-12-05,Brown's Bar,Bacardi,0.0,432.06,611.5776516721376
2023-12-06,Brown's Bar,Bacardi,0.3500000000001364,0.0,611.2276516721374
2023-12-07,Brown's Bar,Bacardi,469.71000000000026,0.0,141.8676516721373
2023-12-08,Brown's Bar,Bacardi,677.5376516721378,403.75,0.0
2023-12-09,Brown's Bar,Bacardi,1288.7653033442753,0.0,0.0
2023-12-10,Brown's Bar,Bacardi,1430.6329550164126,0.0,0.0
2023-12-11,Brown's Bar,Bacardi,1430.6329550164126,0.0,0.0
2023-12-12,Brown's Bar,Bacardi,1430.6329550164126,0.0,0.0
2023-12-13,Brown's Bar,Bacardi,1430.6329550164126,0.0,0.0
2023-12-14,Brown's Bar,Bacardi,1430.6329550164126,0.0,0.0
2023-12-15,Brown's Bar,Bacardi,1191.2729550164127,239.36,0.0
2023-12-16,Brown's Bar,Bacardi,1191.2729550164127,0.0,0.0
2023-12-17,Brown's Bar,Bacardi,1191.2729550164127,0.0,0.0
2023-12-18,Brown's Bar,Bacardi,1191.2729550164127,0.0,0.0
2023-12-19,Brown's Bar,Bacardi,833.7329550164127,357.54,0.0
2023-12-20,Brown's Bar,Bacardi,833.7329550164127,0.0,0.0
2023-12-21,Brown's Bar,Bacardi,833.7329550164127,0.0,0.0
2023-12-22,Brown's Bar,Bacardi,833.7329550164127,0.0,0.0
2023-12-23,Brown's Bar,Bacardi,666.8529550164127,166.88,0.0
2023-12-24,Brown's Bar,Bacardi,666.8529550164127,0.0,0.0
2023-12-25,Brown's Bar,Bacardi,666.8529550164127,0.0,0.0
2023-12-26,Brown's Bar,Bacardi,666.8529550164127,0.0,0.0
2023-12-27,Brown's Bar,Bacardi,312.8929550164127,353.96,298.68469665572485
2023-12-28,Brown's Bar,Bacardi,46.172955016412686,266.72,565.4046966557248
2023-12-29,Brown's Bar,Bacardi,46.172955016412686,0.0,565.4046966557248
2023-12-30,Brown's Bar,Bacardi,344.85765167213754,0.0,266.72
2023-12-31,Brown's Bar,Bacardi,910.2623483278624,0.0,0.0
2024-01-01,Brown's Bar,Bacardi,1475.6670449835872,0.0,0.0
2023-10-23,Brown's Bar,Barefoot,531.2546869490864,0.0,0.0
2023-10-24,Brown's Bar,Barefoot,531.2546869490864,0.0,0.0
2023-10-25,Brown's Bar,Barefoot,531.2546869490864,0.0,0.0
2023-10-26,Brown's Bar,Barefoot,531.2546869490864,0.0,0.0
2023-10-27,Brown's Bar,Barefoot,531.2546869490864,0.0,0.0
2023-10-28,Brown's Bar,Barefoot,531.2546869490864,0.0,0.0
2023-10-29,Brown's Bar,Barefoot,531.2546869490864,0.0,0.0
2023-10-30,Brown's Bar,Barefoot,531.2546869490864,0.0,0.0
2023-10-31,Brown's Bar,Barefoot,531.2546869490864,0.0,0.0
2023-11-01,Brown's Bar,Barefoot,531.2546869490864,0.0,0.0
2023-11-02,Brown's Bar,Barefoot,531.2546869490864,0.0,0.0
2023-11-03,Brown's Bar,Barefoot,531.2546869490864,0.0,0.0
2023-11-04,Brown's Bar,Barefoot,531.2546869490864,0.0,0.0
2023-11-05,Brown's Bar,Barefoot,531.2546869490864,0.0,0.0
2023-11-06,Brown's Bar,Barefoot,531.2546869490864,0.0,0.0
2023-11-07,Brown's Bar,Barefoot,531.2546869490864,0.0,0.0
2023-11-08,Brown's Bar,Barefoot,364.13468694908636,167.12,167.12
2023-11-09,Brown's Bar,Barefoot,364.13468694908636,0.0,167.12
2023-11-10,Brown's Bar,Barefoot,364.13468694908636,0.0,167.12
2023-11-11,Brown's Bar,Barefoot,25.564686949086365,505.69,505.69
2023-11-12,Brown's Bar,Barefoot,192.68468694908637,0.0,338.57
2023-11-13,Brown's Bar,Barefoot,359.8046869490864,0.0,171.45
2023-11-14,Brown's Bar,Barefoot,865.4946869490864,0.0,0.0
2023-11-15,Brown's Bar,Barefoot,1204.0646869490863,0.0,0.0
2023-11-16,Brown's Bar,Barefoot,825.7546869490864,549.76,0.0
2023-11-17,Brown's Bar,Barefoot,825.7546869490864,0.0,0.0
2023-11-18,Brown's Bar,Barefoot,456.21468694908634,369.54,75.04000000000002
2023-11-19,Brown's Bar,Barefoot,456.21468694908634,0.0,75.04000000000002
2023-11-20,Brown's Bar,Barefoot,456.21468694908634,0.0,75.04000000000002
2023-11-21,Brown's Bar,Barefoot,531.2546869490864,0.0,0.0
2023-11-22,Brown's Bar,Barefoot,606.2946869490863,0.0,0.0
2023-11-23,Brown's Bar,Barefoot,681.3346869490863,0.0,0.0
2023-11-24,Brown's Bar,Barefoot,681.3346869490863,0.0,0.0
2023-11-25,Brown's Bar,Barefoot,681.3346869490863,0.0,0.0
2023-11-26,Brown's Bar,Barefoot,681.3346869490863,0.0,0.0
2023-11-27,Brown's Bar,Barefoot,681.3346869490863,0.0,0.0
2023-11-28,Brown's Bar,Barefoot,681.3346869490863,0.0,0.0
2023-11-29,Brown's Bar,Barefoot,681.3346869490863,0.0,0.0
2023-11-30,Brown's Bar,Barefoot,681.3346869490863,0.0,0.0
2023-12-01,Brown's Bar,Barefoot,681.3346869490863,0.0,0.0
2023-12-02,Brown's Bar,Barefoot,681.3346869490863,0.0,0.0
2023-12-03,Brown's Bar,Barefoot,681.3346869490863,0.0,0.0
2023-12-04,Brown's Bar,Barefoot,681.3346869490863,0.0,0.0
2023-12-05,Brown's Bar,Barefoot,681.3346869490863,0.0,0.0
2023-12-06,Brown's Bar,Barefoot,681.3346869490863,0.0,0.0
2023-12-07,Brown's Bar,Barefoot,681.3346869490863,0.0,0.0
2023-12-08,Brown's Bar,Barefoot,300.0646869490863,381.27,231.19000000000005
2023-12-09,Brown's Bar,Barefoot,0.0,418.8,531.2546869490864
2023-12-10,Brown's Bar,Barefoot,0.0,0.0,531.2546869490864
2023-12-11,Brown's Bar,Barefoot,231.19000000000005,0.0,300.0646869490863
2023-12-12,Brown's Bar,Barefoot,762.4446869490864,0.0,0.0
2023-12-13,Brown's Bar,Barefoot,1293.6993738981728,0.0,0.0
2023-12-14,Brown's Bar,Barefoot,1593.764060847259,0.0,0.0
2023-12-15,Brown's Bar,Barefoot,1593.764060847259,0.0,0.0
2023-12-16,Brown's Bar,Barefoot,888.7140608472591,705.05,0.0
2023-12-17,Brown's Bar,Barefoot,888.7140608472591,0.0,0.0
2023-12-18,Brown's Bar,Barefoot,888.7140608472591,0.0,0.0
2023-12-19,Brown's Bar,Barefoot,787.9740608472591,100.74,0.0
2023-12-20,Brown's Bar,Barefoot,787.9740608472591,0.0,0.0
2023-12-21,Brown's Bar,Barefoot,787.9740608472591,0.0,0.0
2023-12-22,Brown's Bar,Barefoot,678.7740608472591,109.2,0.0
2023-12-23,Brown's Bar,Barefoot,678.7740608472591,0.0,0.0
2023-12-24,Brown's Bar,Barefoot,355.72406084725907,323.05,175.5306261018273
2023-12-25,Brown's Bar,Barefoot,355.72406084725907,0.0,175.5306261018273
2023-12-26,Brown's Bar,Barefoot,355.72406084725907,0.0,175.5306261018273
2023-12-27,Brown's Bar,Barefoot,531.2546869490864,0.0,0.0
2023-12-28,Brown's Bar,Barefoot,706.7853130509136,0.0,0.0
2023-12-29,Brown's Bar,Barefoot,882.3159391527408,0.0,0.0
2023-12-30,Brown's Bar,Barefoot,882.3159391527408,0.0,0.0
2023-12-31,Brown's Bar,Barefoot,594.7859391527409,287.53,0.0
2024-01-01,Brown's Bar,Barefoot,439.17593915274085,155.61,92.07874779634551
2023-10-23,Brown's Bar,Budweiser,523.4530622102237,0.0,0.0
2023-10-24,Brown's Bar,Budweiser,523.4530622102237,0.0,0.0
2023-10-25,Brown's Bar,Budweiser,523.4530622102237,0.0,0.0
2023-10-26,Brown's Bar,Budweiser,523.4530622102237,0.0,0.0
2023-10-27,Brown's Bar,Budweiser,523.4530622102237,0.0,0.0
2023-10-28,Brown's Bar,Budweiser,523.4530622102237,0.0,0.0
2023-10-29,Brown's Bar,Budweiser,523.4530622102237,0.0,0.0
2023-10-30,Brown's Bar,Budweiser,523.4530622102237,0.0,0.0
2023-10-31,Brown's Bar,Budweiser,523.4530622102237,0.0,0.0
2023-11-01,Brown's Bar,Budweiser,523.4530622102237,0.0,0.0
2023-11-02,Brown's Bar,Budweiser,29.263062210223723,494.19,494.19
2023-11-03,Brown's Bar,Budweiser,29.263062210223723,0.0,494.19
2023-11-04,Brown's Bar,Budweiser,29.263062210223723,0.0,494.19
2023-11-05,Brown's Bar,Budweiser,523.4530622102237,0.0,0.0
2023-11-06,Brown's Bar,Budweiser,1017.6430622102237,0.0,0.0
2023-11-07,Brown's Bar,Budweiser,1511.8330622102237,0.0,0.0
2023-11-08,Brown's Bar,Budweiser,1511.8330622102237,0.0,0.0
2023-11-09,Brown's Bar,Budweiser,1511.8330622102237,0.0,0.0
2023-11-10,Brown's Bar,Budweiser,1511.8330622102237,0.0,0.0
2023-11-11,Brown's Bar,Budweiser,1511.8330622102237,0.0,0.0
2023-11-12,Brown's Bar,Budweiser,1511.8330622102237,0.0,0.0
2023-11-13,Brown's Bar,Budweiser,1511.8330622102237,0.0,0.0
2023-11-14,Brown's Bar,Budweiser,1511.8330622102237,0.0,0.0
2023-11-15,Brown's Bar,Budweiser,1511.8330622102237,0.0,0.0
2023-11-16,Brown's Bar,Budweiser,1511.8330622102237,0.0,0.0
2023-11-17,Brown's Bar,Budweiser,1511.8330622102237,0.0,0.0
2023-11-18,Brown's Bar,Budweiser,1511.8330622102237,0.0,0.0
2023-11-19,Brown's Bar,Budweiser,1511.8330622102237,0.0,0.0
2023-11-20,Brown's Bar,Budweiser,1511.8330622102237,0.0,0.0
2023-11-21,Brown's Bar,Budweiser,1511.8330622102237,0.0,0.0
2023-11-22,Brown's Bar,Budweiser,1511.8330622102237,0.0,0.0
2023-11-23,Brown's Bar,Budweiser,1511.8330622102237,0.0,0.0
2023-11-24,Brown's Bar,Budweiser,1360.5430622102238,151.29,0.0
2023-11-25,Brown's Bar,Budweiser,1224.6730622102236,135.87,0.0
2023-11-26,Brown's Bar,Budweiser,1224.6730622102236,0.0,0.0
2023-11-27,Brown's Bar,Budweiser,625.7830622102236,598.89,0.0
2023-11-28,Brown's Bar,Budweiser,625.7830622102236,0.0,0.0
2023-11-29,Brown's Bar,Budweiser,625.7830622102236,0.0,0.0
2023-11-30,Brown's Bar,Budweiser,625.7830622102236,0.0,0.0
2023-12-01,Brown's Bar,Budweiser,81.41306221022364,544.37,442.0400000000001
2023-12-02,Brown's Bar,Budweiser,81.41306221022364,0.0,442.0400000000001
2023-12-03,Brown's Bar,Budweiser,81.41306221022364,0.0,442.0400000000001
2023-12-04,Brown's Bar,Budweiser,523.4530622102237,0.0,0.0
2023-12-05,Brown's Bar,Budweiser,800.9030622102238,164.59,0.0
2023-12-06,Brown's Bar,Budweiser,1242.9430622102238,0.0,0.0
2023-12-07,Brown's Bar,Budweiser,1242.9430622102238,0.0,0.0
2023-12-08,Brown's Bar,Budweiser,1242.9430622102238,0.0,0.0
2023-12-09,Brown's Bar,Budweiser,1242.9430622102238,0.0,0.0
2023-12-10,Brown's Bar,Budweiser,1242.9430622102238,0.0,0.0
2023-12-11,Brown's Bar,Budweiser,1242.9430622102238,0.0,0.0
2023-12-12,Brown's Bar,Budweiser,1242.9430622102238,0.0,0.0
2023-12-13,Brown's Bar,Budweiser,1242.9430622102238,0.0,0.0
2023-12-14,Brown's Bar,Budweiser,1242.9430622102238,0.0,0.0
2023-12-15,Brown's Bar,Budweiser,1242.9430622102238,0.0,0.0
2023-12-16,Brown's Bar,Budweiser,1242.9430622102238,0.0,0.0
2023-12-17,Brown's Bar,Budweiser,1242.9430622102238,0.0,0.0
2023-12-18,Brown's Bar,Budweiser,1242.9430622102238,0.0,0.0
2023-12-19,Brown's Bar,Budweiser,781.1630622102239,461.78,0.0
2023-12-20,Brown's Bar,Budweiser,781.1630622102239,0.0,0.0
2023-12-21,Brown's Bar,Budweiser,781.1630622102239,0.0,0.0
2023-12-22,Brown's Bar,Budweiser,781.1630622102239,0.0,0.0
2023-12-23,Brown's Bar,Budweiser,781.1630622102239,0.0,0.0
2023-12-24,Brown's Bar,Budweiser,781.1630622102239,0.0,0.0
2023-12-25,Brown's Bar,Budweiser,781.1630622102239,0.0,0.0
2023-12-26,Brown's Bar,Budweiser,781.1630622102239,0.0,0.0
2023-12-27,Brown's Bar,Budweiser,781.1630622102239,0.0,0.0
2023-12-28,Brown's Bar,Budweiser,781.1630622102239,0.0,0.0
2023-12-29,Brown's Bar,Budweiser,781.1630622102239,0.0,0.0
2023-12-30,Brown's Bar,Budweiser,781.1630622102239,0.0,0.0
2023-12-31,Brown's Bar,Budweiser,781.1630622102239,0.0,0.0
2024-01-01,Brown's Bar,Budweiser,781.1630622102239,0.0,0.0
2023-10-23,Brown's Bar,Captain Morgan,561.4903325226546,0.0,0.0
2023-10-24,Brown's Bar,Captain Morgan,561.4903325226546,0.0,0.0
2023-10-25,Brown's Bar,Captain Morgan,561.4903325226546,0.0,0.0
2023-10-26,Brown's Bar,Captain Morgan,561.4903325226546,0.0,0.0
2023-10-27,Brown's Bar,Captain Morgan,561.4903325226546,0.0,0.0
2023-10-28,Brown's Bar,Captain Morgan,561.4903325226546,0.0,0.0
2023-10-29,Brown's Bar,Captain Morgan,561.4903325226546,0.0,0.0
2023-10-30,Brown's Bar,Captain Morgan,561.4903325226546,0.0,0.0
2023-10-31,Brown's Bar,Captain Morgan,561.4903325226546,0.0,0.0
2023-11-01,Brown's Bar,Captain Morgan,561.4903325226546,0.0,0.0
2023-11-02,Brown's Bar,Captain Morgan,561.4903325226546,0.0,0.0
2023-11-03,Brown's Bar,Captain Morgan,561.4903325226546,0.0,0.0
2023-11-04,Brown's Bar,Captain Morgan,561.4903325226546,0.0,0.0
2023-11-05,Brown's Bar,Captain Morgan,561.4903325226546,0.0,0.0
2023-11-06,Brown's Bar,Captain Morgan,561.4903325226546,0.0,0.0
2023-11-07,Brown's Bar,Captain Morgan,561.4903325226546,0.0,0.0
2023-11-08,Brown's Bar,Captain Morgan,561.4903325226546,0.0,0.0
2023-11-09,Brown's Bar,Captain Morgan,561.4903325226546,0.0,0.0
2023-11-10,Brown's Bar,Captain Morgan,561.4903325226546,0.0,0.0
2023-11-11,Brown's Bar,Captain Morgan,561.4903325226546,0.0,0.0
2023-11-12,Brown's Bar,Captain Morgan,561.4903325226546,0.0,0.0
2023-11-13,Brown's Bar,Captain Morgan,561.4903325226546,0.0,0.0
2023-11-14,Brown's Bar,Captain Morgan,561.4903325226546,0.0,0.0
2023-11-15,Brown's Bar,Captain Morgan,561.4903325226546,0.0,0.0
2023-11-16,Brown's Bar,Captain Morgan,561.4903325226546,0.0,0.0
2023-11-17,Brown's Bar,Captain Morgan,561.4903325226546,0.0,0.0
2023-11-18,Brown's Bar,Captain Morgan,561.4903325226546,0.0,0.0
2023-11-19,Brown's Bar,Captain Morgan,561.4903325226546,0.0,0.0
2023-11-20,Brown's Bar,Captain Morgan,561.4903325226546,0.0,0.0
2023-11-21,Brown's Bar,Captain Morgan,561.4903325226546,0.0,0.0
2023-11-22,Brown's Bar,Captain Morgan,561.4903325226546,0.0,0.0
2023-11-23,Brown's Bar,Captain Morgan,561.4903325226546,0.0,0.0
2023-11-24,Brown's Bar,Captain Morgan,561.4903325226546,0.0,0.0
2023-11-25,Brown's Bar,Captain Morgan,415.9103325226546,145.58,145.58000000000004
2023-11-26,Brown's Bar,Captain Morgan,415.9103325226546,0.0,145.58000000000004
2023-11-27,Brown's Bar,Captain Morgan,415.9103325226546,0.0,145.58000000000004
2023-11-28,Brown's Bar,Captain Morgan,428.1403325226546,133.35,133.35000000000002
2023-11-29,Brown's Bar,Captain Morgan,573.7203325226546,0.0,0.0
2023-11-30,Brown's Bar,Captain Morgan,719.3003325226547,0.0,0.0
2023-12-01,Brown's Bar,Captain Morgan,852.6503325226547,0.0,0.0
2023-12-02,Brown's Bar,Captain Morgan,852.6503325226547,0.0,0.0
2023-12-03,Brown's Bar,Captain Morgan,852.6503325226547,0.0,0.0
2023-12-04,Brown's Bar,Captain Morgan,852.6503325226547,0.0,0.0
2023-12-05,Brown's Bar,Captain Morgan,852.6503325226547,0.0,0.0
2023-12-06,Brown's Bar,Captain Morgan,581.2303325226546,271.42,0.0
2023-12-07,Brown's Bar,Captain Morgan,581.2303325226546,0.0,0.0
2023-12-08,Brown's Bar,Captain Morgan,581.2303325226546,0.0,0.0
2023-12-09,Brown's Bar,Captain Morgan,581.2303325226546,0.0,0.0
2023-12-10,Brown's Bar,Captain Morgan,581.2303325226546,0.0,0.0
2023-12-11,Brown's Bar,Captain Morgan,352.57033252265467,228.66,208.91999999999996
2023-12-12,Brown's Bar,Captain Morgan,36.44033252265467,316.13,525.05
2023-12-13,Brown's Bar,Captain Morgan,36.44033252265467,0.0,525.05
2023-12-14,Brown's Bar,Captain Morgan,245.36033252265463,0.0,316.13
2023-12-15,Brown's Bar,Captain Morgan,770.4103325226546,0.0,0.0
2023-12-16,Brown's Bar,Captain Morgan,1295.4603325226544,0.0,0.0
2023-12-17,Brown's Bar,Captain Morgan,1611.5903325226545,0.0,0.0
2023-12-18,Brown's Bar,Captain Morgan,1087.8003325226546,523.79,0.0
2023-12-19,Brown's Bar,Captain Morgan,1087.8003325226546,0.0,0.0
2023-12-20,Brown's Bar,Captain Morgan,1087.8003325226546,0.0,0.0
2023-12-21,Brown's Bar,Captain Morgan,1087.8003325226546,0.0,0.0
2023-12-22,Brown's Bar,Captain Morgan,1087.8003325226546,0.0,0.0
2023-12-23,Brown's Bar,Captain Morgan,1087.8003325226546,0.0,0.0
2023-12-24,Brown's Bar,Captain Morgan,1087.8003325226546,0.0,0.0
2023-12-25,Brown's Bar,Captain Morgan,1087.8003325226546,0.0,0.0
2023-12-26,Brown's Bar,Captain Morgan,1087.8003325226546,0.0,0.0
2023-12-27,Brown's Bar,Captain Morgan,1087.8003325226546,0.0,0.0
2023-12-28,Brown's Bar,Captain Morgan,1087.8003325226546,0.0,0.0
2023-12-29,Brown's Bar,Captain Morgan,1087.8003325226546,0.0,0.0
2023-12-30,Brown's Bar,Captain Morgan,1087.8003325226546,0.0,0.0
2023-12-31,Brown's Bar,Captain Morgan,1087.8003325226546,0.0,0.0
2024-01-01,Brown's Bar,Captain Morgan,1087.8003325226546,0.0,0.0
2023-10-23,Brown's Bar,Coors,413.77284843756513,0.0,0.0
2023-10-24,Brown's Bar,Coors,413.77284843756513,0.0,0.0
2023-10-25,Brown's Bar,Coors,413.77284843756513,0.0,0.0
2023-10-26,Brown's Bar,Coors,413.77284843756513,0.0,0.0
2023-10-27,Brown's Bar,Coors,413.77284843756513,0.0,0.0
2023-10-28,Brown's Bar,Coors,413.77284843756513,0.0,0.0
2023-10-29,Brown's Bar,Coors,413.77284843756513,0.0,0.0
2023-10-30,Brown's Bar,Coors,413.77284843756513,0.0,0.0
2023-10-31,Brown's Bar,Coors,413.77284843756513,0.0,0.0
2023-11-01,Brown's Bar,Coors,413.77284843756513,0.0,0.0
2023-11-02,Brown's Bar,Coors,413.77284843756513,0.0,0.0
2023-11-03,Brown's Bar,Coors,413.77284843756513,0.0,0.0
2023-11-04,Brown's Bar,Coors,143.82284843756514,269.95,269.95
2023-11-05,Brown's Bar,Coors,143.82284843756514,0.0,269.95
2023-11-06,Brown's Bar,Coors,143.82284843756514,0.0,269.95
2023-11-07,Brown's Bar,Coors,0.0,979.89,413.77284843756513
2023-11-08,Brown's Bar,Coors,269.95,0.0,143.82284843756514
2023-11-09,Brown's Bar,Coors,539.9,0.0,0.0
2023-11-10,Brown's Bar,Coors,716.6328484375651,237.04,0.0
2023-11-11,Brown's Bar,Coors,261.6356968751303,598.82,152.13715156243484
2023-11-12,Brown's Bar,Coors,261.6356968751303,0.0,152.13715156243484
2023-11-13,Brown's Bar,Coors,261.6356968751303,0.0,152.13715156243484
2023-11-14,Brown's Bar,Coors,151.82284843756514,261.95,261.95
2023-11-15,Brown's Bar,Coors,0.0,512.75,413.77284843756513
2023-11-16,Brown's Bar,Coors,152.13715156243484,0.0,261.6356968751303
2023-11-17,Brown's Bar,Coors,414.0871515624348,0.0,0.0
2023-11-18,Brown's Bar,Coors,827.8599999999999,0.0,0.0
2023-11-19,Brown's Bar,Coors,1089.4956968751303,0.0,0.0
2023-11-20,Brown's Bar,Coors,1089.4956968751303,0.0,0.0
2023-11-21,Brown's Bar,Coors,1089.4956968751303,0.0,0.0
2023-11-22,Brown's Bar,Coors,1089.4956968751303,0.0,0.0
2023-11-23,Brown's Bar,Coors,1089.4956968751303,0.0,0.0
2023-11-24,Brown's Bar,Coors,1089.4956968751303,0.0,0.0
2023-11-25,Brown's Bar,Coors,1089.4956968751303,0.0,0.0
2023-11-26,Brown's Bar,Coors,1089.4956968751303,0.0,0.0
2023-11-27,Brown's Bar,Coors,1089.4956968751303,0.0,0.0
2023-11-28,Brown's Bar,Coors,1089.4956968751303,0.0,0.0
2023-11-29,Brown's Bar,Coors,1089.4956968751303,0.0,0.0
2023-11-30,Brown's Bar,Coors,989.2256968751303,100.27,0.0
2023-12-01,Brown's Bar,Coors,989.2256968751303,0.0,0.0
2023-12-02,Brown's Bar,Coors,989.2256968751303,0.0,0.0
2023-12-03,Brown's Bar,Coors,989.2256968751303,0.0,0.0
2023-12-04,Brown's Bar,Coors,989.2256968751303,0.0,0.0
2023-12-05,Brown's Bar,Coors,989.2256968751303,0.0,0.0
2023-12-06,Brown's Bar,Coors,989.2256968751303,0.0,0.0
2023-12-07,Brown's Bar,Coors,989.2256968751303,0.0,0.0
2023-12-08,Brown's Bar,Coors,989.2256968751303,0.0,0.0
2023-12-09,Brown's Bar,Coors,989.2256968751303,0.0,0.0
2023-12-10,Brown's Bar,Coors,989.2256968751303,0.0,0.0
2023-12-11,Brown's Bar,Coors,989.2256968751303,0.0,0.0
2023-12-12,Brown's Bar,Coors,989.2256968751303,0.0,0.0
2023-12-13,Brown's Bar,Coors,989.2256968751303,0.0,0.0
2023-12-14,Brown's Bar,Coors,989.2256968751303,0.0,0.0
2023-12-15,Brown's Bar,Coors,989.2256968751303,0.0,0.0
2023-12-16,Brown's Bar,Coors,989.2256968751303,0.0,0.0
2023-12-17,Brown's Bar,Coors,989.2256968751303,0.0,0.0
2023-12-18,Brown's Bar,Coors,989.2256968751303,0.0,0.0
2023-12-19,Brown's Bar,Coors,989.2256968751303,0.0,0.0
2023-12-20,Brown's Bar,Coors,989.2256968751303,0.0,0.0
2023-12-21,Brown's Bar,Coors,708.4956968751303,280.73,0.0
2023-12-22,Brown's Bar,Coors,708.4956968751303,0.0,0.0
2023-12-23,Brown's Bar,Coors,0.0,938.99,413.77284843756513
2023-12-24,Brown's Bar,Coors,0.0,480.28,413.77284843756513
2023-12-25,Brown's Bar,Coors,0.0,0.0,413.77284843756513
2023-12-26,Brown's Bar,Coors,413.77284843756513,0.0,0.0
2023-12-27,Brown's Bar,Coors,827.5456968751303,0.0,0.0
2023-12-28,Brown's Bar,Coors,1241.3185453126953,0.0,0.0
2023-12-29,Brown's Bar,Coors,1241.3185453126953,0.0,0.0
2023-12-30,Brown's Bar,Coors,1241.3185453126953,0.0,0.0
2023-12-31,Brown's Bar,Coors,1241.3185453126953,0.0,0.0
2024-01-01,Brown's Bar,Coors,1241.3185453126953,0.0,0.0
2023-10-23,Brown's Bar,Grey Goose,678.1790732782528,0.0,0.0
2023-10-24,Brown's Bar,Grey Goose,678.1790732782528,0.0,0.0
2023-10-25,Brown's Bar,Grey Goose,678.1790732782528,0.0,0.0
2023-10-26,Brown's Bar,Grey Goose,678.1790732782528,0.0,0.0
2023-10-27,Brown's Bar,Grey Goose,678.1790732782528,0.0,0.0
2023-10-28,Brown's Bar,Grey Goose,678.1790732782528,0.0,0.0
2023-10-29,Brown's Bar,Grey Goose,678.1790732782528,0.0,0.0
2023-10-30,Brown's Bar,Grey Goose,678.1790732782528,0.0,0.0
2023-10-31,Brown's Bar,Grey Goose,678.1790732782528,0.0,0.0
2023-11-01,Brown's Bar,Grey Goose,0.0,1125.23,678.1790732782528
2023-11-02,Brown's Bar,Grey Goose,0.0,0.0,678.1790732782528
2023-11-03,Brown's Bar,Grey Goose,0.0,0.0,678.1790732782528
2023-11-04,Brown's Bar,Grey Goose,678.1790732782528,0.0,0.0
2023-11-05,Brown's Bar,Grey Goose,1356.3581465565055,0.0,0.0
2023-11-06,Brown's Bar,Grey Goose,2034.5372198347582,0.0,0.0
2023-11-07,Brown's Bar,Grey Goose,2034.5372198347582,0.0,0.0
2023-11-08,Brown's Bar,Grey Goose,2034.5372198347582,0.0,0.0
2023-11-09,Brown's Bar,Grey Goose,2034.5372198347582,0.0,0.0
2023-11-10,Brown's Bar,Grey Goose,2034.5372198347582,0.0,0.0
2023-11-11,Brown's Bar,Grey Goose,1600.0572198347581,434.48,0.0
2023-11-12,Brown's Bar,Grey Goose,1398.7572198347582,201.3,0.0
2023-11-13,Brown's Bar,Grey Goose,1398.7572198347582,0.0,0.0
2023-11-14,Brown's Bar,Grey Goose,1398.7572198347582,0.0,0.0
2023-11-15,Brown's Bar,Grey Goose,1205.2672198347582,193.49,0.0
2023-11-16,Brown's Bar,Grey Goose,1205.2672198347582,0.0,0.0
2023-11-17,Brown's Bar,Grey Goose,636.0872198347582,569.18,42.09185344349453
2023-11-18,Brown's Bar,Grey Goose,178.1672198347582,457.92,500.01185344349454
2023-11-19,Brown's Bar,Grey Goose,0.0,571.23,678.1790732782528
2023-11-20,Brown's Bar,Grey Goose,0.0,382.75,678.1790732782528
2023-11-21,Brown's Bar,Grey Goose,500.01185344349454,0.0,178.1672198347582
2023-11-22,Brown's Bar,Grey Goose,1009.3509267217472,168.84,0.0
2023-11-23,Brown's Bar,Grey Goose,1687.53,0.0,0.0
2023-11-24,Brown's Bar,Grey Goose,1865.6972198347582,0.0,0.0
2023-11-25,Brown's Bar,Grey Goose,1865.6972198347582,0.0,0.0
2023-11-26,Brown's Bar,Grey Goose,1865.6972198347582,0.0,0.0
2023-11-27,Brown's Bar,Grey Goose,1481.6472198347583,384.05,0.0
2023-11-28,Brown's Bar,Grey Goose,1481.6472198347583,0.0,0.0
2023-11-29,Brown's Bar,Grey Goose,988.6172198347583,493.03,0.0
2023-11-30,Brown's Bar,Grey Goose,988.6172198347583,0.0,0.0
2023-12-01,Brown's Bar,Grey Goose,988.6172198347583,0.0,0.0
2023-12-02,Brown's Bar,Grey Goose,988.6172198347583,0.0,0.0
2023-12-03,Brown's Bar,Grey Goose,988.6172198347583,0.0,0.0
2023-12-04,Brown's Bar,Grey Goose,988.6172198347583,0.0,0.0
2023-12-05,Brown's Bar,Grey Goose,988.6172198347583,0.0,0.0
2023-12-06,Brown's Bar,Grey Goose,988.6172198347583,0.0,0.0
2023-12-07,Brown's Bar,Grey Goose,608.3872198347583,380.23,69.79185344349446
2023-12-08,Brown's Bar,Grey Goose,608.3872198347583,0.0,69.79185344349446
2023-12-09,Brown's Bar,Grey Goose,507.5072198347583,100.88,170.67185344349446
2023-12-10,Brown's Bar,Grey Goose,577.2990732782528,0.0,100.88
2023-12-11,Brown's Bar,Grey Goose,647.0909267217472,0.0,31.088146556505535
2023-12-12,Brown's Bar,Grey Goose,280.20278016524173,537.56,397.976293113011
2023-12-13,Brown's Bar,Grey Goose,381.08278016524173,0.0,297.09629311301103
2023-12-14,Brown's Bar,Grey Goose,412.17092672174726,0.0,266.0081465565055
2023-12-15,Brown's Bar,Grey Goose,810.1472198347583,0.0,0.0
2023-12-16,Brown's Bar,Grey Goose,1107.2435129477694,0.0,0.0
2023-12-17,Brown's Bar,Grey Goose,1373.2516595042748,0.0,0.0
2023-12-18,Brown's Bar,Grey Goose,1373.2516595042748,0.0,0.0
2023-12-19,Brown's Bar,Grey Goose,1373.2516595042748,0.0,0.0
2023-12-20,Brown's Bar,Grey Goose,1292.661659504275,80.59,0.0
2023-12-21,Brown's Bar,Grey Goose,1292.661659504275,0.0,0.0
2023-12-22,Brown's Bar,Grey Goose,1292.661659504275,0.0,0.0
2023-12-23,Brown's Bar,Grey Goose,1292.661659504275,0.0,0.0
2023-12-24,Brown's Bar,Grey Goose,1292.661659504275,0.0,0.0
2023-12-25,Brown's Bar,Grey Goose,1292.661659504275,0.0,0.0
2023-12-26,Brown's Bar,Grey Goose,1292.661659504275,0.0,0.0
2023-12-27,Brown's Bar,Grey Goose,1292.661659504275,0.0,0.0
2023-12-28,Brown's Bar,Grey Goose,1292.661659504275,0.0,0.0
2023-12-29,Brown's Bar,Grey Goose,1292.661659504275,0.0,0.0
2023-12-30,Brown's Bar,Grey Goose,1292.661659504275,0.0,0.0
2023-12-31,Brown's Bar,Grey Goose,1292.661659504275,0.0,0.0
2024-01-01,Brown's Bar,Grey Goose,1292.661659504275,0.0,0.0
2023-10-23,Brown's Bar,Heineken,580.5043856936948,0.0,0.0
2023-10-24,Brown's Bar,Heineken,337.13438569369475,243.37,243.37
2023-10-25,Brown's Bar,Heineken,337.13438569369475,0.0,243.37
2023-10-26,Brown's Bar,Heineken,337.13438569369475,0.0,243.37
2023-10-27,Brown's Bar,Heineken,580.5043856936948,0.0,0.0
2023-10-28,Brown's Bar,Heineken,627.3143856936947,196.56,0.0
2023-10-29,Brown's Bar,Heineken,870.6843856936947,0.0,0.0
2023-10-30,Brown's Bar,Heineken,870.6843856936947,0.0,0.0
2023-10-31,Brown's Bar,Heineken,870.6843856936947,0.0,0.0
2023-11-01,Brown's Bar,Heineken,870.6843856936947,0.0,0.0
2023-11-02,Brown's Bar,Heineken,870.6843856936947,0.0,0.0
2023-11-03,Brown's Bar,Heineken,870.6843856936947,0.0,0.0
2023-11-04,Brown's Bar,Heineken,870.6843856936947,0.0,0.0
2023-11-05,Brown's Bar,Heineken,870.6843856936947,0.0,0.0
2023-11-06,Brown's Bar,Heineken,870.6843856936947,0.0,0.0
2023-11-07,Brown's Bar,Heineken,870.6843856936947,0.0,0.0
2023-11-08,Brown's Bar,Heineken,870.6843856936947,0.0,0.0
2023-11-09,Brown's Bar,Heineken,870.6843856936947,0.0,0.0
2023-11-10,Brown's Bar,Heineken,870.6843856936947,0.0,0.0
2023-11-11,Brown's Bar,Heineken,870.6843856936947,0.0,0.0
2023-11-12,Brown's Bar,Heineken,870.6843856936947,0.0,0.0
2023-11-13,Brown's Bar,Heineken,332.5643856936947,538.12,247.94000000000005
2023-11-14,Brown's Bar,Heineken,332.5643856936947,0.0,247.94000000000005
2023-11-15,Brown's Bar,Heineken,332.5643856936947,0.0,247.94000000000005
2023-11-16,Brown's Bar,Heineken,580.5043856936948,0.0,0.0
2023-11-17,Brown's Bar,Heineken,828.4443856936948,0.0,0.0
2023-11-18,Brown's Bar,Heineken,1076.3843856936949,0.0,0.0
2023-11-19,Brown's Bar,Heineken,1076.3843856936949,0.0,0.0
2023-11-20,Brown's Bar,Heineken,1076.3843856936949,0.0,0.0
2023-11-21,Brown's Bar,Heineken,1076.3843856936949,0.0,0.0
2023-11-22,Brown's Bar,Heineken,768.8743856936949,307.51,0.0
2023-11-23,Brown's Bar,Heineken,768.8743856936949,0.0,0.0
2023-11-24,Brown's Bar,Heineken,768.8743856936949,0.0,0.0
2023-11-25,Brown's Bar,Heineken,768.8743856936949,0.0,0.0
2023-11-26,Brown's Bar,Heineken,427.6743856936949,341.2,152.82999999999987
2023-11-27,Brown's Bar,Heineken,427.6743856936949,0.0,152.82999999999987
2023-11-28,Brown's Bar,Heineken,427.6743856936949,0.0,152.82999999999987
2023-11-29,Brown's Bar,Heineken,580.5043856936948,0.0,0.0
2023-11-30,Brown's Bar,Heineken,733.3343856936947,0.0,0.0
2023-12-01,Brown's Bar,Heineken,886.1643856936946,0.0,0.0
2023-12-02,Brown's Bar,Heineken,886.1643856936946,0.0,0.0
2023-12-03,Brown's Bar,Heineken,886.1643856936946,0.0,0.0
2023-12-04,Brown's Bar,Heineken,886.1643856936946,0.0,0.0
2023-12-05,Brown's Bar,Heineken,886.1643856936946,0.0,0.0
2023-12-06,Brown's Bar,Heineken,886.1643856936946,0.0,0.0
2023-12-07,Brown's Bar,Heineken,886.1643856936946,0.0,0.0
2023-12-08,Brown's Bar,Heineken,886.1643856936946,0.0,0.0
2023-12-09,Brown's Bar,Heineken,886.1643856936946,0.0,0.0
2023-12-10,Brown's Bar,Heineken,886.1643856936946,0.0,0.0
2023-12-11,Brown's Bar,Heineken,886.1643856936946,0.0,0.0
2023-12-12,Brown's Bar,Heineken,886.1643856936946,0.0,0.0
2023-12-13,Brown's Bar,Heineken,375.0343856936946,511.13,205.47000000000014
2023-12-14,Brown's Bar,Heineken,375.0343856936946,0.0,205.47000000000014
2023-12-15,Brown's Bar,Heineken,375.0343856936946,0.0,205.47000000000014
2023-12-16,Brown's Bar,Heineken,580.5043856936948,0.0,0.0
2023-12-17,Brown's Bar,Heineken,210.42438569369494,575.55,370.0799999999998
2023-12-18,Brown's Bar,Heineken,415.8943856936951,0.0,164.60999999999967
2023-12-19,Brown's Bar,Heineken,415.8943856936951,0.0,164.60999999999967
2023-12-20,Brown's Bar,Heineken,785.9743856936949,0.0,0.0
2023-12-21,Brown's Bar,Heineken,950.5843856936946,0.0,0.0
2023-12-22,Brown's Bar,Heineken,1115.1943856936941,0.0,0.0
2023-12-23,Brown's Bar,Heineken,1115.1943856936941,0.0,0.0
2023-12-24,Brown's Bar,Heineken,1115.1943856936941,0.0,0.0
2023-12-25,Brown's Bar,Heineken,1115.1943856936941,0.0,0.0
2023-12-26,Brown's Bar,Heineken,1115.1943856936941,0.0,0.0
2023-12-27,Brown's Bar,Heineken,1115.1943856936941,0.0,0.0
2023-12-28,Brown's Bar,Heineken,1115.1943856936941,0.0,0.0
2023-12-29,Brown's Bar,Heineken,1115.1943856936941,0.0,0.0
2023-12-30,Brown's Bar,Heineken,1115.1943856936941,0.0,0.0
2023-12-31,Brown's Bar,Heineken,1115.1943856936941,0.0,0.0
2024-01-01,Brown's Bar,Heineken,1003.5643856936941,111.63,0.0
2023-10-23,Brown's Bar,Jack Daniels,554.3519305658199,0.0,0.0
2023-10-24,Brown's Bar,Jack Daniels,554.3519305658199,0.0,0.0
2023-10-25,Brown's Bar,Jack Daniels,554.3519305658199,0.0,0.0
2023-10-26,Brown's Bar,Jack Daniels,554.3519305658199,0.0,0.0
2023-10-27,Brown's Bar,Jack Daniels,554.3519305658199,0.0,0.0
2023-10-28,Brown's Bar,Jack Daniels,554.3519305658199,0.0,0.0
2023-10-29,Brown's Bar,Jack Daniels,554.3519305658199,0.0,0.0
2023-10-30,Brown's Bar,Jack Daniels,554.3519305658199,0.0,0.0
2023-10-31,Brown's Bar,Jack Daniels,554.3519305658199,0.0,0.0
2023-11-01,Brown's Bar,Jack Daniels,554.3519305658199,0.0,0.0
2023-11-02,Brown's Bar,Jack Daniels,554.3519305658199,0.0,0.0
2023-11-03,Brown's Bar,Jack Daniels,554.3519305658199,0.0,0.0
2023-11-04,Brown's Bar,Jack Daniels,554.3519305658199,0.0,0.0
2023-11-05,Brown's Bar,Jack Daniels,554.3519305658199,0.0,0.0
2023-11-06,Brown's Bar,Jack Daniels,554.3519305658199,0.0,0.0
2023-11-07,Brown's Bar,Jack Daniels,554.3519305658199,0.0,0.0
2023-11-08,Brown's Bar,Jack Daniels,554.3519305658199,0.0,0.0
2023-11-09,Brown's Bar,Jack Daniels,554.3519305658199,0.0,0.0
2023-11-10,Brown's Bar,Jack Daniels,554.3519305658199,0.0,0.0
2023-11-11,Brown's Bar,Jack Daniels,554.3519305658199,0.0,0.0
2023-11-12,Brown's Bar,Jack Daniels,554.3519305658199,0.0,0.0
2023-11-13,Brown's Bar,Jack Daniels,554.3519305658199,0.0,0.0
2023-11-14,Brown's Bar,Jack Daniels,554.3519305658199,0.0,0.0
2023-11-15,Brown's Bar,Jack Daniels,554.3519305658199,0.0,0.0
2023-11-16,Brown's Bar,Jack Daniels,554.3519305658199,0.0,0.0
2023-11-17,Brown's Bar,Jack Daniels,554.3519305658199,0.0,0.0
2023-11-18,Brown's Bar,Jack Daniels,554.3519305658199,0.0,0.0
2023-11-19,Brown's Bar,Jack Daniels,0.0,593.42,554.3519305658199
2023-11-20,Brown's Bar,Jack Daniels,0.0,0.0,554.3519305658199
2023-11-21,Brown's Bar,Jack Daniels,0.0,59.17,554.3519305658199
2023-11-22,Brown's Bar,Jack Daniels,554.3519305658199,0.0,0.0
2023-11-23,Brown's Bar,Jack Daniels,1108.7038611316398,0.0,0.0
2023-11-24,Brown's Bar,Jack Daniels,1663.0557916974597,0.0,0.0
2023-11-25,Brown's Bar,Jack Daniels,1663.0557916974597,0.0,0.0
2023-11-26,Brown's Bar,Jack Daniels,1663.0557916974597,0.0,0.0
2023-11-27,Brown's Bar,Jack Daniels,1663.0557916974597,0.0,0.0
2023-11-28,Brown's Bar,Jack Daniels,1663.0557916974597,0.0,0.0
2023-11-29,Brown's Bar,Jack Daniels,1663.0557916974597,0.0,0.0
2023-11-30,Brown's Bar,Jack Daniels,1663.0557916974597,0.0,0.0
2023-12-01,Brown's Bar,Jack Daniels,1663.0557916974597,0.0,0.0
2023-12-02,Brown's Bar,Jack Daniels,1663.0557916974597,0.0,0.0
2023-12-03,Brown's Bar,Jack Daniels,1663.0557916974597,0.0,0.0
2023-12-04,Brown's Bar,Jack Daniels,1663.0557916974597,0.0,0.0
2023-12-05,Brown's Bar,Jack Daniels,1663.0557916974597,0.0,0.0
2023-12-06,Brown's Bar,Jack Daniels,1663.0557916974597,0.0,0.0
2023-12-07,Brown's Bar,Jack Daniels,1663.0557916974597,0.0,0.0
2023-12-08,Brown's Bar,Jack Daniels,1663.0557916974597,0.0,0.0
2023-12-09,Brown's Bar,Jack Daniels,1663.0557916974597,0.0,0.0
2023-12-10,Brown's Bar,Jack Daniels,1663.0557916974597,0.0,0.0
2023-12-11,Brown's Bar,Jack Daniels,1663.0557916974597,0.0,0.0
2023-12-12,Brown's Bar,Jack Daniels,1663.0557916974597,0.0,0.0
2023-12-13,Brown's Bar,Jack Daniels,1663.0557916974597,0.0,0.0
2023-12-14,Brown's Bar,Jack Daniels,1663.0557916974597,0.0,0.0
2023-12-15,Brown's Bar,Jack Daniels,1663.0557916974597,0.0,0.0
2023-12-16,Brown's Bar,Jack Daniels,1663.0557916974597,0.0,0.0
2023-12-17,Brown's Bar,Jack Daniels,1663.0557916974597,0.0,0.0
2023-12-18,Brown's Bar,Jack Daniels,1663.0557916974597,0.0,0.0
2023-12-19,Brown's Bar,Jack Daniels,1663.0557916974597,0.0,0.0
2023-12-20,Brown's Bar,Jack Daniels,1504.0157916974597,159.04,0.0
2023-12-21,Brown's Bar,Jack Daniels,1504.0157916974597,0.0,0.0
2023-12-22,Brown's Bar,Jack Daniels,1004.1257916974597,499.89,0.0
2023-12-23,Brown's Bar,Jack Daniels,1004.1257916974597,0.0,0.0
2023-12-24,Brown's Bar,Jack Daniels,1004.1257916974597,0.0,0.0
2023-12-25,Brown's Bar,Jack Daniels,1004.1257916974597,0.0,0.0
2023-12-26,Brown's Bar,Jack Daniels,1004.1257916974597,0.0,0.0
2023-12-27,Brown's Bar,Jack Daniels,1004.1257916974597,0.0,0.0
2023-12-28,Brown's Bar,Jack Daniels,1004.1257916974597,0.0,0.0
2023-12-29,Brown's Bar,Jack Daniels,1004.1257916974597,0.0,0.0
2023-12-30,Brown's Bar,Jack Daniels,1004.1257916974597,0.0,0.0
2023-12-31,Brown's Bar,Jack Daniels,1004.1257916974597,0.0,0.0
2024-01-01,Brown's Bar,Jack Daniels,1004.1257916974597,0.0,0.0
2023-10-23,Brown's Bar,Jameson,406.64109582819503,199.38,199.38
2023-10-24,Brown's Bar,Jameson,406.64109582819503,0.0,199.38
2023-10-25,Brown's Bar,Jameson,406.64109582819503,0.0,199.38
2023-10-26,Brown's Bar,Jameson,606.021095828195,0.0,0.0
2023-10-27,Brown's Bar,Jameson,805.401095828195,0.0,0.0
2023-10-28,Brown's Bar,Jameson,511.811095828195,492.97,94.21000000000004
2023-10-29,Brown's Bar,Jameson,511.811095828195,0.0,94.21000000000004
2023-10-30,Brown's Bar,Jameson,511.811095828195,0.0,94.21000000000004
2023-10-31,Brown's Bar,Jameson,606.021095828195,0.0,0.0
2023-11-01,Brown's Bar,Jameson,376.79109582819507,323.44,229.22999999999996
2023-11-02,Brown's Bar,Jameson,471.0010958281951,0.0,135.01999999999992
2023-11-03,Brown's Bar,Jameson,471.0010958281951,0.0,135.01999999999992
2023-11-04,Brown's Bar,Jameson,700.2310958281951,0.0,0.0
2023-11-05,Brown's Bar,Jameson,835.251095828195,0.0,0.0
2023-11-06,Brown's Bar,Jameson,970.271095828195,0.0,0.0
2023-11-07,Brown's Bar,Jameson,970.271095828195,0.0,0.0
2023-11-08,Brown's Bar,Jameson,970.271095828195,0.0,0.0
2023-11-09,Brown's Bar,Jameson,970.271095828195,0.0,0.0
2023-11-10,Brown's Bar,Jameson,473.88109582819504,496.39,132.14
2023-11-11,Brown's Bar,Jameson,473.88109582819504,0.0,132.14
2023-11-12,Brown's Bar,Jameson,473.88109582819504,0.0,132.14
2023-11-13,Brown's Bar,Jameson,606.021095828195,0.0,0.0
2023-11-14,Brown's Bar,Jameson,738.161095828195,0.0,0.0
2023-11-15,Brown's Bar,Jameson,451.661095828195,418.64,154.36
2023-11-16,Brown's Bar,Jameson,451.661095828195,0.0,154.36
2023-11-17,Brown's Bar,Jameson,78.19109582819499,373.47,527.83
2023-11-18,Brown's Bar,Jameson,232.551095828195,0.0,373.47
2023-11-19,Brown's Bar,Jameson,386.911095828195,0.0,219.11
2023-11-20,Brown's Bar,Jameson,914.7410958281951,0.0,0.0
2023-11-21,Brown's Bar,Jameson,1288.211095828195,0.0,0.0
2023-11-22,Brown's Bar,Jameson,922.2010958281952,585.12,0.0
2023-11-23,Brown's Bar,Jameson,922.2010958281952,0.0,0.0
2023-11-24,Brown's Bar,Jameson,781.9910958281952,140.21,0.0
2023-11-25,Brown's Bar,Jameson,781.9910958281952,0.0,0.0
2023-11-26,Brown's Bar,Jameson,781.9910958281952,0.0,0.0
2023-11-27,Brown's Bar,Jameson,781.9910958281952,0.0,0.0
2023-11-28,Brown's Bar,Jameson,781.9910958281952,0.0,0.0
2023-11-29,Brown's Bar,Jameson,781.9910958281952,0.0,0.0
2023-11-30,Brown's Bar,Jameson,338.00109582819516,443.99,268.01999999999987
2023-12-01,Brown's Bar,Jameson,338.00109582819516,0.0,268.01999999999987
2023-12-02,Brown's Bar,Jameson,338.00109582819516,0.0,268.01999999999987
2023-12-03,Brown's Bar,Jameson,606.021095828195,0.0,0.0
2023-12-04,Brown's Bar,Jameson,874.0410958281949,0.0,0.0
2023-12-05,Brown's Bar,Jameson,1142.0610958281948,0.0,0.0
2023-12-06,Brown's Bar,Jameson,915.2110958281947,226.85,0.0
2023-12-07,Brown's Bar,Jameson,915.2110958281947,0.0,0.0
2023-12-08,Brown's Bar,Jameson,915.2110958281947,0.0,0.0
2023-12-09,Brown's Bar,Jameson,915.2110958281947,0.0,0.0
2023-12-10,Brown's Bar,Jameson,915.2110958281947,0.0,0.0
2023-12-11,Brown's Bar,Jameson,915.2110958281947,0.0,0.0
2023-12-12,Brown's Bar,Jameson,487.19109582819476,428.02,118.83000000000027
2023-12-13,Brown's Bar,Jameson,24.39109582819475,462.8,581.6300000000003
2023-12-14,Brown's Bar,Jameson,24.39109582819475,0.0,581.6300000000003
2023-12-15,Brown's Bar,Jameson,143.22109582819502,0.0,462.8
2023-12-16,Brown's Bar,Jameson,724.8510958281954,0.0,0.0
2023-12-17,Brown's Bar,Jameson,1306.4810958281957,0.0,0.0
2023-12-18,Brown's Bar,Jameson,1473.3810958281956,295.9,0.0
2023-12-19,Brown's Bar,Jameson,1473.3810958281956,0.0,0.0
2023-12-20,Brown's Bar,Jameson,1473.3810958281956,0.0,0.0
2023-12-21,Brown's Bar,Jameson,1473.3810958281956,0.0,0.0
2023-12-22,Brown's Bar,Jameson,1473.3810958281956,0.0,0.0
2023-12-23,Brown's Bar,Jameson,538.5310958281956,934.85,67.48999999999944
2023-12-24,Brown's Bar,Jameson,538.5310958281956,0.0,67.48999999999944
2023-12-25,Brown's Bar,Jameson,538.5310958281956,0.0,67.48999999999944
2023-12-26,Brown's Bar,Jameson,606.021095828195,0.0,0.0
2023-12-27,Brown's Bar,Jameson,673.5110958281945,0.0,0.0
2023-12-28,Brown's Bar,Jameson,741.0010958281939,0.0,0.0
2023-12-29,Brown's Bar,Jameson,741.0010958281939,0.0,0.0
2023-12-30,Brown's Bar,Jameson,741.0010958281939,0.0,0.0
2023-12-31,Brown's Bar,Jameson,741.0010958281939,0.0,0.0
2024-01-01,Brown's Bar,Jameson,741.0010958281939,0.0,0.0
2023-10-23,Brown's Bar,Jim Beam,600.189032101861,0.0,0.0
2023-10-24,Brown's Bar,Jim Beam,401.569032101861,198.62,198.62
2023-10-25,Brown's Bar,Jim Beam,181.979032101861,219.59,418.21000000000004
2023-10-26,Brown's Bar,Jim Beam,181.979032101861,0.0,418.21000000000004
2023-10-27,Brown's Bar,Jim Beam,0.0,459.96,600.189032101861
2023-10-28,Brown's Bar,Jim Beam,418.21000000000004,0.0,181.97903210186098
2023-10-29,Brown's Bar,Jim Beam,836.4200000000001,0.0,0.0
2023-10-30,Brown's Bar,Jim Beam,1436.609032101861,0.0,0.0
2023-10-31,Brown's Bar,Jim Beam,1618.5880642037218,0.0,0.0
2023-11-01,Brown's Bar,Jim Beam,1618.5880642037218,0.0,0.0
2023-11-02,Brown's Bar,Jim Beam,1143.0480642037219,475.54,0.0
2023-11-03,Brown's Bar,Jim Beam,1143.0480642037219,0.0,0.0
2023-11-04,Brown's Bar,Jim Beam,1143.0480642037219,0.0,0.0
2023-11-05,Brown's Bar,Jim Beam,1143.0480642037219,0.0,0.0
2023-11-06,Brown's Bar,Jim Beam,595.0680642037219,547.98,5.120967898139156
2023-11-07,Brown's Bar,Jim Beam,0.0,960.19,600.189032101861
2023-11-08,Brown's Bar,Jim Beam,0.0,0.0,600.189032101861
2023-11-09,Brown's Bar,Jim Beam,0.0,277.64,600.189032101861
2023-11-10,Brown's Bar,Jim Beam,600.189032101861,0.0,0.0
2023-11-11,Brown's Bar,Jim Beam,1200.378064203722,0.0,0.0
2023-11-12,Brown's Bar,Jim Beam,1800.5670963055832,0.0,0.0
2023-11-13,Brown's Bar,Jim Beam,1456.4970963055832,344.07,0.0
2023-11-14,Brown's Bar,Jim Beam,1456.4970963055832,0.0,0.0
2023-11-15,Brown's Bar,Jim Beam,1456.4970963055832,0.0,0.0
2023-11-16,Brown's Bar,Jim Beam,1456.4970963055832,0.0,0.0
2023-11-17,Brown's Bar,Jim Beam,1456.4970963055832,0.0,0.0
2023-11-18,Brown's Bar,Jim Beam,1456.4970963055832,0.0,0.0
2023-11-19,Brown's Bar,Jim Beam,1456.4970963055832,0.0,0.0
2023-11-20,Brown's Bar,Jim Beam,908.3070963055832,548.19,0.0
2023-11-21,Brown's Bar,Jim Beam,908.3070963055832,0.0,0.0
2023-11-22,Brown's Bar,Jim Beam,908.3070963055832,0.0,0.0
2023-11-23,Brown's Bar,Jim Beam,908.3070963055832,0.0,0.0
2023-11-24,Brown's Bar,Jim Beam,908.3070963055832,0.0,0.0
2023-11-25,Brown's Bar,Jim Beam,908.3070963055832,0.0,0.0
2023-11-26,Brown's Bar,Jim Beam,595.7670963055832,312.54,4.421935796277808
2023-11-27,Brown's Bar,Jim Beam,595.7670963055832,0.0,4.421935796277808
2023-11-28,Brown's Bar,Jim Beam,595.7670963055832,0.0,4.421935796277808
2023-11-29,Brown's Bar,Jim Beam,600.189032101861,0.0,0.0
2023-11-30,Brown's Bar,Jim Beam,604.6109678981388,0.0,0.0
2023-12-01,Brown's Bar,Jim Beam,609.0329036944166,0.0,0.0
2023-12-02,Brown's Bar,Jim Beam,609.0329036944166,0.0,0.0
2023-12-03,Brown's Bar,Jim Beam,609.0329036944166,0.0,0.0
2023-12-04,Brown's Bar,Jim Beam,609.0329036944166,0.0,0.0
2023-12-05,Brown's Bar,Jim Beam,609.0329036944166,0.0,0.0
2023-12-06,Brown's Bar,Jim Beam,609.0329036944166,0.0,0.0
2023-12-07,Brown's Bar,Jim Beam,142.97290369441663,466.06,457.2161284074444
2023-12-08,Brown's Bar,Jim Beam,142.97290369441663,0.0,457.2161284074444
2023-12-09,Brown's Bar,Jim Beam,142.97290369441663,0.0,457.2161284074444
2023-12-10,Brown's Bar,Jim Beam,600.189032101861,0.0,0.0
2023-12-11,Brown's Bar,Jim Beam,1057.4051605093055,0.0,0.0
2023-12-12,Brown's Bar,Jim Beam,1514.6212889167498,0.0,0.0
2023-12-13,Brown's Bar,Jim Beam,1514.6212889167498,0.0,0.0
2023-12-14,Brown's Bar,Jim Beam,1514.6212889167498,0.0,0.0
2023-12-15,Brown's Bar,Jim Beam,1514.6212889167498,0.0,0.0
2023-12-16,Brown's Bar,Jim Beam,1514.6212889167498,0.0,0.0
2023-12-17,Brown's Bar,Jim Beam,1311.1712889167497,203.45,0.0
2023-12-18,Brown's Bar,Jim Beam,1311.1712889167497,0.0,0.0
2023-12-19,Brown's Bar,Jim Beam,1311.1712889167497,0.0,0.0
2023-12-20,Brown's Bar,Jim Beam,1311.1712889167497,0.0,0.0
2023-12-21,Brown's Bar,Jim Beam,1311.1712889167497,0.0,0.0
2023-12-22,Brown's Bar,Jim Beam,1311.1712889167497,0.0,0.0
2023-12-23,Brown's Bar,Jim Beam,1311.1712889167497,0.0,0.0
2023-12-24,Brown's Bar,Jim Beam,1311.1712889167497,0.0,0.0
2023-12-25,Brown's Bar,Jim Beam,1311.1712889167497,0.0,0.0
2023-12-26,Brown's Bar,Jim Beam,1311.1712889167497,0.0,0.0
2023-12-27,Brown's Bar,Jim Beam,1311.1712889167497,0.0,0.0
2023-12-28,Brown's Bar,Jim Beam,958.5812889167498,352.59,0.0
2023-12-29,Brown's Bar,Jim Beam,783.9312889167498,174.65,0.0
2023-12-30,Brown's Bar,Jim Beam,618.8412889167498,165.09,0.0
2023-12-31,Brown's Bar,Jim Beam,618.8412889167498,0.0,0.0
2024-01-01,Brown's Bar,Jim Beam,618.8412889167498,0.0,0.0
2023-10-23,Brown's Bar,Malibu,511.0930002835224,0.0,0.0
2023-10-24,Brown's Bar,Malibu,511.0930002835224,0.0,0.0
2023-10-25,Brown's Bar,Malibu,511.0930002835224,0.0,0.0
2023-10-26,Brown's Bar,Malibu,511.0930002835224,0.0,0.0
2023-10-27,Brown's Bar,Malibu,0.0,534.5,511.0930002835224
2023-10-28,Brown's Bar,Malibu,0.0,0.0,511.0930002835224
2023-10-29,Brown's Bar,Malibu,0.0,0.0,511.0930002835224
2023-10-30,Brown's Bar,Malibu,511.0930002835224,0.0,0.0
2023-10-31,Brown's Bar,Malibu,1022.1860005670447,0.0,0.0
2023-11-01,Brown's Bar,Malibu,1259.9490008505672,273.33,0.0
2023-11-02,Brown's Bar,Malibu,1259.9490008505672,0.0,0.0
2023-11-03,Brown's Bar,Malibu,1259.9490008505672,0.0,0.0
2023-11-04,Brown's Bar,Malibu,1259.9490008505672,0.0,0.0
2023-11-05,Brown's Bar,Malibu,1259.9490008505672,0.0,0.0
2023-11-06,Brown's Bar,Malibu,1259.9490008505672,0.0,0.0
2023-11-07,Brown's Bar,Malibu,1259.9490008505672,0.0,0.0
2023-11-08,Brown's Bar,Malibu,1259.9490008505672,0.0,0.0
2023-11-09,Brown's Bar,Malibu,1259.9490008505672,0.0,0.0
2023-11-10,Brown's Bar,Malibu,1259.9490008505672,0.0,0.0
2023-11-11,Brown's Bar,Malibu,1259.9490008505672,0.0,0.0
2023-11-12,Brown's Bar,Malibu,1259.9490008505672,0.0,0.0
2023-11-13,Brown's Bar,Malibu,1259.9490008505672,0.0,0.0
2023-11-14,Brown's Bar,Malibu,1259.9490008505672,0.0,0.0
2023-11-15,Brown's Bar,Malibu,1259.9490008505672,0.0,0.0
2023-11-16,Brown's Bar,Malibu,1259.9490008505672,0.0,0.0
2023-11-17,Brown's Bar,Malibu,1259.9490008505672,0.0,0.0
2023-11-18,Brown's Bar,Malibu,1259.9490008505672,0.0,0.0
2023-11-19,Brown's Bar,Malibu,800.1290008505673,459.82,0.0
2023-11-20,Brown's Bar,Malibu,800.1290008505673,0.0,0.0
2023-11-21,Brown's Bar,Malibu,800.1290008505673,0.0,0.0
2023-11-22,Brown's Bar,Malibu,800.1290008505673,0.0,0.0
2023-11-23,Brown's Bar,Malibu,800.1290008505673,0.0,0.0
2023-11-24,Brown's Bar,Malibu,800.1290008505673,0.0,0.0
2023-11-25,Brown's Bar,Malibu,800.1290008505673,0.0,0.0
2023-11-26,Brown's Bar,Malibu,800.1290008505673,0.0,0.0
2023-11-27,Brown's Bar,Malibu,580.4090008505673,219.72,0.0
2023-11-28,Brown's Bar,Malibu,580.4090008505673,0.0,0.0
2023-11-29,Brown's Bar,Malibu,467.4690008505673,112.94,43.62399943295509
2023-11-30,Brown's Bar,Malibu,467.4690008505673,0.0,43.62399943295509
2023-12-01,Brown's Bar,Malibu,467.4690008505673,0.0,43.62399943295509
2023-12-02,Brown's Bar,Malibu,388.61300028352235,122.48,122.48000000000002
2023-12-03,Brown's Bar,Malibu,432.23699971647744,0.0,78.85600056704493
2023-12-04,Brown's Bar,Malibu,475.86099914943253,0.0,35.23200113408984
2023-12-05,Brown's Bar,Malibu,598.3409991494325,0.0,0.0
2023-12-06,Brown's Bar,Malibu,677.1969997164774,0.0,0.0
2023-12-07,Brown's Bar,Malibu,712.4290008505673,0.0,0.0
2023-12-08,Brown's Bar,Malibu,712.4290008505673,0.0,0.0
2023-12-09,Brown's Bar,Malibu,712.4290008505673,0.0,0.0
2023-12-10,Brown's Bar,Malibu,403.5990008505673,308.83,107.49399943295509
2023-12-11,Brown's Bar,Malibu,403.5990008505673,0.0,107.49399943295509
2023-12-12,Brown's Bar,Malibu,403.5990008505673,0.0,107.49399943295509
2023-12-13,Brown's Bar,Malibu,0.0,740.96,511.0930002835224
2023-12-14,Brown's Bar,Malibu,0.0,273.1,511.0930002835224
2023-12-15,Brown's Bar,Malibu,107.49399943295509,0.0,403.5990008505673
2023-12-16,Brown's Bar,Malibu,618.5869997164775,0.0,0.0
2023-12-17,Brown's Bar,Malibu,1129.6799999999998,0.0,0.0
2023-12-18,Brown's Bar,Malibu,1533.2790008505672,0.0,0.0
2023-12-19,Brown's Bar,Malibu,1533.2790008505672,0.0,0.0
2023-12-20,Brown's Bar,Malibu,1208.349000850567,324.93,0.0
2023-12-21,Brown's Bar,Malibu,766.3990008505671,441.95,0.0
2023-12-22,Brown's Bar,Malibu,766.3990008505671,0.0,0.0
2023-12-23,Brown's Bar,Malibu,766.3990008505671,0.0,0.0
2023-12-24,Brown's Bar,Malibu,645.5890008505671,120.81,0.0
2023-12-25,Brown's Bar,Malibu,645.5890008505671,0.0,0.0
2023-12-26,Brown's Bar,Malibu,244.45900085056712,401.13,266.63399943295525
2023-12-27,Brown's Bar,Malibu,244.45900085056712,0.0,266.63399943295525
2023-12-28,Brown's Bar,Malibu,244.45900085056712,0.0,266.63399943295525
2023-12-29,Brown's Bar,Malibu,86.64300028352238,424.45,424.45
2023-12-30,Brown's Bar,Malibu,353.27699971647763,0.0,157.81600056704474
2023-12-31,Brown's Bar,Malibu,278.0409991494329,341.87,233.0520011340895
2024-01-01,Brown's Bar,Malibu,286.2009991494328,416.29,224.89200113408958
2023-10-23,Brown's Bar,Miller,570.9072076526139,0.0,0.0
2023-10-24,Brown's Bar,Miller,570.9072076526139,0.0,0.0
2023-10-25,Brown's Bar,Miller,381.25720765261394,189.65,189.64999999999998
2023-10-26,Brown's Bar,Miller,381.25720765261394,0.0,189.64999999999998
2023-10-27,Brown's Bar,Miller,381.25720765261394,0.0,189.64999999999998
2023-10-28,Brown's Bar,Miller,570.9072076526139,0.0,0.0
2023-10-29,Brown's Bar,Miller,760.5572076526139,0.0,0.0
2023-10-30,Brown's Bar,Miller,950.2072076526139,0.0,0.0
2023-10-31,Brown's Bar,Miller,950.2072076526139,0.0,0.0
2023-11-01,Brown's Bar,Miller,950.2072076526139,0.0,0.0
2023-11-02,Brown's Bar,Miller,950.2072076526139,0.0,0.0
2023-11-03,Brown's Bar,Miller,950.2072076526139,0.0,0.0
2023-11-04,Brown's Bar,Miller,950.2072076526139,0.0,0.0
2023-11-05,Brown's Bar,Miller,950.2072076526139,0.0,0.0
2023-11-06,Brown's Bar,Miller,950.2072076526139,0.0,0.0
2023-11-07,Brown's Bar,Miller,950.2072076526139,0.0,0.0
2023-11-08,Brown's Bar,Miller,950.2072076526139,0.0,0.0
2023-11-09,Brown's Bar,Miller,950.2072076526139,0.0,0.0
2023-11-10,Brown's Bar,Miller,950.2072076526139,0.0,0.0
2023-11-11,Brown's Bar,Miller,950.2072076526139,0.0,0.0
2023-11-12,Brown's Bar,Miller,696.1072076526139,254.1,0.0
2023-11-13,Brown's Bar,Miller,696.1072076526139,0.0,0.0
2023-11-14,Brown's Bar,Miller,696.1072076526139,0.0,0.0
2023-11-15,Brown's Bar,Miller,696.1072076526139,0.0,0.0
2023-11-16,Brown's Bar,Miller,696.1072076526139,0.0,0.0
2023-11-17,Brown's Bar,Miller,696.1072076526139,0.0,0.0
2023-11-18,Brown's Bar,Miller,696.1072076526139,0.0,0.0
2023-11-19,Brown's Bar,Miller,696.1072076526139,0.0,0.0
2023-11-20,Brown's Bar,Miller,696.1072076526139,0.0,0.0
2023-11-21,Brown's Bar,Miller,696.1072076526139,0.0,0.0
2023-11-22,Brown's Bar,Miller,696.1072076526139,0.0,0.0
2023-11-23,Brown's Bar,Miller,696.1072076526139,0.0,0.0
2023-11-24,Brown's Bar,Miller,696.1072076526139,0.0,0.0
2023-11-25,Brown's Bar,Miller,696.1072076526139,0.0,0.0
2023-11-26,Brown's Bar,Miller,696.1072076526139,0.0,0.0
2023-11-27,Brown's Bar,Miller,696.1072076526139,0.0,0.0
2023-11-28,Brown's Bar,Miller,696.1072076526139,0.0,0.0
2023-11-29,Brown's Bar,Miller,463.7772076526138,232.33,107.13000000000011
2023-11-30,Brown's Bar,Miller,463.7772076526138,0.0,107.13000000000011
2023-12-01,Brown's Bar,Miller,463.7772076526138,0.0,107.13000000000011
2023-12-02,Brown's Bar,Miller,424.0272076526139,146.88,146.88
2023-12-03,Brown's Bar,Miller,457.13720765261405,74.02,113.76999999999987
2023-12-04,Brown's Bar,Miller,564.2672076526142,0.0,6.639999999999759
2023-12-05,Brown's Bar,Miller,711.1472076526142,0.0,0.0
2023-12-06,Brown's Bar,Miller,824.917207652614,0.0,0.0
2023-12-07,Brown's Bar,Miller,831.5572076526138,0.0,0.0
2023-12-08,Brown's Bar,Miller,831.5572076526138,0.0,0.0
2023-12-09,Brown's Bar,Miller,831.5572076526138,0.0,0.0
2023-12-10,Brown's Bar,Miller,831.5572076526138,0.0,0.0
2023-12-11,Brown's Bar,Miller,695.5272076526138,136.03,0.0
2023-12-12,Brown's Bar,Miller,695.5272076526138,0.0,0.0
2023-12-13,Brown's Bar,Miller,695.5272076526138,0.0,0.0
2023-12-14,Brown's Bar,Miller,695.5272076526138,0.0,0.0
2023-12-15,Brown's Bar,Miller,695.5272076526138,0.0,0.0
2023-12-16,Brown's Bar,Miller,695.5272076526138,0.0,0.0
2023-12-17,Brown's Bar,Miller,695.5272076526138,0.0,0.0
2023-12-18,Brown's Bar,Miller,695.5272076526138,0.0,0.0
2023-12-19,Brown's Bar,Miller,695.5272076526138,0.0,0.0
2023-12-20,Brown's Bar,Miller,695.5272076526138,0.0,0.0
2023-12-21,Brown's Bar,Miller,695.5272076526138,0.0,0.0
2023-12-22,Brown's Bar,Miller,695.5272076526138,0.0,0.0
2023-12-23,Brown's Bar,Miller,695.5272076526138,0.0,0.0
2023-12-24,Brown's Bar,Miller,695.5272076526138,0.0,0.0
2023-12-25,Brown's Bar,Miller,695.5272076526138,0.0,0.0
2023-12-26,Brown's Bar,Miller,695.5272076526138,0.0,0.0
2023-12-27,Brown's Bar,Miller,695.5272076526138,0.0,0.0
2023-12-28,Brown's Bar,Miller,695.5272076526138,0.0,0.0
2023-12-29,Brown's Bar,Miller,695.5272076526138,0.0,0.0
2023-12-30,Brown's Bar,Miller,695.5272076526138,0.0,0.0
2023-12-31,Brown's Bar,Miller,695.5272076526138,0.0,0.0
2024-01-01,Brown's Bar,Miller,695.5272076526138,0.0,0.0
2023-10-23,Brown's Bar,Smirnoff,490.7143636987819,0.0,0.0
2023-10-24,Brown's Bar,Smirnoff,490.7143636987819,0.0,0.0
2023-10-25,Brown's Bar,Smirnoff,490.7143636987819,0.0,0.0
2023-10-26,Brown's Bar,Smirnoff,490.7143636987819,0.0,0.0
2023-10-27,Brown's Bar,Smirnoff,490.7143636987819,0.0,0.0
2023-10-28,Brown's Bar,Smirnoff,490.7143636987819,0.0,0.0
2023-10-29,Brown's Bar,Smirnoff,99.76436369878189,390.95,390.95
2023-10-30,Brown's Bar,Smirnoff,0.0,315.64,490.7143636987819
2023-10-31,Brown's Bar,Smirnoff,0.0,0.0,490.7143636987819
2023-11-01,Brown's Bar,Smirnoff,390.95,0.0,99.76436369878189
2023-11-02,Brown's Bar,Smirnoff,881.6643636987819,0.0,0.0
2023-11-03,Brown's Bar,Smirnoff,1372.3787273975638,0.0,0.0
2023-11-04,Brown's Bar,Smirnoff,1472.1430910963456,0.0,0.0
2023-11-05,Brown's Bar,Smirnoff,1472.1430910963456,0.0,0.0
2023-11-06,Brown's Bar,Smirnoff,1215.0030910963455,257.14,0.0
2023-11-07,Brown's Bar,Smirnoff,667.3630910963456,547.64,0.0
2023-11-08,Brown's Bar,Smirnoff,204.66309109634557,462.7,286.0512726024363
2023-11-09,Brown's Bar,Smirnoff,204.66309109634557,0.0,286.0512726024363
2023-11-10,Brown's Bar,Smirnoff,204.66309109634557,0.0,286.0512726024363
2023-11-11,Brown's Bar,Smirnoff,490.7143636987819,0.0,0.0
2023-11-12,Brown's Bar,Smirnoff,776.7656363012181,0.0,0.0
2023-11-13,Brown's Bar,Smirnoff,960.6669089036544,102.15,0.0
2023-11-14,Brown's Bar,Smirnoff,960.6669089036544,0.0,0.0
2023-11-15,Brown's Bar,Smirnoff,960.6669089036544,0.0,0.0
2023-11-16,Brown's Bar,Smirnoff,960.6669089036544,0.0,0.0
2023-11-17,Brown's Bar,Smirnoff,960.6669089036544,0.0,0.0
2023-11-18,Brown's Bar,Smirnoff,960.6669089036544,0.0,0.0
2023-11-19,Brown's Bar,Smirnoff,960.6669089036544,0.0,0.0
2023-11-20,Brown's Bar,Smirnoff,960.6669089036544,0.0,0.0
2023-11-21,Brown's Bar,Smirnoff,960.6669089036544,0.0,0.0
2023-11-22,Brown's Bar,Smirnoff,960.6669089036544,0.0,0.0
2023-11-23,Brown's Bar,Smirnoff,960.6669089036544,0.0,0.0
2023-11-24,Brown's Bar,Smirnoff,607.8269089036544,352.84,0.0
2023-11-25,Brown's Bar,Smirnoff,607.8269089036544,0.0,0.0
2023-11-26,Brown's Bar,Smirnoff,607.8269089036544,0.0,0.0
2023-11-27,Brown's Bar,Smirnoff,607.8269089036544,0.0,0.0
2023-11-28,Brown's Bar,Smirnoff,607.8269089036544,0.0,0.0
2023-11-29,Brown's Bar,Smirnoff,607.8269089036544,0.0,0.0
2023-11-30,Brown's Bar,Smirnoff,493.2569089036544,114.57,0.0
2023-12-01,Brown's Bar,Smirnoff,493.2569089036544,0.0,0.0
2023-12-02,Brown's Bar,Smirnoff,71.00690890365439,422.25,419.7074547951275
2023-12-03,Brown's Bar,Smirnoff,0.0,130.34,490.7143636987819
2023-12-04,Brown's Bar,Smirnoff,0.0,0.0,490.7143636987819
2023-12-05,Brown's Bar,Smirnoff,419.7074547951275,0.0,71.00690890365439
2023-12-06,Brown's Bar,Smirnoff,910.4218184939093,0.0,0.0
2023-12-07,Brown's Bar,Smirnoff,1401.1361821926912,0.0,0.0
2023-12-08,Brown's Bar,Smirnoff,1472.1430910963456,0.0,0.0
2023-12-09,Brown's Bar,Smirnoff,1472.1430910963456,0.0,0.0
2023-12-10,Brown's Bar,Smirnoff,1472.1430910963456,0.0,0.0
2023-12-11,Brown's Bar,Smirnoff,1140.7430910963458,331.4,0.0
2023-12-12,Brown's Bar,Smirnoff,1140.7430910963458,0.0,0.0
2023-12-13,Brown's Bar,Smirnoff,1140.7430910963458,0.0,0.0
2023-12-14,Brown's Bar,Smirnoff,972.9330910963458,167.81,0.0
2023-12-15,Brown's Bar,Smirnoff,972.9330910963458,0.0,0.0
2023-12-16,Brown's Bar,Smirnoff,972.9330910963458,0.0,0.0
2023-12-17,Brown's Bar,Smirnoff,972.9330910963458,0.0,0.0
2023-12-18,Brown's Bar,Smirnoff,972.9330910963458,0.0,0.0
2023-12-19,Brown's Bar,Smirnoff,972.9330910963458,0.0,0.0
2023-12-20,Brown's Bar,Smirnoff,972.9330910963458,0.0,0.0
2023-12-21,Brown's Bar,Smirnoff,972.9330910963458,0.0,0.0
2023-12-22,Brown's Bar,Smirnoff,972.9330910963458,0.0,0.0
2023-12-23,Brown's Bar,Smirnoff,972.9330910963458,0.0,0.0
2023-12-24,Brown's Bar,Smirnoff,972.9330910963458,0.0,0.0
2023-12-25,Brown's Bar,Smirnoff,972.9330910963458,0.0,0.0
2023-12-26,Brown's Bar,Smirnoff,422.1930910963458,550.74,68.52127260243606
2023-12-27,Brown's Bar,Smirnoff,422.1930910963458,0.0,68.52127260243606
2023-12-28,Brown's Bar,Smirnoff,422.1930910963458,0.0,68.52127260243606
2023-12-29,Brown's Bar,Smirnoff,490.7143636987819,0.0,0.0
2023-12-30,Brown's Bar,Smirnoff,559.2356363012179,0.0,0.0
2023-12-31,Brown's Bar,Smirnoff,627.756908903654,0.0,0.0
2024-01-01,Brown's Bar,Smirnoff,375.366908903654,252.39,115.34745479512787
2023-10-23,Brown's Bar,Sutter Home,176.46286756390538,408.67,408.67
2023-10-24,Brown's Bar,Sutter Home,176.46286756390538,0.0,408.67
2023-10-25,Brown's Bar,Sutter Home,0.0,437.81,585.1328675639054
2023-10-26,Brown's Bar,Sutter Home,271.18,137.49,313.9528675639054
2023-10-27,Brown's Bar,Sutter Home,679.85,0.0,0.0
2023-10-28,Brown's Bar,Sutter Home,1264.9828675639055,0.0,0.0
2023-10-29,Brown's Bar,Sutter Home,1578.9357351278109,0.0,0.0
2023-10-30,Brown's Bar,Sutter Home,1578.9357351278109,0.0,0.0
2023-10-31,Brown's Bar,Sutter Home,1157.4057351278109,421.53,0.0
2023-11-01,Brown's Bar,Sutter Home,1157.4057351278109,0.0,0.0
2023-11-02,Brown's Bar,Sutter Home,1039.865735127811,117.54,0.0
2023-11-03,Brown's Bar,Sutter Home,1039.865735127811,0.0,0.0
2023-11-04,Brown's Bar,Sutter Home,1039.865735127811,0.0,0.0
2023-11-05,Brown's Bar,Sutter Home,1039.865735127811,0.0,0.0
2023-11-06,Brown's Bar,Sutter Home,1039.865735127811,0.0,0.0
2023-11-07,Brown's Bar,Sutter Home,1039.865735127811,0.0,0.0
2023-11-08,Brown's Bar,Sutter Home,1039.865735127811,0.0,0.0
2023-11-09,Brown's Bar,Sutter Home,728.325735127811,311.54,0.0
2023-11-10,Brown's Bar,Sutter Home,728.325735127811,0.0,0.0
2023-11-11,Brown's Bar,Sutter Home,728.325735127811,0.0,0.0
2023-11-12,Brown's Bar,Sutter Home,406.78573512781094,321.54,178.34713243609445
2023-11-13,Brown's Bar,Sutter Home,406.78573512781094,0.0,178.34713243609445
2023-11-14,Brown's Bar,Sutter Home,406.78573512781094,0.0,178.34713243609445
2023-11-15,Brown's Bar,Sutter Home,424.8528675639054,160.28,160.27999999999997
2023-11-16,Brown's Bar,Sutter Home,603.1999999999998,0.0,0.0
2023-11-17,Brown's Bar,Sutter Home,781.5471324360942,0.0,0.0
2023-11-18,Brown's Bar,Sutter Home,941.8271324360942,0.0,0.0
2023-11-19,Brown's Bar,Sutter Home,941.8271324360942,0.0,0.0
2023-11-20,Brown's Bar,Sutter Home,941.8271324360942,0.0,0.0
2023-11-21,Brown's Bar,Sutter Home,941.8271324360942,0.0,0.0
2023-11-22,Brown's Bar,Sutter Home,941.8271324360942,0.0,0.0
2023-11-23,Brown's Bar,Sutter Home,941.8271324360942,0.0,0.0
2023-11-24,Brown's Bar,Sutter Home,941.8271324360942,0.0,0.0
2023-11-25,Brown's Bar,Sutter Home,612.0671324360942,329.76,0.0
2023-11-26,Brown's Bar,Sutter Home,238.5771324360942,373.49,346.5557351278112
2023-11-27,Brown's Bar,Sutter Home,238.5771324360942,0.0,346.5557351278112
2023-11-28,Brown's Bar,Sutter Home,238.5771324360942,0.0,346.5557351278112
2023-11-29,Brown's Bar,Sutter Home,585.1328675639054,0.0,0.0
2023-11-30,Brown's Bar,Sutter Home,931.6886026917166,0.0,0.0
2023-12-01,Brown's Bar,Sutter Home,1098.2843378195278,179.96,0.0
2023-12-02,Brown's Bar,Sutter Home,1098.2843378195278,0.0,0.0
2023-12-03,Brown's Bar,Sutter Home,1098.2843378195278,0.0,0.0
2023-12-04,Brown's Bar,Sutter Home,1098.2843378195278,0.0,0.0
2023-12-05,Brown's Bar,Sutter Home,1098.2843378195278,0.0,0.0
2023-12-06,Brown's Bar,Sutter Home,1098.2843378195278,0.0,0.0
2023-12-07,Brown's Bar,Sutter Home,1098.2843378195278,0.0,0.0
2023-12-08,Brown's Bar,Sutter Home,1098.2843378195278,0.0,0.0
2023-12-09,Brown's Bar,Sutter Home,1098.2843378195278,0.0,0.0
2023-12-10,Brown's Bar,Sutter Home,1098.2843378195278,0.0,0.0
2023-12-11,Brown's Bar,Sutter Home,1098.2843378195278,0.0,0.0
2023-12-12,Brown's Bar,Sutter Home,1098.2843378195278,0.0,0.0
2023-12-13,Brown's Bar,Sutter Home,1098.2843378195278,0.0,0.0
2023-12-14,Brown's Bar,Sutter Home,1098.2843378195278,0.0,0.0
2023-12-15,Brown's Bar,Sutter Home,969.7543378195278,128.53,0.0
2023-12-16,Brown's Bar,Sutter Home,969.7543378195278,0.0,0.0
2023-12-17,Brown's Bar,Sutter Home,969.7543378195278,0.0,0.0
2023-12-18,Brown's Bar,Sutter Home,969.7543378195278,0.0,0.0
2023-12-19,Brown's Bar,Sutter Home,969.7543378195278,0.0,0.0
2023-12-20,Brown's Bar,Sutter Home,969.7543378195278,0.0,0.0
2023-12-21,Brown's Bar,Sutter Home,969.7543378195278,0.0,0.0
2023-12-22,Brown's Bar,Sutter Home,969.7543378195278,0.0,0.0
2023-12-23,Brown's Bar,Sutter Home,969.7543378195278,0.0,0.0
2023-12-24,Brown's Bar,Sutter Home,969.7543378195278,0.0,0.0
2023-12-25,Brown's Bar,Sutter Home,969.7543378195278,0.0,0.0
2023-12-26,Brown's Bar,Sutter Home,969.7543378195278,0.0,0.0
2023-12-27,Brown's Bar,Sutter Home,969.7543378195278,0.0,0.0
2023-12-28,Brown's Bar,Sutter Home,969.7543378195278,0.0,0.0
2023-12-29,Brown's Bar,Sutter Home,969.7543378195278,0.0,0.0
2023-12-30,Brown's Bar,Sutter Home,969.7543378195278,0.0,0.0
2023-12-31,Brown's Bar,Sutter Home,969.7543378195278,0.0,0.0
2024-01-01,Brown's Bar,Sutter Home,969.7543378195278,0.0,0.0
2023-10-23,Brown's Bar,Yellow Tail,717.7445892179044,0.0,0.0
2023-10-24,Brown's Bar,Yellow Tail,717.7445892179044,0.0,0.0
2023-10-25,Brown's Bar,Yellow Tail,717.7445892179044,0.0,0.0
2023-10-26,Brown's Bar,Yellow Tail,717.7445892179044,0.0,0.0
2023-10-27,Brown's Bar,Yellow Tail,717.7445892179044,0.0,0.0
2023-10-28,Brown's Bar,Yellow Tail,717.7445892179044,0.0,0.0
2023-10-29,Brown's Bar,Yellow Tail,446.0445892179044,271.7,271.7
2023-10-30,Brown's Bar,Yellow Tail,446.0445892179044,0.0,271.7
2023-10-31,Brown's Bar,Yellow Tail,446.0445892179044,0.0,271.7
2023-11-01,Brown's Bar,Yellow Tail,97.24458921790438,620.5,620.5
2023-11-02,Brown's Bar,Yellow Tail,368.94458921790437,0.0,348.8
2023-11-03,Brown's Bar,Yellow Tail,432.7245892179044,207.92,285.02
2023-11-04,Brown's Bar,Yellow Tail,1053.2245892179044,0.0,0.0
2023-11-05,Brown's Bar,Yellow Tail,1402.0245892179043,0.0,0.0
2023-11-06,Brown's Bar,Yellow Tail,1687.0445892179043,0.0,0.0
2023-11-07,Brown's Bar,Yellow Tail,1687.0445892179043,0.0,0.0
2023-11-08,Brown's Bar,Yellow Tail,1687.0445892179043,0.0,0.0
2023-11-09,Brown's Bar,Yellow Tail,1687.0445892179043,0.0,0.0
2023-11-10,Brown's Bar,Yellow Tail,1469.9945892179044,217.05,0.0
2023-11-11,Brown's Bar,Yellow Tail,1469.9945892179044,0.0,0.0
2023-11-12,Brown's Bar,Yellow Tail,1469.9945892179044,0.0,0.0
2023-11-13,Brown's Bar,Yellow Tail,1469.9945892179044,0.0,0.0
2023-11-14,Brown's Bar,Yellow Tail,1469.9945892179044,0.0,0.0
2023-11-15,Brown's Bar,Yellow Tail,1469.9945892179044,0.0,0.0
2023-11-16,Brown's Bar,Yellow Tail,1469.9945892179044,0.0,0.0
2023-11-17,Brown's Bar,Yellow Tail,1469.9945892179044,0.0,0.0
2023-11-18,Brown's Bar,Yellow Tail,1469.9945892179044,0.0,0.0
2023-11-19,Brown's Bar,Yellow Tail,1155.4245892179044,314.57,0.0
2023-11-20,Brown's Bar,Yellow Tail,689.6145892179045,465.81,28.12999999999988
2023-11-21,Brown's Bar,Yellow Tail,689.6145892179045,0.0,28.12999999999988
2023-11-22,Brown's Bar,Yellow Tail,689.6145892179045,0.0,28.12999999999988
2023-11-23,Brown's Bar,Yellow Tail,717.7445892179044,0.0,0.0
2023-11-24,Brown's Bar,Yellow Tail,745.8745892179043,0.0,0.0
2023-11-25,Brown's Bar,Yellow Tail,774.0045892179041,0.0,0.0
2023-11-26,Brown's Bar,Yellow Tail,774.0045892179041,0.0,0.0
2023-11-27,Brown's Bar,Yellow Tail,774.0045892179041,0.0,0.0
2023-11-28,Brown's Bar,Yellow Tail,583.5245892179041,190.48,134.22000000000025
2023-11-29,Brown's Bar,Yellow Tail,148.81458921790414,434.71,568.9300000000003
2023-11-30,Brown's Bar,Yellow Tail,148.81458921790414,0.0,568.9300000000003
2023-12-01,Brown's Bar,Yellow Tail,283.0345892179044,0.0,434.71
2023-12-02,Brown's Bar,Yellow Tail,571.7645892179046,280.2,145.9799999999998
2023-12-03,Brown's Bar,Yellow Tail,1140.6945892179049,0.0,0.0
2023-12-04,Brown's Bar,Yellow Tail,1575.404589217905,0.0,0.0
2023-12-05,Brown's Bar,Yellow Tail,1408.4845892179046,312.9,0.0
2023-12-06,Brown's Bar,Yellow Tail,1408.4845892179046,0.0,0.0
2023-12-07,Brown's Bar,Yellow Tail,1408.4845892179046,0.0,0.0
2023-12-08,Brown's Bar,Yellow Tail,1408.4845892179046,0.0,0.0
2023-12-09,Brown's Bar,Yellow Tail,1408.4845892179046,0.0,0.0
2023-12-10,Brown's Bar,Yellow Tail,1408.4845892179046,0.0,0.0
2023-12-11,Brown's Bar,Yellow Tail,1408.4845892179046,0.0,0.0
2023-12-12,Brown's Bar,Yellow Tail,986.2745892179046,422.21,0.0
2023-12-13,Brown's Bar,Yellow Tail,0.0,1118.28,717.7445892179044
2023-12-14,Brown's Bar,Yellow Tail,0.0,269.05,717.7445892179044
2023-12-15,Brown's Bar,Yellow Tail,0.0,0.0,717.7445892179044
2023-12-16,Brown's Bar,Yellow Tail,717.7445892179044,0.0,0.0
2023-12-17,Brown's Bar,Yellow Tail,1435.4891784358088,0.0,0.0
2023-12-18,Brown's Bar,Yellow Tail,2153.233767653713,0.0,0.0
2023-12-19,Brown's Bar,Yellow Tail,2153.233767653713,0.0,0.0
2023-12-20,Brown's Bar,Yellow Tail,2153.233767653713,0.0,0.0
2023-12-21,Brown's Bar,Yellow Tail,2153.233767653713,0.0,0.0
2023-12-22,Brown's Bar,Yellow Tail,2153.233767653713,0.0,0.0
2023-12-23,Brown's Bar,Yellow Tail,2153.233767653713,0.0,0.0
2023-12-24,Brown's Bar,Yellow Tail,2153.233767653713,0.0,0.0
2023-12-25,Brown's Bar,Yellow Tail,2153.233767653713,0.0,0.0
2023-12-26,Brown's Bar,Yellow Tail,2153.233767653713,0.0,0.0
2023-12-27,Brown's Bar,Yellow Tail,2153.233767653713,0.0,0.0
2023-12-28,Brown's Bar,Yellow Tail,2153.233767653713,0.0,0.0
2023-12-29,Brown's Bar,Yellow Tail,1711.4037676537132,441.83,0.0
2023-12-30,Brown's Bar,Yellow Tail,1711.4037676537132,0.0,0.0
2023-12-31,Brown's Bar,Yellow Tail,1711.4037676537132,0.0,0.0
2024-01-01,Brown's Bar,Yellow Tail,1711.4037676537132,0.0,0.0
2023-10-23,Johnson's Bar,Absolut,674.5028545402206,0.0,0.0
2023-10-24,Johnson's Bar,Absolut,674.5028545402206,0.0,0.0
2023-10-25,Johnson's Bar,Absolut,474.5728545402206,199.93,199.93
2023-10-26,Johnson's Bar,Absolut,474.5728545402206,0.0,199.93
2023-10-27,Johnson's Bar,Absolut,474.5728545402206,0.0,199.93
2023-10-28,Johnson's Bar,Absolut,674.5028545402206,0.0,0.0
2023-10-29,Johnson's Bar,Absolut,874.4328545402207,0.0,0.0
2023-10-30,Johnson's Bar,Absolut,1074.3628545402207,0.0,0.0
2023-10-31,Johnson's Bar,Absolut,1074.3628545402207,0.0,0.0
2023-11-01,Johnson's Bar,Absolut,1074.3628545402207,0.0,0.0
2023-11-02,Johnson's Bar,Absolut,1074.3628545402207,0.0,0.0
2023-11-03,Johnson's Bar,Absolut,1074.3628545402207,0.0,0.0
2023-11-04,Johnson's Bar,Absolut,1074.3628545402207,0.0,0.0
2023-11-05,Johnson's Bar,Absolut,1074.3628545402207,0.0,0.0
2023-11-06,Johnson's Bar,Absolut,1074.3628545402207,0.0,0.0
2023-11-07,Johnson's Bar,Absolut,1074.3628545402207,0.0,0.0
2023-11-08,Johnson's Bar,Absolut,1074.3628545402207,0.0,0.0
2023-11-09,Johnson's Bar,Absolut,1074.3628545402207,0.0,0.0
2023-11-10,Johnson's Bar,Absolut,570.9728545402207,503.39,103.52999999999986
2023-11-11,Johnson's Bar,Absolut,570.9728545402207,0.0,103.52999999999986
2023-11-12,Johnson's Bar,Absolut,90.37285454022071,480.6,584.1299999999999
2023-11-13,Johnson's Bar,Absolut,193.90285454022057,0.0,480.6
2023-11-14,Johnson's Bar,Absolut,297.43285454022043,0.0,377.07000000000016
2023-11-15,Johnson's Bar,Absolut,303.1928545402203,578.37,371.3100000000003
2023-11-16,Johnson's Bar,Absolut,783.7928545402203,0.0,0.0
2023-11-17,Johnson's Bar,Absolut,1160.8628545402205,0.0,0.0
2023-11-18,Johnson's Bar,Absolut,1532.1728545402207,0.0,0.0
2023-11-19,Johnson's Bar,Absolut,1283.6228545402207,248.55,0.0
2023-11-20,Johnson's Bar,Absolut,1283.6228545402207,0.0,0.0
2023-11-21,Johnson's Bar,Absolut,776.0128545402207,507.61,0.0
2023-11-22,Johnson's Bar,Absolut,776.0128545402207,0.0,0.0
2023-11-23,Johnson's Bar,Absolut,776.0128545402207,0.0,0.0
2023-11-24,Johnson's Bar,Absolut,776.0128545402207,0.0,0.0
2023-11-25,Johnson's Bar,Absolut,776.0128545402207,0.0,0.0
2023-11-26,Johnson's Bar,Absolut,776.0128545402207,0.0,0.0
2023-11-27,Johnson's Bar,Absolut,776.0128545402207,0.0,0.0
2023-11-28,Johnson's Bar,Absolut,776.0128545402207,0.0,0.0
2023-11-29,Johnson's Bar,Absolut,776.0128545402207,0.0,0.0
2023-11-30,Johnson's Bar,Absolut,776.0128545402207,0.0,0.0
2023-12-01,Johnson's Bar,Absolut,776.0128545402207,0.0,0.0
2023-12-02,Johnson's Bar,Absolut,522.9328545402207,253.08,151.56999999999994
2023-12-03,Johnson's Bar,Absolut,349.0128545402207,173.92,325.4899999999999
2023-12-04,Johnson's Bar,Absolut,187.6728545402207,161.34,486.8299999999999
2023-12-05,Johnson's Bar,Absolut,339.2428545402206,0.0,335.26
2023-12-06,Johnson's Bar,Absolut,664.7328545402205,0.0,9.770000000000095
2023-12-07,Johnson's Bar,Absolut,1151.5628545402205,0.0,0.0
2023-12-08,Johnson's Bar,Absolut,1486.8228545402205,0.0,0.0
2023-12-09,Johnson's Bar,Absolut,1496.5928545402207,0.0,0.0
2023-12-10,Johnson's Bar,Absolut,1359.1628545402207,137.43,0.0
2023-12-11,Johnson's Bar,Absolut,1018.7928545402207,340.37,0.0
2023-12-12,Johnson's Bar,Absolut,1018.7928545402207,0.0,0.0
2023-12-13,Johnson's Bar,Absolut,1018.7928545402207,0.0,0.0
2023-12-14,Johnson's Bar,Absolut,1018.7928545402207,0.0,0.0
2023-12-15,Johnson's Bar,Absolut,462.2628545402207,556.53,212.2399999999999
2023-12-16,Johnson's Bar,Absolut,462.2628545402207,0.0,212.2399999999999
2023-12-17,Johnson's Bar,Absolut,462.2628545402207,0.0,212.2399999999999
2023-12-18,Johnson's Bar,Absolut,674.5028545402206,0.0,0.0
2023-12-19,Johnson's Bar,Absolut,886.7428545402205,0.0,0.0
2023-12-20,Johnson's Bar,Absolut,1098.9828545402204,0.0,0.0
2023-12-21,Johnson's Bar,Absolut,1098.9828545402204,0.0,0.0
2023-12-22,Johnson's Bar,Absolut,1098.9828545402204,0.0,0.0
2023-12-23,Johnson's Bar,Absolut,1098.9828545402204,0.0,0.0
2023-12-24,Johnson's Bar,Absolut,1098.9828545402204,0.0,0.0
2023-12-25,Johnson's Bar,Absolut,1098.9828545402204,0.0,0.0
2023-12-26,Johnson's Bar,Absolut,1098.9828545402204,0.0,0.0
2023-12-27,Johnson's Bar,Absolut,1098.9828545402204,0.0,0.0
2023-12-28,Johnson's Bar,Absolut,1098.9828545402204,0.0,0.0
2023-12-29,Johnson's Bar,Absolut,1098.9828545402204,0.0,0.0
2023-12-30,Johnson's Bar,Absolut,1098.9828545402204,0.0,0.0
2023-12-31,Johnson's Bar,Absolut,1098.9828545402204,0.0,0.0
2024-01-01,Johnson's Bar,Absolut,1098.9828545402204,0.0,0.0
2023-10-23,Johnson's Bar,Bacardi,121.54265281998312,409.36,409.36
2023-10-24,Johnson's Bar,Bacardi,121.54265281998312,0.0,409.36
2023-10-25,Johnson's Bar,Bacardi,121.54265281998312,0.0,409.36
2023-10-26,Johnson's Bar,Bacardi,530.9026528199831,0.0,0.0
2023-10-27,Johnson's Bar,Bacardi,940.2626528199831,0.0,0.0
2023-10-28,Johnson's Bar,Bacardi,853.2626528199831,496.36,0.0
2023-10-29,Johnson's Bar,Bacardi,853.2626528199831,0.0,0.0
2023-10-30,Johnson's Bar,Bacardi,853.2626528199831,0.0,0.0
2023-10-31,Johnson's Bar,Bacardi,853.2626528199831,0.0,0.0
2023-11-01,Johnson's Bar,Bacardi,853.2626528199831,0.0,0.0
2023-11-02,Johnson's Bar,Bacardi,853.2626528199831,0.0,0.0
2023-11-03,Johnson's Bar,Bacardi,853.2626528199831,0.0,0.0
2023-11-04,Johnson's Bar,Bacardi,853.2626528199831,0.0,0.0
2023-11-05,Johnson's Bar,Bacardi,853.2626528199831,0.0,0.0
2023-11-06,Johnson's Bar,Bacardi,853.2626528199831,0.0,0.0
2023-11-07,Johnson's Bar,Bacardi,329.15265281998313,524.11,201.75
2023-11-08,Johnson's Bar,Bacardi,329.15265281998313,0.0,201.75
2023-11-09,Johnson's Bar,Bacardi,329.15265281998313,0.0,201.75
2023-11-10,Johnson's Bar,Bacardi,530.9026528199831,0.0,0.0
2023-11-11,Johnson's Bar,Bacardi,732.6526528199831,0.0,0.0
2023-11-12,Johnson's Bar,Bacardi,934.4026528199831,0.0,0.0
2023-11-13,Johnson's Bar,Bacardi,934.4026528199831,0.0,0.0
2023-11-14,Johnson's Bar,Bacardi,621.5026528199832,312.9,0.0
2023-11-15,Johnson's Bar,Bacardi,621.5026528199832,0.0,0.0
2023-11-16,Johnson's Bar,Bacardi,621.5026528199832,0.0,0.0
2023-11-17,Johnson's Bar,Bacardi,621.5026528199832,0.0,0.0
2023-11-18,Johnson's Bar,Bacardi,621.5026528199832,0.0,0.0
2023-11-19,Johnson's Bar,Bacardi,384.26265281998315,237.24,146.64
2023-11-20,Johnson's Bar,Bacardi,384.26265281998315,0.0,146.64
2023-11-21,Johnson's Bar,Bacardi,270.87265281998316,113.39,260.03
2023-11-22,Johnson's Bar,Bacardi,417.51265281998315,0.0,113.38999999999999
2023-11-23,Johnson's Bar,Bacardi,564.1526528199831,0.0,0.0
2023-11-24,Johnson's Bar,Bacardi,824.1826528199831,0.0,0.0
2023-11-25,Johnson's Bar,Bacardi,612.0526528199831,325.52,0.0
2023-11-26,Johnson's Bar,Bacardi,612.0526528199831,0.0,0.0
2023-11-27,Johnson's Bar,Bacardi,612.0526528199831,0.0,0.0
2023-11-28,Johnson's Bar,Bacardi,612.0526528199831,0.0,0.0
2023-11-29,Johnson's Bar,Bacardi,395.3226528199831,216.73,135.58000000000004
2023-11-30,Johnson's Bar,Bacardi,395.3226528199831,0.0,135.58000000000004
2023-12-01,Johnson's Bar,Bacardi,395.3226528199831,0.0,135.58000000000004
2023-12-02,Johnson's Bar,Bacardi,530.9026528199831,0.0,0.0
2023-12-03,Johnson's Bar,Bacardi,666.4826528199832,0.0,0.0
2023-12-04,Johnson's Bar,Bacardi,802.0626528199832,0.0,0.0
2023-12-05,Johnson's Bar,Bacardi,802.0626528199832,0.0,0.0
2023-12-06,Johnson's Bar,Bacardi,802.0626528199832,0.0,0.0
2023-12-07,Johnson's Bar,Bacardi,802.0626528199832,0.0,0.0
2023-12-08,Johnson's Bar,Bacardi,802.0626528199832,0.0,0.0
2023-12-09,Johnson's Bar,Bacardi,802.0626528199832,0.0,0.0
2023-12-10,Johnson's Bar,Bacardi,299.3926528199832,502.67,231.50999999999993
2023-12-11,Johnson's Bar,Bacardi,182.4926528199832,116.9,348.40999999999997
2023-12-12,Johnson's Bar,Bacardi,182.4926528199832,0.0,348.40999999999997
2023-12-13,Johnson's Bar,Bacardi,414.00265281998315,0.0,116.89999999999998
2023-12-14,Johnson's Bar,Bacardi,762.4126528199831,0.0,0.0
2023-12-15,Johnson's Bar,Bacardi,1110.822652819983,0.0,0.0
2023-12-16,Johnson's Bar,Bacardi,1033.792652819983,193.93,0.0
2023-12-17,Johnson's Bar,Bacardi,1033.792652819983,0.0,0.0
2023-12-18,Johnson's Bar,Bacardi,1033.792652819983,0.0,0.0
2023-12-19,Johnson's Bar,Bacardi,530.032652819983,503.76,0.8700000000001182
2023-12-20,Johnson's Bar,Bacardi,530.032652819983,0.0,0.8700000000001182
2023-12-21,Johnson's Bar,Bacardi,530.032652819983,0.0,0.8700000000001182
2023-12-22,Johnson's Bar,Bacardi,530.9026528199831,0.0,0.0
2023-12-23,Johnson's Bar,Bacardi,531.7726528199833,0.0,0.0
2023-12-24,Johnson's Bar,Bacardi,532.6426528199834,0.0,0.0
2023-12-25,Johnson's Bar,Bacardi,532.6426528199834,0.0,0.0
2023-12-26,Johnson's Bar,Bacardi,532.6426528199834,0.0,0.0
2023-12-27,Johnson's Bar,Bacardi,176.98265281998334,355.66,353.9199999999998
2023-12-28,Johnson's Bar,Bacardi,176.98265281998334,0.0,353.9199999999998
2023-12-29,Johnson's Bar,Bacardi,176.98265281998334,0.0,353.9199999999998
2023-12-30,Johnson's Bar,Bacardi,530.9026528199831,0.0,0.0
2023-12-31,Johnson's Bar,Bacardi,884.822652819983,0.0,0.0
2024-01-01,Johnson's Bar,Bacardi,1238.7426528199828,0.0,0.0
2023-10-23,Johnson's Bar,Barefoot,657.0316835398086,0.0,0.0
2023-10-24,Johnson's Bar,Barefoot,657.0316835398086,0.0,0.0
2023-10-25,Johnson's Bar,Barefoot,657.0316835398086,0.0,0.0
2023-10-26,Johnson's Bar,Barefoot,657.0316835398086,0.0,0.0
2023-10-27,Johnson's Bar,Barefoot,374.92168353980855,282.11,282.11
2023-10-28,Johnson's Bar,Barefoot,239.25168353980857,135.67,417.78
2023-10-29,Johnson's Bar,Barefoot,239.25168353980857,0.0,417.78
2023-10-30,Johnson's Bar,Barefoot,521.3616835398086,0.0,135.66999999999996
2023-10-31,Johnson's Bar,Barefoot,939.1416835398086,0.0,0.0
2023-11-01,Johnson's Bar,Barefoot,1356.9216835398086,0.0,0.0
2023-11-02,Johnson's Bar,Barefoot,1492.5916835398084,0.0,0.0
2023-11-03,Johnson's Bar,Barefoot,1492.5916835398084,0.0,0.0
2023-11-04,Johnson's Bar,Barefoot,1492.5916835398084,0.0,0.0
2023-11-05,Johnson's Bar,Barefoot,1492.5916835398084,0.0,0.0
2023-11-06,Johnson's Bar,Barefoot,1492.5916835398084,0.0,0.0
2023-11-07,Johnson's Bar,Barefoot,1492.5916835398084,0.0,0.0
2023-11-08,Johnson's Bar,Barefoot,1492.5916835398084,0.0,0.0
2023-11-09,Johnson's Bar,Barefoot,1492.5916835398084,0.0,0.0
2023-11-10,Johnson's Bar,Barefoot,1492.5916835398084,0.0,0.0
2023-11-11,Johnson's Bar,Barefoot,1492.5916835398084,0.0,0.0
2023-11-12,Johnson's Bar,Barefoot,1492.5916835398084,0.0,0.0
2023-11-13,Johnson's Bar,Barefoot,940.4816835398084,552.11,0.0
2023-11-14,Johnson's Bar,Barefoot,940.4816835398084,0.0,0.0
2023-11-15,Johnson's Bar,Barefoot,940.4816835398084,0.0,0.0
2023-11-16,Johnson's Bar,Barefoot,940.4816835398084,0.0,0.0
2023-11-17,Johnson's Bar,Barefoot,940.4816835398084,0.0,0.0
2023-11-18,Johnson's Bar,Barefoot,940.4816835398084,0.0,0.0
2023-11-19,Johnson's Bar,Barefoot,940.4816835398084,0.0,0.0
2023-11-20,Johnson's Bar,Barefoot,940.4816835398084,0.0,0.0
2023-11-21,Johnson's Bar,Barefoot,940.4816835398084,0.0,0.0
2023-11-22,Johnson's Bar,Barefoot,940.4816835398084,0.0,0.0
2023-11-23,Johnson's Bar,Barefoot,940.4816835398084,0.0,0.0
2023-11-24,Johnson's Bar,Barefoot,940.4816835398084,0.0,0.0
2023-11-25,Johnson's Bar,Barefoot,940.4816835398084,0.0,0.0
2023-11-26,Johnson's Bar,Barefoot,940.4816835398084,0.0,0.0
2023-11-27,Johnson's Bar,Barefoot,940.4816835398084,0.0,0.0
2023-11-28,Johnson's Bar,Barefoot,940.4816835398084,0.0,0.0
2023-11-29,Johnson's Bar,Barefoot,940.4816835398084,0.0,0.0
2023-11-30,Johnson's Bar,Barefoot,940.4816835398084,0.0,0.0
2023-12-01,Johnson's Bar,Barefoot,940.4816835398084,0.0,0.0
2023-12-02,Johnson's Bar,Barefoot,940.4816835398084,0.0,0.0
2023-12-03,Johnson's Bar,Barefoot,940.4816835398084,0.0,0.0
2023-12-04,Johnson's Bar,Barefoot,940.4816835398084,0.0,0.0
2023-12-05,Johnson's Bar,Barefoot,940.4816835398084,0.0,0.0
2023-12-06,Johnson's Bar,Barefoot,940.4816835398084,0.0,0.0
2023-12-07,Johnson's Bar,Barefoot,940.4816835398084,0.0,0.0
2023-12-08,Johnson's Bar,Barefoot,940.4816835398084,0.0,0.0
2023-12-09,Johnson's Bar,Barefoot,940.4816835398084,0.0,0.0
2023-12-10,Johnson's Bar,Barefoot,940.4816835398084,0.0,0.0
2023-12-11,Johnson's Bar,Barefoot,940.4816835398084,0.0,0.0
2023-12-12,Johnson's Bar,Barefoot,940.4816835398084,0.0,0.0
2023-12-13,Johnson's Bar,Barefoot,940.4816835398084,0.0,0.0
2023-12-14,Johnson's Bar,Barefoot,940.4816835398084,0.0,0.0
2023-12-15,Johnson's Bar,Barefoot,940.4816835398084,0.0,0.0
2023-12-16,Johnson's Bar,Barefoot,702.7716835398084,237.71,0.0
2023-12-17,Johnson's Bar,Barefoot,702.7716835398084,0.0,0.0
2023-12-18,Johnson's Bar,Barefoot,702.7716835398084,0.0,0.0
2023-12-19,Johnson's Bar,Barefoot,702.7716835398084,0.0,0.0
2023-12-20,Johnson's Bar,Barefoot,702.7716835398084,0.0,0.0
2023-12-21,Johnson's Bar,Barefoot,354.01168353980836,348.76,303.0200000000002
2023-12-22,Johnson's Bar,Barefoot,354.01168353980836,0.0,303.0200000000002
2023-12-23,Johnson's Bar,Barefoot,26.371683539808373,327.64,630.6600000000002
2023-12-24,Johnson's Bar,Barefoot,329.3916835398086,0.0,327.64
2023-12-25,Johnson's Bar,Barefoot,632.4116835398088,0.0,24.619999999999777
2023-12-26,Johnson's Bar,Barefoot,1263.0716835398089,0.0,0.0
2023-12-27,Johnson's Bar,Barefoot,1590.7116835398087,0.0,0.0
2023-12-28,Johnson's Bar,Barefoot,1615.3316835398086,0.0,0.0
2023-12-29,Johnson's Bar,Barefoot,1615.3316835398086,0.0,0.0
2023-12-30,Johnson's Bar,Barefoot,1615.3316835398086,0.0,0.0
2023-12-31,Johnson's Bar,Barefoot,1615.3316835398086,0.0,0.0
2024-01-01,Johnson's Bar,Barefoot,1615.3316835398086,0.0,0.0
2023-10-23,Johnson's Bar,Budweiser,613.2649293117095,0.0,0.0
2023-10-24,Johnson's Bar,Budweiser,449.04492931170944,164.22,164.22000000000003
2023-10-25,Johnson's Bar,Budweiser,449.04492931170944,0.0,164.22000000000003
2023-10-26,Johnson's Bar,Budweiser,449.04492931170944,0.0,164.22000000000003
2023-10-27,Johnson's Bar,Budweiser,613.2649293117095,0.0,0.0
2023-10-28,Johnson's Bar,Budweiser,513.6149293117095,263.87,99.64999999999998
2023-10-29,Johnson's Bar,Budweiser,677.8349293117095,0.0,0.0
2023-10-30,Johnson's Bar,Budweiser,677.8349293117095,0.0,0.0
2023-10-31,Johnson's Bar,Budweiser,777.4849293117095,0.0,0.0
2023-11-01,Johnson's Bar,Budweiser,777.4849293117095,0.0,0.0
2023-11-02,Johnson's Bar,Budweiser,777.4849293117095,0.0,0.0
2023-11-03,Johnson's Bar,Budweiser,554.6749293117095,222.81,58.58999999999992
2023-11-04,Johnson's Bar,Budweiser,554.6749293117095,0.0,58.58999999999992
2023-11-05,Johnson's Bar,Budweiser,554.6749293117095,0.0,58.58999999999992
2023-11-06,Johnson's Bar,Budweiser,613.2649293117095,0.0,0.0
2023-11-07,Johnson's Bar,Budweiser,671.8549293117094,0.0,0.0
2023-11-08,Johnson's Bar,Budweiser,730.4449293117093,0.0,0.0
2023-11-09,Johnson's Bar,Budweiser,157.52492931170934,572.92,455.7400000000001
2023-11-10,Johnson's Bar,Budweiser,157.52492931170934,0.0,455.7400000000001
2023-11-11,Johnson's Bar,Budweiser,157.52492931170934,0.0,455.7400000000001
2023-11-12,Johnson's Bar,Budweiser,613.2649293117095,0.0,0.0
2023-11-13,Johnson's Bar,Budweiser,1069.0049293117095,0.0,0.0
2023-11-14,Johnson's Bar,Budweiser,1524.7449293117097,0.0,0.0
2023-11-15,Johnson's Bar,Budweiser,1524.7449293117097,0.0,0.0
2023-11-16,Johnson's Bar,Budweiser,1524.7449293117097,0.0,0.0
2023-11-17,Johnson's Bar,Budweiser,1524.7449293117097,0.0,0.0
2023-11-18,Johnson's Bar,Budweiser,1524.7449293117097,0.0,0.0
2023-11-19,Johnson's Bar,Budweiser,1524.7449293117097,0.0,0.0
2023-11-20,Johnson's Bar,Budweiser,1019.6949293117098,505.05,0.0
2023-11-21,Johnson's Bar,Budweiser,1019.6949293117098,0.0,0.0
2023-11-22,Johnson's Bar,Budweiser,1019.6949293117098,0.0,0.0
2023-11-23,Johnson's Bar,Budweiser,1019.6949293117098,0.0,0.0
2023-11-24,Johnson's Bar,Budweiser,1019.6949293117098,0.0,0.0
2023-11-25,Johnson's Bar,Budweiser,1019.6949293117098,0.0,0.0
2023-11-26,Johnson's Bar,Budweiser,1019.6949293117098,0.0,0.0
2023-11-27,Johnson's Bar,Budweiser,1019.6949293117098,0.0,0.0
2023-11-28,Johnson's Bar,Budweiser,1019.6949293117098,0.0,0.0
2023-11-29,Johnson's Bar,Budweiser,1019.6949293117098,0.0,0.0
2023-11-30,Johnson's Bar,Budweiser,1019.6949293117098,0.0,0.0
2023-12-01,Johnson's Bar,Budweiser,1019.6949293117098,0.0,0.0
2023-12-02,Johnson's Bar,Budweiser,1019.6949293117098,0.0,0.0
2023-12-03,Johnson's Bar,Budweiser,1019.6949293117098,0.0,0.0
2023-12-04,Johnson's Bar,Budweiser,1019.6949293117098,0.0,0.0
2023-12-05,Johnson's Bar,Budweiser,1019.6949293117098,0.0,0.0
2023-12-06,Johnson's Bar,Budweiser,1019.6949293117098,0.0,0.0
2023-12-07,Johnson's Bar,Budweiser,1019.6949293117098,0.0,0.0
2023-12-08,Johnson's Bar,Budweiser,1019.6949293117098,0.0,0.0
2023-12-09,Johnson's Bar,Budweiser,1019.6949293117098,0.0,0.0
2023-12-10,Johnson's Bar,Budweiser,1019.6949293117098,0.0,0.0
2023-12-11,Johnson's Bar,Budweiser,1019.6949293117098,0.0,0.0
2023-12-12,Johnson's Bar,Budweiser,1019.6949293117098,0.0,0.0
2023-12-13,Johnson's Bar,Budweiser,1019.6949293117098,0.0,0.0
2023-12-14,Johnson's Bar,Budweiser,1019.6949293117098,0.0,0.0
2023-12-15,Johnson's Bar,Budweiser,1019.6949293117098,0.0,0.0
2023-12-16,Johnson's Bar,Budweiser,1019.6949293117098,0.0,0.0
2023-12-17,Johnson's Bar,Budweiser,1019.6949293117098,0.0,0.0
2023-12-18,Johnson's Bar,Budweiser,1019.6949293117098,0.0,0.0
2023-12-19,Johnson's Bar,Budweiser,1019.6949293117098,0.0,0.0
2023-12-20,Johnson's Bar,Budweiser,1019.6949293117098,0.0,0.0
2023-12-21,Johnson's Bar,Budweiser,458.6349293117098,561.06,154.62999999999965
2023-12-22,Johnson's Bar,Budweiser,458.6349293117098,0.0,154.62999999999965
2023-12-23,Johnson's Bar,Budweiser,458.6349293117098,0.0,154.62999999999965
2023-12-24,Johnson's Bar,Budweiser,613.2649293117095,0.0,0.0
2023-12-25,Johnson's Bar,Budweiser,767.8949293117091,0.0,0.0
2023-12-26,Johnson's Bar,Budweiser,922.5249293117088,0.0,0.0
2023-12-27,Johnson's Bar,Budweiser,922.5249293117088,0.0,0.0
2023-12-28,Johnson's Bar,Budweiser,458.6449293117088,463.88,154.6200000000007
2023-12-29,Johnson's Bar,Budweiser,458.6449293117088,0.0,154.6200000000007
2023-12-30,Johnson's Bar,Budweiser,230.09492931170877,228.55,383.1700000000007
2023-12-31,Johnson's Bar,Budweiser,384.71492931170945,0.0,228.55
2024-01-01,Johnson's Bar,Budweiser,539.3349293117101,0.0,73.92999999999938
2023-10-23,Johnson's Bar,Captain Morgan,714.954123975492,0.0,0.0
2023-10-24,Johnson's Bar,Captain Morgan,714.954123975492,0.0,0.0
2023-10-25,Johnson's Bar,Captain Morgan,714.954123975492,0.0,0.0
2023-10-26,Johnson's Bar,Captain Morgan,714.954123975492,0.0,0.0
2023-10-27,Johnson's Bar,Captain Morgan,464.94412397549206,250.01,250.01
2023-10-28,Johnson's Bar,Captain Morgan,464.94412397549206,0.0,250.01
2023-10-29,Johnson's Bar,Captain Morgan,0.0,466.62,714.954123975492
2023-10-30,Johnson's Bar,Captain Morgan,250.01,0.0,464.94412397549206
2023-10-31,Johnson's Bar,Captain Morgan,500.02,0.0,214.93412397549207
2023-11-01,Johnson's Bar,Captain Morgan,906.6641239754922,308.31,0.0
2023-11-02,Johnson's Bar,Captain Morgan,1371.6082479509842,0.0,0.0
2023-11-03,Johnson's Bar,Captain Morgan,1586.5423719264763,0.0,0.0
2023-11-04,Johnson's Bar,Captain Morgan,1586.5423719264763,0.0,0.0
2023-11-05,Johnson's Bar,Captain Morgan,1586.5423719264763,0.0,0.0
2023-11-06,Johnson's Bar,Captain Morgan,1586.5423719264763,0.0,0.0
2023-11-07,Johnson's Bar,Captain Morgan,1586.5423719264763,0.0,0.0
2023-11-08,Johnson's Bar,Captain Morgan,1106.7623719264764,479.78,0.0
2023-11-09,Johnson's Bar,Captain Morgan,1106.7623719264764,0.0,0.0
2023-11-10,Johnson's Bar,Captain Morgan,1106.7623719264764,0.0,0.0
2023-11-11,Johnson's Bar,Captain Morgan,1106.7623719264764,0.0,0.0
2023-11-12,Johnson's Bar,Captain Morgan,1106.7623719264764,0.0,0.0
2023-11-13,Johnson's Bar,Captain Morgan,1106.7623719264764,0.0,0.0
2023-11-14,Johnson's Bar,Captain Morgan,1106.7623719264764,0.0,0.0
2023-11-15,Johnson's Bar,Captain Morgan,1106.7623719264764,0.0,0.0
2023-11-16,Johnson's Bar,Captain Morgan,1106.7623719264764,0.0,0.0
2023-11-17,Johnson's Bar,Captain Morgan,1106.7623719264764,0.0,0.0
2023-11-18,Johnson's Bar,Captain Morgan,799.6523719264763,307.11,0.0
2023-11-19,Johnson's Bar,Captain Morgan,799.6523719264763,0.0,0.0
2023-11-20,Johnson's Bar,Captain Morgan,799.6523719264763,0.0,0.0
2023-11-21,Johnson's Bar,Captain Morgan,799.6523719264763,0.0,0.0
2023-11-22,Johnson's Bar,Captain Morgan,799.6523719264763,0.0,0.0
2023-11-23,Johnson's Bar,Captain Morgan,799.6523719264763,0.0,0.0
2023-11-24,Johnson's Bar,Captain Morgan,799.6523719264763,0.0,0.0
2023-11-25,Johnson's Bar,Captain Morgan,799.6523719264763,0.0,0.0
2023-11-26,Johnson's Bar,Captain Morgan,799.6523719264763,0.0,0.0
2023-11-27,Johnson's Bar,Captain Morgan,438.69237192647637,360.96,276.2617520490157
2023-11-28,Johnson's Bar,Captain Morgan,438.69237192647637,0.0,276.2617520490157
2023-11-29,Johnson's Bar,Captain Morgan,438.69237192647637,0.0,276.2617520490157
2023-11-30,Johnson's Bar,Captain Morgan,390.90412397549204,324.05,324.05
2023-12-01,Johnson's Bar,Captain Morgan,423.6058760245077,243.56,291.34824795098433
2023-12-02,Johnson's Bar,Captain Morgan,699.8676280735234,0.0,15.086495901968647
2023-12-03,Johnson's Bar,Captain Morgan,634.4276280735235,389.49,80.52649590196859
2023-12-04,Johnson's Bar,Captain Morgan,925.7758760245079,0.0,0.0
2023-12-05,Johnson's Bar,Captain Morgan,940.8623719264765,0.0,0.0
2023-12-06,Johnson's Bar,Captain Morgan,1021.3888678284451,0.0,0.0
2023-12-07,Johnson's Bar,Captain Morgan,1021.3888678284451,0.0,0.0
2023-12-08,Johnson's Bar,Captain Morgan,562.3688678284451,459.02,152.58525614704695
2023-12-09,Johnson's Bar,Captain Morgan,134.9888678284451,427.38,579.965256147047
2023-12-10,Johnson's Bar,Captain Morgan,134.9888678284451,0.0,579.965256147047
2023-12-11,Johnson's Bar,Captain Morgan,287.57412397549206,0.0,427.38
2023-12-12,Johnson's Bar,Captain Morgan,867.539380122539,0.0,0.0
2023-12-13,Johnson's Bar,Captain Morgan,1447.504636269586,0.0,0.0
2023-12-14,Johnson's Bar,Captain Morgan,1874.8846362695858,0.0,0.0
2023-12-15,Johnson's Bar,Captain Morgan,1874.8846362695858,0.0,0.0
2023-12-16,Johnson's Bar,Captain Morgan,1874.8846362695858,0.0,0.0
2023-12-17,Johnson's Bar,Captain Morgan,1874.8846362695858,0.0,0.0
2023-12-18,Johnson's Bar,Captain Morgan,1651.2346362695857,223.65,0.0
2023-12-19,Johnson's Bar,Captain Morgan,1651.2346362695857,0.0,0.0
2023-12-20,Johnson's Bar,Captain Morgan,1651.2346362695857,0.0,0.0
2023-12-21,Johnson's Bar,Captain Morgan,1651.2346362695857,0.0,0.0
2023-12-22,Johnson's Bar,Captain Morgan,1651.2346362695857,0.0,0.0
2023-12-23,Johnson's Bar,Captain Morgan,1651.2346362695857,0.0,0.0
2023-12-24,Johnson's Bar,Captain Morgan,1651.2346362695857,0.0,0.0
2023-12-25,Johnson's Bar,Captain Morgan,1651.2346362695857,0.0,0.0
2023-12-26,Johnson's Bar,Captain Morgan,1430.5546362695857,220.68,0.0
2023-12-27,Johnson's Bar,Captain Morgan,1430.5546362695857,0.0,0.0
2023-12-28,Johnson's Bar,Captain Morgan,1202.7846362695857,227.77,0.0
2023-12-29,Johnson's Bar,Captain Morgan,1202.7846362695857,0.0,0.0
2023-12-30,Johnson's Bar,Captain Morgan,1202.7846362695857,0.0,0.0
2023-12-31,Johnson's Bar,Captain Morgan,1064.2846362695857,138.5,0.0
2024-01-01,Johnson's Bar,Captain Morgan,1064.2846362695857,0.0,0.0
2023-10-23,Johnson's Bar,Coors,554.3770743945154,0.0,0.0
2023-10-24,Johnson's Bar,Coors,554.3770743945154,0.0,0.0
2023-10-25,Johnson's Bar,Coors,554.3770743945154,0.0,0.0
2023-10-26,Johnson's Bar,Coors,375.4370743945154,178.94,178.94
2023-10-27,Johnson's Bar,Coors,375.4370743945154,0.0,178.94
2023-10-28,Johnson's Bar,Coors,375.4370743945154,0.0,178.94
2023-10-29,Johnson's Bar,Coors,554.3770743945154,0.0,0.0
2023-10-30,Johnson's Bar,Coors,733.3170743945154,0.0,0.0
2023-10-31,Johnson's Bar,Coors,912.2570743945155,0.0,0.0
2023-11-01,Johnson's Bar,Coors,912.2570743945155,0.0,0.0
2023-11-02,Johnson's Bar,Coors,912.2570743945155,0.0,0.0
2023-11-03,Johnson's Bar,Coors,912.2570743945155,0.0,0.0
2023-11-04,Johnson's Bar,Coors,912.2570743945155,0.0,0.0
2023-11-05,Johnson's Bar,Coors,912.2570743945155,0.0,0.0
2023-11-06,Johnson's Bar,Coors,684.7070743945155,227.55,0.0
2023-11-07,Johnson's Bar,Coors,684.7070743945155,0.0,0.0
2023-11-08,Johnson's Bar,Coors,684.7070743945155,0.0,0.0
2023-11-09,Johnson's Bar,Coors,684.7070743945155,0.0,0.0
2023-11-10,Johnson's Bar,Coors,684.7070743945155,0.0,0.0
2023-11-11,Johnson's Bar,Coors,684.7070743945155,0.0,0.0
2023-11-12,Johnson's Bar,Coors,684.7070743945155,0.0,0.0
2023-11-13,Johnson's Bar,Coors,229.17707439451556,455.53,325.1999999999998
2023-11-14,Johnson's Bar,Coors,229.17707439451556,0.0,325.1999999999998
2023-11-15,Johnson's Bar,Coors,229.17707439451556,0.0,325.1999999999998
2023-11-16,Johnson's Bar,Coors,554.3770743945154,0.0,0.0
2023-11-17,Johnson's Bar,Coors,334.0870743945152,545.49,220.2900000000002
2023-11-18,Johnson's Bar,Coors,198.62707439451498,460.66,355.7500000000004
2023-11-19,Johnson's Bar,Coors,198.62707439451498,0.0,355.7500000000004
2023-11-20,Johnson's Bar,Coors,418.91707439451517,0.0,135.4600000000002
2023-11-21,Johnson's Bar,Coors,774.6670743945156,0.0,0.0
2023-11-22,Johnson's Bar,Coors,1130.417074394516,0.0,0.0
2023-11-23,Johnson's Bar,Coors,1265.8770743945163,0.0,0.0
2023-11-24,Johnson's Bar,Coors,1265.8770743945163,0.0,0.0
2023-11-25,Johnson's Bar,Coors,1139.0670743945163,126.81,0.0
2023-11-26,Johnson's Bar,Coors,1139.0670743945163,0.0,0.0
2023-11-27,Johnson's Bar,Coors,962.2170743945163,176.85,0.0
2023-11-28,Johnson's Bar,Coors,962.2170743945163,0.0,0.0
2023-11-29,Johnson's Bar,Coors,962.2170743945163,0.0,0.0
2023-11-30,Johnson's Bar,Coors,962.2170743945163,0.0,0.0
2023-12-01,Johnson's Bar,Coors,962.2170743945163,0.0,0.0
2023-12-02,Johnson's Bar,Coors,854.8170743945163,107.4,0.0
2023-12-03,Johnson's Bar,Coors,854.8170743945163,0.0,0.0
2023-12-04,Johnson's Bar,Coors,854.8170743945163,0.0,0.0
2023-12-05,Johnson's Bar,Coors,854.8170743945163,0.0,0.0
2023-12-06,Johnson's Bar,Coors,854.8170743945163,0.0,0.0
2023-12-07,Johnson's Bar,Coors,854.8170743945163,0.0,0.0
2023-12-08,Johnson's Bar,Coors,854.8170743945163,0.0,0.0
2023-12-09,Johnson's Bar,Coors,854.8170743945163,0.0,0.0
2023-12-10,Johnson's Bar,Coors,854.8170743945163,0.0,0.0
2023-12-11,Johnson's Bar,Coors,854.8170743945163,0.0,0.0
2023-12-12,Johnson's Bar,Coors,441.75707439451634,413.06,112.61999999999904
2023-12-13,Johnson's Bar,Coors,441.75707439451634,0.0,112.61999999999904
2023-12-14,Johnson's Bar,Coors,0.0,532.62,554.3770743945154
2023-12-15,Johnson's Bar,Coors,112.61999999999904,0.0,441.75707439451634
2023-12-16,Johnson's Bar,Coors,225.23999999999808,0.0,329.1370743945173
2023-12-17,Johnson's Bar,Coors,779.6170743945135,0.0,0.0
2023-12-18,Johnson's Bar,Coors,1221.3741487890297,0.0,0.0
2023-12-19,Johnson's Bar,Coors,1198.0912231835468,352.42,0.0
2023-12-20,Johnson's Bar,Coors,1198.0912231835468,0.0,0.0
2023-12-21,Johnson's Bar,Coors,1198.0912231835468,0.0,0.0
2023-12-22,Johnson's Bar,Coors,1198.0912231835468,0.0,0.0
2023-12-23,Johnson's Bar,Coors,1198.0912231835468,0.0,0.0
2023-12-24,Johnson's Bar,Coors,1198.0912231835468,0.0,0.0
2023-12-25,Johnson's Bar,Coors,1198.0912231835468,0.0,0.0
2023-12-26,Johnson's Bar,Coors,691.3712231835468,506.72,0.0
2023-12-27,Johnson's Bar,Coors,691.3712231835468,0.0,0.0
2023-12-28,Johnson's Bar,Coors,691.3712231835468,0.0,0.0
2023-12-29,Johnson's Bar,Coors,691.3712231835468,0.0,0.0
2023-12-30,Johnson's Bar,Coors,691.3712231835468,0.0,0.0
2023-12-31,Johnson's Bar,Coors,691.3712231835468,0.0,0.0
2024-01-01,Johnson's Bar,Coors,558.3112231835469,133.06,0.0
2023-10-23,Johnson's Bar,Grey Goose,424.9743986510818,213.55,213.55
2023-10-24,Johnson's Bar,Grey Goose,424.9743986510818,0.0,213.55
2023-10-25,Johnson's Bar,Grey Goose,424.9743986510818,0.0,213.55
2023-10-26,Johnson's Bar,Grey Goose,638.5243986510818,0.0,0.0
2023-10-27,Johnson's Bar,Grey Goose,852.0743986510818,0.0,0.0
2023-10-28,Johnson's Bar,Grey Goose,1065.6243986510817,0.0,0.0
2023-10-29,Johnson's Bar,Grey Goose,1065.6243986510817,0.0,0.0
2023-10-30,Johnson's Bar,Grey Goose,1065.6243986510817,0.0,0.0
2023-10-31,Johnson's Bar,Grey Goose,510.5243986510817,555.1,128.0000000000001
2023-11-01,Johnson's Bar,Grey Goose,9.38439865108171,501.14,629.1400000000001
2023-11-02,Johnson's Bar,Grey Goose,0.0,397.81,638.5243986510818
2023-11-03,Johnson's Bar,Grey Goose,128.0000000000001,0.0,510.5243986510817
2023-11-04,Johnson's Bar,Grey Goose,757.1400000000002,0.0,0.0
2023-11-05,Johnson's Bar,Grey Goose,1015.7643986510822,379.9,0.0
2023-11-06,Johnson's Bar,Grey Goose,1526.2887973021639,0.0,0.0
2023-11-07,Johnson's Bar,Grey Goose,1526.2887973021639,0.0,0.0
2023-11-08,Johnson's Bar,Grey Goose,1526.2887973021639,0.0,0.0
2023-11-09,Johnson's Bar,Grey Goose,1526.2887973021639,0.0,0.0
2023-11-10,Johnson's Bar,Grey Goose,1526.2887973021639,0.0,0.0
2023-11-11,Johnson's Bar,Grey Goose,1526.2887973021639,0.0,0.0
2023-11-12,Johnson's Bar,Grey Goose,1526.2887973021639,0.0,0.0
2023-11-13,Johnson's Bar,Grey Goose,1526.2887973021639,0.0,0.0
2023-11-14,Johnson's Bar,Grey Goose,985.4387973021638,540.85,0.0
2023-11-15,Johnson's Bar,Grey Goose,985.4387973021638,0.0,0.0
2023-11-16,Johnson's Bar,Grey Goose,985.4387973021638,0.0,0.0
2023-11-17,Johnson's Bar,Grey Goose,451.93879730216383,533.5,186.58560134891798
2023-11-18,Johnson's Bar,Grey Goose,451.93879730216383,0.0,186.58560134891798
2023-11-19,Johnson's Bar,Grey Goose,451.93879730216383,0.0,186.58560134891798
2023-11-20,Johnson's Bar,Grey Goose,534.6143986510818,103.91,103.90999999999997
2023-11-21,Johnson's Bar,Grey Goose,721.1999999999998,0.0,0.0
2023-11-22,Johnson's Bar,Grey Goose,907.7856013489178,0.0,0.0
2023-11-23,Johnson's Bar,Grey Goose,1011.6956013489178,0.0,0.0
2023-11-24,Johnson's Bar,Grey Goose,1011.6956013489178,0.0,0.0
2023-11-25,Johnson's Bar,Grey Goose,1011.6956013489178,0.0,0.0
2023-11-26,Johnson's Bar,Grey Goose,549.3856013489178,462.31,89.138797302164
2023-11-27,Johnson's Bar,Grey Goose,549.3856013489178,0.0,89.138797302164
2023-11-28,Johnson's Bar,Grey Goose,549.3856013489178,0.0,89.138797302164
2023-11-29,Johnson's Bar,Grey Goose,638.5243986510818,0.0,0.0
2023-11-30,Johnson's Bar,Grey Goose,727.6631959532458,0.0,0.0
2023-12-01,Johnson's Bar,Grey Goose,816.8019932554098,0.0,0.0
2023-12-02,Johnson's Bar,Grey Goose,816.8019932554098,0.0,0.0
2023-12-03,Johnson's Bar,Grey Goose,816.8019932554098,0.0,0.0
2023-12-04,Johnson's Bar,Grey Goose,816.8019932554098,0.0,0.0
2023-12-05,Johnson's Bar,Grey Goose,816.8019932554098,0.0,0.0
2023-12-06,Johnson's Bar,Grey Goose,816.8019932554098,0.0,0.0
2023-12-07,Johnson's Bar,Grey Goose,816.8019932554098,0.0,0.0
2023-12-08,Johnson's Bar,Grey Goose,816.8019932554098,0.0,0.0
2023-12-09,Johnson's Bar,Grey Goose,617.4019932554098,199.4,21.12240539567199
2023-12-10,Johnson's Bar,Grey Goose,617.4019932554098,0.0,21.12240539567199
2023-12-11,Johnson's Bar,Grey Goose,617.4019932554098,0.0,21.12240539567199
2023-12-12,Johnson's Bar,Grey Goose,638.5243986510818,0.0,0.0
2023-12-13,Johnson's Bar,Grey Goose,659.6468040467538,0.0,0.0
2023-12-14,Johnson's Bar,Grey Goose,126.02920944242578,554.74,512.495189208656
2023-12-15,Johnson's Bar,Grey Goose,126.02920944242578,0.0,512.495189208656
2023-12-16,Johnson's Bar,Grey Goose,126.02920944242578,0.0,512.495189208656
2023-12-17,Johnson's Bar,Grey Goose,288.3843986510818,350.14,350.14
2023-12-18,Johnson's Bar,Grey Goose,800.8795878597379,0.0,0.0
2023-12-19,Johnson's Bar,Grey Goose,1313.374777068394,0.0,0.0
2023-12-20,Johnson's Bar,Grey Goose,1663.5147770683939,0.0,0.0
2023-12-21,Johnson's Bar,Grey Goose,1663.5147770683939,0.0,0.0
2023-12-22,Johnson's Bar,Grey Goose,1663.5147770683939,0.0,0.0
2023-12-23,Johnson's Bar,Grey Goose,1663.5147770683939,0.0,0.0
2023-12-24,Johnson's Bar,Grey Goose,1663.5147770683939,0.0,0.0
2023-12-25,Johnson's Bar,Grey Goose,1663.5147770683939,0.0,0.0
2023-12-26,Johnson's Bar,Grey Goose,1663.5147770683939,0.0,0.0
2023-12-27,Johnson's Bar,Grey Goose,1663.5147770683939,0.0,0.0
2023-12-28,Johnson's Bar,Grey Goose,1501.7847770683939,161.73,0.0
2023-12-29,Johnson's Bar,Grey Goose,916.9747770683939,584.81,0.0
2023-12-30,Johnson's Bar,Grey Goose,477.4947770683939,439.48,161.02962158268792
2023-12-31,Johnson's Bar,Grey Goose,477.4947770683939,0.0,161.02962158268792
2024-01-01,Johnson's Bar,Grey Goose,0.0,543.73,638.5243986510818
2023-10-23,Johnson's Bar,Heineken,504.1292274019331,0.0,0.0
2023-10-24,Johnson's Bar,Heineken,504.1292274019331,0.0,0.0
2023-10-25,Johnson's Bar,Heineken,12.07922740193311,492.05,492.05
2023-10-26,Johnson's Bar,Heineken,12.07922740193311,0.0,492.05
2023-10-27,Johnson's Bar,Heineken,12.07922740193311,0.0,492.05
2023-10-28,Johnson's Bar,Heineken,504.1292274019331,0.0,0.0
2023-10-29,Johnson's Bar,Heineken,996.1792274019331,0.0,0.0
2023-10-30,Johnson's Bar,Heineken,1254.999227401933,233.23,0.0
2023-10-31,Johnson's Bar,Heineken,907.519227401933,347.48,0.0
2023-11-01,Johnson's Bar,Heineken,907.519227401933,0.0,0.0
2023-11-02,Johnson's Bar,Heineken,907.519227401933,0.0,0.0
2023-11-03,Johnson's Bar,Heineken,907.519227401933,0.0,0.0
2023-11-04,Johnson's Bar,Heineken,550.719227401933,356.8,0.0
2023-11-05,Johnson's Bar,Heineken,550.719227401933,0.0,0.0
2023-11-06,Johnson's Bar,Heineken,550.719227401933,0.0,0.0
2023-11-07,Johnson's Bar,Heineken,550.719227401933,0.0,0.0
2023-11-08,Johnson's Bar,Heineken,550.719227401933,0.0,0.0
2023-11-09,Johnson's Bar,Heineken,550.719227401933,0.0,0.0
2023-11-10,Johnson's Bar,Heineken,550.719227401933,0.0,0.0
2023-11-11,Johnson's Bar,Heineken,93.66922740193303,457.05,410.4600000000001
2023-11-12,Johnson's Bar,Heineken,0.0,321.93,504.1292274019331
2023-11-13,Johnson's Bar,Heineken,0.0,0.0,504.1292274019331
2023-11-14,Johnson's Bar,Heineken,410.4600000000001,0.0,93.66922740193303
2023-11-15,Johnson's Bar,Heineken,491.26922740193316,423.32,12.859999999999957
2023-11-16,Johnson's Bar,Heineken,995.3984548038663,0.0,0.0
2023-11-17,Johnson's Bar,Heineken,1089.0676822057994,0.0,0.0
2023-11-18,Johnson's Bar,Heineken,1101.9276822057993,0.0,0.0
2023-11-19,Johnson's Bar,Heineken,1101.9276822057993,0.0,0.0
2023-11-20,Johnson's Bar,Heineken,1101.9276822057993,0.0,0.0
2023-11-21,Johnson's Bar,Heineken,1101.9276822057993,0.0,0.0
2023-11-22,Johnson's Bar,Heineken,1101.9276822057993,0.0,0.0
2023-11-23,Johnson's Bar,Heineken,1101.9276822057993,0.0,0.0
2023-11-24,Johnson's Bar,Heineken,1101.9276822057993,0.0,0.0
2023-11-25,Johnson's Bar,Heineken,1101.9276822057993,0.0,0.0
2023-11-26,Johnson's Bar,Heineken,1101.9276822057993,0.0,0.0
2023-11-27,Johnson's Bar,Heineken,1101.9276822057993,0.0,0.0
2023-11-28,Johnson's Bar,Heineken,1101.9276822057993,0.0,0.0
2023-11-29,Johnson's Bar,Heineken,1101.9276822057993,0.0,0.0
2023-11-30,Johnson's Bar,Heineken,502.8476822057993,599.08,1.281545196133834
2023-12-01,Johnson's Bar,Heineken,502.8476822057993,0.0,1.281545196133834
2023-12-02,Johnson's Bar,Heineken,502.8476822057993,0.0,1.281545196133834
2023-12-03,Johnson's Bar,Heineken,504.1292274019331,0.0,0.0
2023-12-04,Johnson's Bar,Heineken,505.41077259806696,0.0,0.0
2023-12-05,Johnson's Bar,Heineken,506.6923177942008,0.0,0.0
2023-12-06,Johnson's Bar,Heineken,372.34231779420077,134.35,131.78690960773235
2023-12-07,Johnson's Bar,Heineken,372.34231779420077,0.0,131.78690960773235
2023-12-08,Johnson's Bar,Heineken,372.34231779420077,0.0,131.78690960773235
2023-12-09,Johnson's Bar,Heineken,504.1292274019331,0.0,0.0
2023-12-10,Johnson's Bar,Heineken,635.9161370096655,0.0,0.0
2023-12-11,Johnson's Bar,Heineken,767.7030466173978,0.0,0.0
2023-12-12,Johnson's Bar,Heineken,767.7030466173978,0.0,0.0
2023-12-13,Johnson's Bar,Heineken,767.7030466173978,0.0,0.0
2023-12-14,Johnson's Bar,Heineken,767.7030466173978,0.0,0.0
2023-12-15,Johnson's Bar,Heineken,594.0930466173978,173.61,0.0
2023-12-16,Johnson's Bar,Heineken,594.0930466173978,0.0,0.0
2023-12-17,Johnson's Bar,Heineken,366.39304661739783,227.7,137.7361807845353
2023-12-18,Johnson's Bar,Heineken,366.39304661739783,0.0,137.7361807845353
2023-12-19,Johnson's Bar,Heineken,366.39304661739783,0.0,137.7361807845353
2023-12-20,Johnson's Bar,Heineken,0.0,510.43,504.1292274019331
2023-12-21,Johnson's Bar,Heineken,137.7361807845353,0.0,366.39304661739783
2023-12-22,Johnson's Bar,Heineken,275.4723615690706,0.0,228.65686583286254
2023-12-23,Johnson's Bar,Heineken,779.6015889710037,0.0,0.0
2023-12-24,Johnson's Bar,Heineken,648.6946355884015,497.3,0.0
2023-12-25,Johnson's Bar,Heineken,877.3515014212641,0.0,0.0
2023-12-26,Johnson's Bar,Heineken,877.3515014212641,0.0,0.0
2023-12-27,Johnson's Bar,Heineken,877.3515014212641,0.0,0.0
2023-12-28,Johnson's Bar,Heineken,877.3515014212641,0.0,0.0
2023-12-29,Johnson's Bar,Heineken,354.86150142126405,522.49,149.26772598066907
2023-12-30,Johnson's Bar,Heineken,354.86150142126405,0.0,149.26772598066907
2023-12-31,Johnson's Bar,Heineken,354.86150142126405,0.0,149.26772598066907
2024-01-01,Johnson's Bar,Heineken,504.1292274019331,0.0,0.0
2023-10-23,Johnson's Bar,Jack Daniels,549.7169505517264,0.0,0.0
2023-10-24,Johnson's Bar,Jack Daniels,549.7169505517264,0.0,0.0
2023-10-25,Johnson's Bar,Jack Daniels,549.7169505517264,0.0,0.0
2023-10-26,Johnson's Bar,Jack Daniels,32.59695055172642,517.12,517.12
2023-10-27,Johnson's Bar,Jack Daniels,32.59695055172642,0.0,517.12
2023-10-28,Johnson's Bar,Jack Daniels,32.59695055172642,0.0,517.12
2023-10-29,Johnson's Bar,Jack Daniels,549.7169505517264,0.0,0.0
2023-10-30,Johnson's Bar,Jack Daniels,634.2969505517265,432.54,0.0
2023-10-31,Johnson's Bar,Jack Daniels,1151.4169505517266,0.0,0.0
2023-11-01,Johnson's Bar,Jack Daniels,1151.4169505517266,0.0,0.0
2023-11-02,Johnson's Bar,Jack Daniels,1151.4169505517266,0.0,0.0
2023-11-03,Johnson's Bar,Jack Daniels,1151.4169505517266,0.0,0.0
2023-11-04,Johnson's Bar,Jack Daniels,1151.4169505517266,0.0,0.0
2023-11-05,Johnson's Bar,Jack Daniels,1151.4169505517266,0.0,0.0
2023-11-06,Johnson's Bar,Jack Daniels,1151.4169505517266,0.0,0.0
2023-11-07,Johnson's Bar,Jack Daniels,1151.4169505517266,0.0,0.0
2023-11-08,Johnson's Bar,Jack Daniels,1151.4169505517266,0.0,0.0
2023-11-09,Johnson's Bar,Jack Daniels,863.0569505517266,288.36,0.0
2023-11-10,Johnson's Bar,Jack Daniels,863.0569505517266,0.0,0.0
2023-11-11,Johnson's Bar,Jack Daniels,863.0569505517266,0.0,0.0
2023-11-12,Johnson's Bar,Jack Daniels,863.0569505517266,0.0,0.0
2023-11-13,Johnson's Bar,Jack Daniels,863.0569505517266,0.0,0.0
2023-11-14,Johnson's Bar,Jack Daniels,863.0569505517266,0.0,0.0
2023-11-15,Johnson's Bar,Jack Daniels,863.0569505517266,0.0,0.0
2023-11-16,Johnson's Bar,Jack Daniels,863.0569505517266,0.0,0.0
2023-11-17,Johnson's Bar,Jack Daniels,863.0569505517266,0.0,0.0
2023-11-18,Johnson's Bar,Jack Daniels,863.0569505517266,0.0,0.0
2023-11-19,Johnson's Bar,Jack Daniels,863.0569505517266,0.0,0.0
2023-11-20,Johnson's Bar,Jack Daniels,863.0569505517266,0.0,0.0
2023-11-21,Johnson's Bar,Jack Daniels,863.0569505517266,0.0,0.0
2023-11-22,Johnson's Bar,Jack Daniels,863.0569505517266,0.0,0.0
2023-11-23,Johnson's Bar,Jack Daniels,863.0569505517266,0.0,0.0
2023-11-24,Johnson's Bar,Jack Daniels,863.0569505517266,0.0,0.0
2023-11-25,Johnson's Bar,Jack Daniels,863.0569505517266,0.0,0.0
2023-11-26,Johnson's Bar,Jack Daniels,863.0569505517266,0.0,0.0
2023-11-27,Johnson's Bar,Jack Daniels,863.0569505517266,0.0,0.0
2023-11-28,Johnson's Bar,Jack Daniels,863.0569505517266,0.0,0.0
2023-11-29,Johnson's Bar,Jack Daniels,367.12695055172657,495.93,182.58999999999986
2023-11-30,Johnson's Bar,Jack Daniels,367.12695055172657,0.0,182.58999999999986
2023-12-01,Johnson's Bar,Jack Daniels,367.12695055172657,0.0,182.58999999999986
2023-12-02,Johnson's Bar,Jack Daniels,549.7169505517264,0.0,0.0
2023-12-03,Johnson's Bar,Jack Daniels,732.3069505517262,0.0,0.0
2023-12-04,Johnson's Bar,Jack Daniels,730.9669505517261,183.93,0.0
2023-12-05,Johnson's Bar,Jack Daniels,451.7669505517261,279.2,97.95000000000033
2023-12-06,Johnson's Bar,Jack Daniels,451.7669505517261,0.0,97.95000000000033
2023-12-07,Johnson's Bar,Jack Daniels,451.7669505517261,0.0,97.95000000000033
2023-12-08,Johnson's Bar,Jack Daniels,549.7169505517264,0.0,0.0
2023-12-09,Johnson's Bar,Jack Daniels,647.6669505517268,0.0,0.0
2023-12-10,Johnson's Bar,Jack Daniels,745.6169505517271,0.0,0.0
2023-12-11,Johnson's Bar,Jack Daniels,745.6169505517271,0.0,0.0
2023-12-12,Johnson's Bar,Jack Daniels,745.6169505517271,0.0,0.0
2023-12-13,Johnson's Bar,Jack Daniels,745.6169505517271,0.0,0.0
2023-12-14,Johnson's Bar,Jack Daniels,745.6169505517271,0.0,0.0
2023-12-15,Johnson's Bar,Jack Daniels,745.6169505517271,0.0,0.0
2023-12-16,Johnson's Bar,Jack Daniels,745.6169505517271,0.0,0.0
2023-12-17,Johnson's Bar,Jack Daniels,745.6169505517271,0.0,0.0
2023-12-18,Johnson's Bar,Jack Daniels,150.62695055172708,594.99,399.08999999999935
2023-12-19,Johnson's Bar,Jack Daniels,150.62695055172708,0.0,399.08999999999935
2023-12-20,Johnson's Bar,Jack Daniels,150.62695055172708,0.0,399.08999999999935
2023-12-21,Johnson's Bar,Jack Daniels,549.7169505517264,0.0,0.0
2023-12-22,Johnson's Bar,Jack Daniels,797.4569505517258,151.35,0.0
2023-12-23,Johnson's Bar,Jack Daniels,1196.546950551725,0.0,0.0
2023-12-24,Johnson's Bar,Jack Daniels,1196.546950551725,0.0,0.0
2023-12-25,Johnson's Bar,Jack Daniels,1196.546950551725,0.0,0.0
2023-12-26,Johnson's Bar,Jack Daniels,644.8669505517252,551.68,0.0
2023-12-27,Johnson's Bar,Jack Daniels,644.8669505517252,0.0,0.0
2023-12-28,Johnson's Bar,Jack Daniels,644.8669505517252,0.0,0.0
2023-12-29,Johnson's Bar,Jack Daniels,306.1569505517252,338.71,243.56000000000125
2023-12-30,Johnson's Bar,Jack Daniels,306.1569505517252,0.0,243.56000000000125
2023-12-31,Johnson's Bar,Jack Daniels,306.1569505517252,0.0,243.56000000000125
2024-01-01,Johnson's Bar,Jack Daniels,549.7169505517264,0.0,0.0
2023-10-23,Johnson's Bar,Jameson,501.807791092073,0.0,0.0
2023-10-24,Johnson's Bar,Jameson,501.807791092073,0.0,0.0
2023-10-25,Johnson's Bar,Jameson,501.807791092073,0.0,0.0
2023-10-26,Johnson's Bar,Jameson,501.807791092073,0.0,0.0
2023-10-27,Johnson's Bar,Jameson,501.807791092073,0.0,0.0
2023-10-28,Johnson's Bar,Jameson,501.807791092073,0.0,0.0
2023-10-29,Johnson's Bar,Jameson,501.807791092073,0.0,0.0
2023-10-30,Johnson's Bar,Jameson,501.807791092073,0.0,0.0
2023-10-31,Johnson's Bar,Jameson,501.807791092073,0.0,0.0
2023-11-01,Johnson's Bar,Jameson,501.807791092073,0.0,0.0
2023-11-02,Johnson's Bar,Jameson,501.807791092073,0.0,0.0
2023-11-03,Johnson's Bar,Jameson,501.807791092073,0.0,0.0
2023-11-04,Johnson's Bar,Jameson,380.96779109207296,120.84,120.84000000000003
2023-11-05,Johnson's Bar,Jameson,380.96779109207296,0.0,120.84000000000003
2023-11-06,Johnson's Bar,Jameson,380.96779109207296,0.0,120.84000000000003
2023-11-07,Johnson's Bar,Jameson,283.647791092073,218.16,218.15999999999997
2023-11-08,Johnson's Bar,Jameson,0.0,485.34,501.807791092073
2023-11-09,Johnson's Bar,Jameson,120.84000000000003,0.0,380.96779109207296
2023-11-10,Johnson's Bar,Jameson,44.99000000000001,294.01,456.817791092073
2023-11-11,Johnson's Bar,Jameson,546.797791092073,0.0,0.0
2023-11-12,Johnson's Bar,Jameson,927.765582184146,0.0,0.0
2023-11-13,Johnson's Bar,Jameson,1384.583373276219,0.0,0.0
2023-11-14,Johnson's Bar,Jameson,1234.1433732762189,150.44,0.0
2023-11-15,Johnson's Bar,Jameson,1128.6533732762189,105.49,0.0
2023-11-16,Johnson's Bar,Jameson,1128.6533732762189,0.0,0.0
2023-11-17,Johnson's Bar,Jameson,905.3133732762188,223.34,0.0
2023-11-18,Johnson's Bar,Jameson,905.3133732762188,0.0,0.0
2023-11-19,Johnson's Bar,Jameson,905.3133732762188,0.0,0.0
2023-11-20,Johnson's Bar,Jameson,905.3133732762188,0.0,0.0
2023-11-21,Johnson's Bar,Jameson,905.3133732762188,0.0,0.0
2023-11-22,Johnson's Bar,Jameson,526.4733732762188,378.84,0.0
2023-11-23,Johnson's Bar,Jameson,526.4733732762188,0.0,0.0
2023-11-24,Johnson's Bar,Jameson,526.4733732762188,0.0,0.0
2023-11-25,Johnson's Bar,Jameson,526.4733732762188,0.0,0.0
2023-11-26,Johnson's Bar,Jameson,526.4733732762188,0.0,0.0
2023-11-27,Johnson's Bar,Jameson,526.4733732762188,0.0,0.0
2023-11-28,Johnson's Bar,Jameson,526.4733732762188,0.0,0.0
2023-11-29,Johnson's Bar,Jameson,526.4733732762188,0.0,0.0
2023-11-30,Johnson's Bar,Jameson,0.0,563.25,501.807791092073
2023-12-01,Johnson's Bar,Jameson,0.0,0.0,501.807791092073
2023-12-02,Johnson's Bar,Jameson,0.0,0.0,501.807791092073
2023-12-03,Johnson's Bar,Jameson,501.807791092073,0.0,0.0
2023-12-04,Johnson's Bar,Jameson,1003.615582184146,0.0,0.0
2023-12-05,Johnson's Bar,Jameson,1505.423373276219,0.0,0.0
2023-12-06,Johnson's Bar,Jameson,1505.423373276219,0.0,0.0
2023-12-07,Johnson's Bar,Jameson,1505.423373276219,0.0,0.0
2023-12-08,Johnson's Bar,Jameson,1505.423373276219,0.0,0.0
2023-12-09,Johnson's Bar,Jameson,1505.423373276219,0.0,0.0
2023-12-10,Johnson's Bar,Jameson,1505.423373276219,0.0,0.0
2023-12-11,Johnson's Bar,Jameson,1505.423373276219,0.0,0.0
2023-12-12,Johnson's Bar,Jameson,1505.423373276219,0.0,0.0
2023-12-13,Johnson's Bar,Jameson,1505.423373276219,0.0,0.0
2023-12-14,Johnson's Bar,Jameson,1378.753373276219,126.67,0.0
2023-12-15,Johnson's Bar,Jameson,1378.753373276219,0.0,0.0
2023-12-16,Johnson's Bar,Jameson,1378.753373276219,0.0,0.0
2023-12-17,Johnson's Bar,Jameson,1378.753373276219,0.0,0.0
2023-12-18,Johnson's Bar,Jameson,1378.753373276219,0.0,0.0
2023-12-19,Johnson's Bar,Jameson,1248.003373276219,130.75,0.0
2023-12-20,Johnson's Bar,Jameson,1248.003373276219,0.0,0.0
2023-12-21,Johnson's Bar,Jameson,1248.003373276219,0.0,0.0
2023-12-22,Johnson's Bar,Jameson,1248.003373276219,0.0,0.0
2023-12-23,Johnson's Bar,Jameson,1248.003373276219,0.0,0.0
2023-12-24,Johnson's Bar,Jameson,741.973373276219,506.03,0.0
2023-12-25,Johnson's Bar,Jameson,741.973373276219,0.0,0.0
2023-12-26,Johnson's Bar,Jameson,741.973373276219,0.0,0.0
2023-12-27,Johnson's Bar,Jameson,620.083373276219,121.89,0.0
2023-12-28,Johnson's Bar,Jameson,620.083373276219,0.0,0.0
2023-12-29,Johnson's Bar,Jameson,620.083373276219,0.0,0.0
2023-12-30,Johnson's Bar,Jameson,620.083373276219,0.0,0.0
2023-12-31,Johnson's Bar,Jameson,620.083373276219,0.0,0.0
2024-01-01,Johnson's Bar,Jameson,620.083373276219,0.0,0.0
2023-10-23,Johnson's Bar,Jim Beam,460.86418516157727,0.0,0.0
2023-10-24,Johnson's Bar,Jim Beam,356.2241851615773,104.64,104.63999999999999
2023-10-25,Johnson's Bar,Jim Beam,356.2241851615773,0.0,104.63999999999999
2023-10-26,Johnson's Bar,Jim Beam,356.2241851615773,0.0,104.63999999999999
2023-10-27,Johnson's Bar,Jim Beam,460.86418516157727,0.0,0.0
2023-10-28,Johnson's Bar,Jim Beam,565.5041851615772,0.0,0.0
2023-10-29,Johnson's Bar,Jim Beam,670.1441851615772,0.0,0.0
2023-10-30,Johnson's Bar,Jim Beam,670.1441851615772,0.0,0.0
2023-10-31,Johnson's Bar,Jim Beam,670.1441851615772,0.0,0.0
2023-11-01,Johnson's Bar,Jim Beam,442.9941851615772,227.15,17.87000000000006
2023-11-02,Johnson's Bar,Jim Beam,0.0,485.94,460.86418516157727
2023-11-03,Johnson's Bar,Jim Beam,0.0,499.61,460.86418516157727
2023-11-04,Johnson's Bar,Jim Beam,17.87000000000006,0.0,442.9941851615772
2023-11-05,Johnson's Bar,Jim Beam,478.73418516157733,0.0,0.0
2023-11-06,Johnson's Bar,Jim Beam,454.9983703231545,484.6,5.86581483842275
2023-11-07,Johnson's Bar,Jim Beam,897.9925554847317,0.0,0.0
2023-11-08,Johnson's Bar,Jim Beam,897.9925554847317,0.0,0.0
2023-11-09,Johnson's Bar,Jim Beam,903.8583703231545,0.0,0.0
2023-11-10,Johnson's Bar,Jim Beam,903.8583703231545,0.0,0.0
2023-11-11,Johnson's Bar,Jim Beam,641.9583703231546,261.9,0.0
2023-11-12,Johnson's Bar,Jim Beam,177.94837032315456,464.01,282.9158148384227
2023-11-13,Johnson's Bar,Jim Beam,0.0,318.81,460.86418516157727
2023-11-14,Johnson's Bar,Jim Beam,0.0,0.0,460.86418516157727
2023-11-15,Johnson's Bar,Jim Beam,282.9158148384227,0.0,177.94837032315456
2023-11-16,Johnson's Bar,Jim Beam,743.78,0.0,0.0
2023-11-17,Johnson's Bar,Jim Beam,1204.6441851615773,0.0,0.0
2023-11-18,Johnson's Bar,Jim Beam,1244.6925554847317,137.9,0.0
2023-11-19,Johnson's Bar,Jim Beam,1009.9225554847317,234.77,0.0
2023-11-20,Johnson's Bar,Jim Beam,1009.9225554847317,0.0,0.0
2023-11-21,Johnson's Bar,Jim Beam,1009.9225554847317,0.0,0.0
2023-11-22,Johnson's Bar,Jim Beam,1009.9225554847317,0.0,0.0
2023-11-23,Johnson's Bar,Jim Beam,1009.9225554847317,0.0,0.0
2023-11-24,Johnson's Bar,Jim Beam,1009.9225554847317,0.0,0.0
2023-11-25,Johnson's Bar,Jim Beam,846.9325554847317,162.99,0.0
2023-11-26,Johnson's Bar,Jim Beam,315.81255548473166,531.12,145.0516296768456
2023-11-27,Johnson's Bar,Jim Beam,315.81255548473166,0.0,145.0516296768456
2023-11-28,Johnson's Bar,Jim Beam,315.81255548473166,0.0,145.0516296768456
2023-11-29,Johnson's Bar,Jim Beam,460.86418516157727,0.0,0.0
2023-11-30,Johnson's Bar,Jim Beam,605.9158148384229,0.0,0.0
2023-12-01,Johnson's Bar,Jim Beam,750.9674445152684,0.0,0.0
2023-12-02,Johnson's Bar,Jim Beam,750.9674445152684,0.0,0.0
2023-12-03,Johnson's Bar,Jim Beam,750.9674445152684,0.0,0.0
2023-12-04,Johnson's Bar,Jim Beam,750.9674445152684,0.0,0.0
2023-12-05,Johnson's Bar,Jim Beam,750.9674445152684,0.0,0.0
2023-12-06,Johnson's Bar,Jim Beam,274.57744451526844,476.39,186.28674064630883
2023-12-07,Johnson's Bar,Jim Beam,101.72744451526845,172.85,359.1367406463088
2023-12-08,Johnson's Bar,Jim Beam,101.72744451526845,0.0,359.1367406463088
2023-12-09,Johnson's Bar,Jim Beam,288.0141851615773,0.0,172.84999999999997
2023-12-10,Johnson's Bar,Jim Beam,647.1509258078861,0.0,0.0
2023-12-11,Johnson's Bar,Jim Beam,637.8176664541949,368.47,0.0
2023-12-12,Johnson's Bar,Jim Beam,810.6676664541949,0.0,0.0
2023-12-13,Johnson's Bar,Jim Beam,810.6676664541949,0.0,0.0
2023-12-14,Johnson's Bar,Jim Beam,810.6676664541949,0.0,0.0
2023-12-15,Johnson's Bar,Jim Beam,810.6676664541949,0.0,0.0
2023-12-16,Johnson's Bar,Jim Beam,810.6676664541949,0.0,0.0
2023-12-17,Johnson's Bar,Jim Beam,810.6676664541949,0.0,0.0
2023-12-18,Johnson's Bar,Jim Beam,810.6676664541949,0.0,0.0
2023-12-19,Johnson's Bar,Jim Beam,810.6676664541949,0.0,0.0
2023-12-20,Johnson's Bar,Jim Beam,810.6676664541949,0.0,0.0
2023-12-21,Johnson's Bar,Jim Beam,810.6676664541949,0.0,0.0
2023-12-22,Johnson's Bar,Jim Beam,810.6676664541949,0.0,0.0
2023-12-23,Johnson's Bar,Jim Beam,810.6676664541949,0.0,0.0
2023-12-24,Johnson's Bar,Jim Beam,810.6676664541949,0.0,0.0
2023-12-25,Johnson's Bar,Jim Beam,810.6676664541949,0.0,0.0
2023-12-26,Johnson's Bar,Jim Beam,810.6676664541949,0.0,0.0
2023-12-27,Johnson's Bar,Jim Beam,810.6676664541949,0.0,0.0
2023-12-28,Johnson's Bar,Jim Beam,501.0476664541949,309.62,0.0
2023-12-29,Johnson's Bar,Jim Beam,501.0476664541949,0.0,0.0
2023-12-30,Johnson's Bar,Jim Beam,501.0476664541949,0.0,0.0
2023-12-31,Johnson's Bar,Jim Beam,501.0476664541949,0.0,0.0
2024-01-01,Johnson's Bar,Jim Beam,501.0476664541949,0.0,0.0
2023-10-23,Johnson's Bar,Malibu,622.4896547818823,0.0,0.0
2023-10-24,Johnson's Bar,Malibu,622.4896547818823,0.0,0.0
2023-10-25,Johnson's Bar,Malibu,434.9996547818823,187.49,187.49
2023-10-26,Johnson's Bar,Malibu,434.9996547818823,0.0,187.49
2023-10-27,Johnson's Bar,Malibu,434.9996547818823,0.0,187.49
2023-10-28,Johnson's Bar,Malibu,622.4896547818823,0.0,0.0
2023-10-29,Johnson's Bar,Malibu,809.9796547818823,0.0,0.0
2023-10-30,Johnson's Bar,Malibu,997.4696547818824,0.0,0.0
2023-10-31,Johnson's Bar,Malibu,997.4696547818824,0.0,0.0
2023-11-01,Johnson's Bar,Malibu,997.4696547818824,0.0,0.0
2023-11-02,Johnson's Bar,Malibu,997.4696547818824,0.0,0.0
2023-11-03,Johnson's Bar,Malibu,997.4696547818824,0.0,0.0
2023-11-04,Johnson's Bar,Malibu,997.4696547818824,0.0,0.0
2023-11-05,Johnson's Bar,Malibu,710.6396547818824,286.83,0.0
2023-11-06,Johnson's Bar,Malibu,277.3996547818824,433.24,345.0899999999999
2023-11-07,Johnson's Bar,Malibu,277.3996547818824,0.0,345.0899999999999
2023-11-08,Johnson's Bar,Malibu,277.3996547818824,0.0,345.0899999999999
2023-11-09,Johnson's Bar,Malibu,622.4896547818823,0.0,0.0
2023-11-10,Johnson's Bar,Malibu,967.5796547818823,0.0,0.0
2023-11-11,Johnson's Bar,Malibu,737.1496547818822,575.52,0.0
2023-11-12,Johnson's Bar,Malibu,291.9796547818822,445.17,330.51000000000016
2023-11-13,Johnson's Bar,Malibu,291.9796547818822,0.0,330.51000000000016
2023-11-14,Johnson's Bar,Malibu,291.9796547818822,0.0,330.51000000000016
2023-11-15,Johnson's Bar,Malibu,212.92965478188233,409.56,409.56
2023-11-16,Johnson's Bar,Malibu,543.4396547818825,0.0,79.04999999999984
2023-11-17,Johnson's Bar,Malibu,873.9496547818826,0.0,0.0
2023-11-18,Johnson's Bar,Malibu,1283.5096547818825,0.0,0.0
2023-11-19,Johnson's Bar,Malibu,1362.5596547818823,0.0,0.0
2023-11-20,Johnson's Bar,Malibu,973.4996547818823,389.06,0.0
2023-11-21,Johnson's Bar,Malibu,973.4996547818823,0.0,0.0
2023-11-22,Johnson's Bar,Malibu,973.4996547818823,0.0,0.0
2023-11-23,Johnson's Bar,Malibu,973.4996547818823,0.0,0.0
2023-11-24,Johnson's Bar,Malibu,489.2596547818823,484.24,133.23000000000002
2023-11-25,Johnson's Bar,Malibu,489.2596547818823,0.0,133.23000000000002
2023-11-26,Johnson's Bar,Malibu,489.2596547818823,0.0,133.23000000000002
2023-11-27,Johnson's Bar,Malibu,622.4896547818823,0.0,0.0
2023-11-28,Johnson's Bar,Malibu,755.7196547818824,0.0,0.0
2023-11-29,Johnson's Bar,Malibu,888.9496547818824,0.0,0.0
2023-11-30,Johnson's Bar,Malibu,888.9496547818824,0.0,0.0
2023-12-01,Johnson's Bar,Malibu,888.9496547818824,0.0,0.0
2023-12-02,Johnson's Bar,Malibu,888.9496547818824,0.0,0.0
2023-12-03,Johnson's Bar,Malibu,888.9496547818824,0.0,0.0
2023-12-04,Johnson's Bar,Malibu,455.26965478188237,433.68,167.21999999999997
2023-12-05,Johnson's Bar,Malibu,455.26965478188237,0.0,167.21999999999997
2023-12-06,Johnson's Bar,Malibu,0.0,492.64,622.4896547818823
2023-12-07,Johnson's Bar,Malibu,167.21999999999997,0.0,455.26965478188237
2023-12-08,Johnson's Bar,Malibu,334.43999999999994,0.0,288.0496547818824
2023-12-09,Johnson's Bar,Malibu,956.9296547818823,0.0,0.0
2023-12-10,Johnson's Bar,Malibu,1412.1993095637647,0.0,0.0
2023-12-11,Johnson's Bar,Malibu,1700.248964345647,0.0,0.0
2023-12-12,Johnson's Bar,Malibu,1700.248964345647,0.0,0.0
2023-12-13,Johnson's Bar,Malibu,1700.248964345647,0.0,0.0
2023-12-14,Johnson's Bar,Malibu,1169.448964345647,530.8,0.0
2023-12-15,Johnson's Bar,Malibu,1169.448964345647,0.0,0.0
2023-12-16,Johnson's Bar,Malibu,1169.448964345647,0.0,0.0
2023-12-17,Johnson's Bar,Malibu,965.318964345647,204.13,0.0
2023-12-18,Johnson's Bar,Malibu,965.318964345647,0.0,0.0
2023-12-19,Johnson's Bar,Malibu,965.318964345647,0.0,0.0
2023-12-20,Johnson's Bar,Malibu,791.0389643456471,174.28,0.0
2023-12-21,Johnson's Bar,Malibu,791.0389643456471,0.0,0.0
2023-12-22,Johnson's Bar,Malibu,395.97896434564706,395.06,226.51069043623528
2023-12-23,Johnson's Bar,Malibu,159.82896434564705,236.15,462.6606904362353
2023-12-24,Johnson's Bar,Malibu,159.82896434564705,0.0,462.6606904362353
2023-12-25,Johnson's Bar,Malibu,386.33965478188236,0.0,236.14999999999998
2023-12-26,Johnson's Bar,Malibu,849.0003452181177,0.0,0.0
2023-12-27,Johnson's Bar,Malibu,1311.6610356543529,0.0,0.0
2023-12-28,Johnson's Bar,Malibu,1547.811035654353,0.0,0.0
2023-12-29,Johnson's Bar,Malibu,1547.811035654353,0.0,0.0
2023-12-30,Johnson's Bar,Malibu,1547.811035654353,0.0,0.0
2023-12-31,Johnson's Bar,Malibu,1547.811035654353,0.0,0.0
2024-01-01,Johnson's Bar,Malibu,1269.6510356543529,278.16,0.0
2023-10-23,Johnson's Bar,Miller,168.96393261636814,304.07,304.07
2023-10-24,Johnson's Bar,Miller,168.96393261636814,0.0,304.07
2023-10-25,Johnson's Bar,Miller,168.96393261636814,0.0,304.07
2023-10-26,Johnson's Bar,Miller,473.03393261636813,0.0,0.0
2023-10-27,Johnson's Bar,Miller,236.30393261636823,540.8,236.7299999999999
2023-10-28,Johnson's Bar,Miller,540.3739326163682,0.0,0.0
2023-10-29,Johnson's Bar,Miller,540.3739326163682,0.0,0.0
2023-10-30,Johnson's Bar,Miller,777.1039326163681,0.0,0.0
2023-10-31,Johnson's Bar,Miller,777.1039326163681,0.0,0.0
2023-11-01,Johnson's Bar,Miller,777.1039326163681,0.0,0.0
2023-11-02,Johnson's Bar,Miller,266.60393261636807,510.5,206.43000000000006
2023-11-03,Johnson's Bar,Miller,266.60393261636807,0.0,206.43000000000006
2023-11-04,Johnson's Bar,Miller,266.60393261636807,0.0,206.43000000000006
2023-11-05,Johnson's Bar,Miller,473.03393261636813,0.0,0.0
2023-11-06,Johnson's Bar,Miller,679.4639326163682,0.0,0.0
2023-11-07,Johnson's Bar,Miller,746.2839326163682,139.61,0.0
2023-11-08,Johnson's Bar,Miller,450.01393261636827,296.27,23.019999999999868
2023-11-09,Johnson's Bar,Miller,450.01393261636827,0.0,23.019999999999868
2023-11-10,Johnson's Bar,Miller,450.01393261636827,0.0,23.019999999999868
2023-11-11,Johnson's Bar,Miller,473.03393261636813,0.0,0.0
2023-11-12,Johnson's Bar,Miller,496.053932616368,0.0,0.0
2023-11-13,Johnson's Bar,Miller,519.0739326163679,0.0,0.0
2023-11-14,Johnson's Bar,Miller,519.0739326163679,0.0,0.0
2023-11-15,Johnson's Bar,Miller,519.0739326163679,0.0,0.0
2023-11-16,Johnson's Bar,Miller,236.32393261636787,282.75,236.71000000000026
2023-11-17,Johnson's Bar,Miller,236.32393261636787,0.0,236.71000000000026
2023-11-18,Johnson's Bar,Miller,236.32393261636787,0.0,236.71000000000026
2023-11-19,Johnson's Bar,Miller,294.47393261636813,178.56,178.56
2023-11-20,Johnson's Bar,Miller,531.1839326163683,0.0,0.0
2023-11-21,Johnson's Bar,Miller,767.8939326163686,0.0,0.0
2023-11-22,Johnson's Bar,Miller,946.4539326163685,0.0,0.0
2023-11-23,Johnson's Bar,Miller,946.4539326163685,0.0,0.0
2023-11-24,Johnson's Bar,Miller,355.6039326163685,590.85,117.42999999999961
2023-11-25,Johnson's Bar,Miller,355.6039326163685,0.0,117.42999999999961
2023-11-26,Johnson's Bar,Miller,0.0,374.61,473.03393261636813
2023-11-27,Johnson's Bar,Miller,117.42999999999961,0.0,355.6039326163685
2023-11-28,Johnson's Bar,Miller,0.0,363.94,473.03393261636813
2023-11-29,Johnson's Bar,Miller,473.03393261636813,0.0,0.0
2023-11-30,Johnson's Bar,Miller,828.6378652327367,0.0,0.0
2023-12-01,Johnson's Bar,Miller,1301.6717978491047,0.0,0.0
2023-12-02,Johnson's Bar,Miller,1301.6717978491047,0.0,0.0
2023-12-03,Johnson's Bar,Miller,1301.6717978491047,0.0,0.0
2023-12-04,Johnson's Bar,Miller,1301.6717978491047,0.0,0.0
2023-12-05,Johnson's Bar,Miller,934.0417978491047,367.63,0.0
2023-12-06,Johnson's Bar,Miller,934.0417978491047,0.0,0.0
2023-12-07,Johnson's Bar,Miller,934.0417978491047,0.0,0.0
2023-12-08,Johnson's Bar,Miller,934.0417978491047,0.0,0.0
2023-12-09,Johnson's Bar,Miller,934.0417978491047,0.0,0.0
2023-12-10,Johnson's Bar,Miller,934.0417978491047,0.0,0.0
2023-12-11,Johnson's Bar,Miller,414.09179784910464,519.95,58.9421347672635
2023-12-12,Johnson's Bar,Miller,414.09179784910464,0.0,58.9421347672635
2023-12-13,Johnson's Bar,Miller,361.28179784910463,52.81,111.7521347672635
2023-12-14,Johnson's Bar,Miller,420.22393261636813,0.0,52.81
2023-12-15,Johnson's Bar,Miller,479.1660673836316,0.0,0.0
2023-12-16,Johnson's Bar,Miller,590.9182021508951,0.0,0.0
2023-12-17,Johnson's Bar,Miller,643.7282021508952,0.0,0.0
2023-12-18,Johnson's Bar,Miller,643.7282021508952,0.0,0.0
2023-12-19,Johnson's Bar,Miller,643.7282021508952,0.0,0.0
2023-12-20,Johnson's Bar,Miller,643.7282021508952,0.0,0.0
2023-12-21,Johnson's Bar,Miller,643.7282021508952,0.0,0.0
2023-12-22,Johnson's Bar,Miller,643.7282021508952,0.0,0.0
2023-12-23,Johnson's Bar,Miller,643.7282021508952,0.0,0.0
2023-12-24,Johnson's Bar,Miller,643.7282021508952,0.0,0.0
2023-12-25,Johnson's Bar,Miller,643.7282021508952,0.0,0.0
2023-12-26,Johnson's Bar,Miller,643.7282021508952,0.0,0.0
2023-12-27,Johnson's Bar,Miller,643.7282021508952,0.0,0.0
2023-12-28,Johnson's Bar,Miller,643.7282021508952,0.0,0.0
2023-12-29,Johnson's Bar,Miller,643.7282021508952,0.0,0.0
2023-12-30,Johnson's Bar,Miller,643.7282021508952,0.0,0.0
2023-12-31,Johnson's Bar,Miller,643.7282021508952,0.0,0.0
2024-01-01,Johnson's Bar,Miller,643.7282021508952,0.0,0.0
2023-10-23,Johnson's Bar,Smirnoff,711.3951861922842,0.0,0.0
2023-10-24,Johnson's Bar,Smirnoff,711.3951861922842,0.0,0.0
2023-10-25,Johnson's Bar,Smirnoff,711.3951861922842,0.0,0.0
2023-10-26,Johnson's Bar,Smirnoff,300.8251861922842,410.57,410.57
2023-10-27,Johnson's Bar,Smirnoff,300.8251861922842,0.0,410.57
2023-10-28,Johnson's Bar,Smirnoff,300.8251861922842,0.0,410.57
2023-10-29,Johnson's Bar,Smirnoff,711.3951861922842,0.0,0.0
2023-10-30,Johnson's Bar,Smirnoff,1121.9651861922841,0.0,0.0
2023-10-31,Johnson's Bar,Smirnoff,1532.535186192284,0.0,0.0
2023-11-01,Johnson's Bar,Smirnoff,1532.535186192284,0.0,0.0
2023-11-02,Johnson's Bar,Smirnoff,1532.535186192284,0.0,0.0
2023-11-03,Johnson's Bar,Smirnoff,1532.535186192284,0.0,0.0
2023-11-04,Johnson's Bar,Smirnoff,1532.535186192284,0.0,0.0
2023-11-05,Johnson's Bar,Smirnoff,1532.535186192284,0.0,0.0
2023-11-06,Johnson's Bar,Smirnoff,1532.535186192284,0.0,0.0
2023-11-07,Johnson's Bar,Smirnoff,1532.535186192284,0.0,0.0
2023-11-08,Johnson's Bar,Smirnoff,1187.7351861922841,344.8,0.0
2023-11-09,Johnson's Bar,Smirnoff,1187.7351861922841,0.0,0.0
2023-11-10,Johnson's Bar,Smirnoff,1187.7351861922841,0.0,0.0
2023-11-11,Johnson's Bar,Smirnoff,1187.7351861922841,0.0,0.0
2023-11-12,Johnson's Bar,Smirnoff,1187.7351861922841,0.0,0.0
2023-11-13,Johnson's Bar,Smirnoff,1187.7351861922841,0.0,0.0
2023-11-14,Johnson's Bar,Smirnoff,1187.7351861922841,0.0,0.0
2023-11-15,Johnson's Bar,Smirnoff,1187.7351861922841,0.0,0.0
2023-11-16,Johnson's Bar,Smirnoff,981.0751861922841,206.66,0.0
2023-11-17,Johnson's Bar,Smirnoff,981.0751861922841,0.0,0.0
2023-11-18,Johnson's Bar,Smirnoff,681.6951861922842,299.38,29.700000000000045
2023-11-19,Johnson's Bar,Smirnoff,681.6951861922842,0.0,29.700000000000045
2023-11-20,Johnson's Bar,Smirnoff,681.6951861922842,0.0,29.700000000000045
2023-11-21,Johnson's Bar,Smirnoff,711.3951861922842,0.0,0.0
2023-11-22,Johnson's Bar,Smirnoff,256.3651861922842,484.73,455.03
2023-11-23,Johnson's Bar,Smirnoff,286.0651861922843,0.0,425.3299999999999
2023-11-24,Johnson's Bar,Smirnoff,0.0,451.46,711.3951861922842
2023-11-25,Johnson's Bar,Smirnoff,455.03,0.0,256.3651861922842
2023-11-26,Johnson's Bar,Smirnoff,880.3599999999999,0.0,0.0
2023-11-27,Johnson's Bar,Smirnoff,1591.755186192284,0.0,0.0
2023-11-28,Johnson's Bar,Smirnoff,1848.1203723845683,0.0,0.0
2023-11-29,Johnson's Bar,Smirnoff,1848.1203723845683,0.0,0.0
2023-11-30,Johnson's Bar,Smirnoff,1848.1203723845683,0.0,0.0
2023-12-01,Johnson's Bar,Smirnoff,1848.1203723845683,0.0,0.0
2023-12-02,Johnson's Bar,Smirnoff,1848.1203723845683,0.0,0.0
2023-12-03,Johnson's Bar,Smirnoff,1848.1203723845683,0.0,0.0
2023-12-04,Johnson's Bar,Smirnoff,1848.1203723845683,0.0,0.0
2023-12-05,Johnson's Bar,Smirnoff,1559.7303723845685,288.39,0.0
2023-12-06,Johnson's Bar,Smirnoff,1559.7303723845685,0.0,0.0
2023-12-07,Johnson's Bar,Smirnoff,1559.7303723845685,0.0,0.0
2023-12-08,Johnson's Bar,Smirnoff,1203.9603723845685,355.77,0.0
2023-12-09,Johnson's Bar,Smirnoff,1203.9603723845685,0.0,0.0
2023-12-10,Johnson's Bar,Smirnoff,1203.9603723845685,0.0,0.0
2023-12-11,Johnson's Bar,Smirnoff,1203.9603723845685,0.0,0.0
2023-12-12,Johnson's Bar,Smirnoff,1203.9603723845685,0.0,0.0
2023-12-13,Johnson's Bar,Smirnoff,1203.9603723845685,0.0,0.0
2023-12-14,Johnson's Bar,Smirnoff,1203.9603723845685,0.0,0.0
2023-12-15,Johnson's Bar,Smirnoff,1203.9603723845685,0.0,0.0
2023-12-16,Johnson's Bar,Smirnoff,1203.9603723845685,0.0,0.0
2023-12-17,Johnson's Bar,Smirnoff,1203.9603723845685,0.0,0.0
2023-12-18,Johnson's Bar,Smirnoff,1203.9603723845685,0.0,0.0
2023-12-19,Johnson's Bar,Smirnoff,1203.9603723845685,0.0,0.0
2023-12-20,Johnson's Bar,Smirnoff,1203.9603723845685,0.0,0.0
2023-12-21,Johnson's Bar,Smirnoff,1203.9603723845685,0.0,0.0
2023-12-22,Johnson's Bar,Smirnoff,1203.9603723845685,0.0,0.0
2023-12-23,Johnson's Bar,Smirnoff,878.7103723845685,325.25,0.0
2023-12-24,Johnson's Bar,Smirnoff,878.7103723845685,0.0,0.0
2023-12-25,Johnson's Bar,Smirnoff,878.7103723845685,0.0,0.0
2023-12-26,Johnson's Bar,Smirnoff,878.7103723845685,0.0,0.0
2023-12-27,Johnson's Bar,Smirnoff,878.7103723845685,0.0,0.0
2023-12-28,Johnson's Bar,Smirnoff,878.7103723845685,0.0,0.0
2023-12-29,Johnson's Bar,Smirnoff,878.7103723845685,0.0,0.0
2023-12-30,Johnson's Bar,Smirnoff,878.7103723845685,0.0,0.0
2023-12-31,Johnson's Bar,Smirnoff,878.7103723845685,0.0,0.0
2024-01-01,Johnson's Bar,Smirnoff,878.7103723845685,0.0,0.0
2023-10-23,Johnson's Bar,Sutter Home,597.973977765924,0.0,0.0
2023-10-24,Johnson's Bar,Sutter Home,597.973977765924,0.0,0.0
2023-10-25,Johnson's Bar,Sutter Home,597.973977765924,0.0,0.0
2023-10-26,Johnson's Bar,Sutter Home,597.973977765924,0.0,0.0
2023-10-27,Johnson's Bar,Sutter Home,597.973977765924,0.0,0.0
2023-10-28,Johnson's Bar,Sutter Home,597.973977765924,0.0,0.0
2023-10-29,Johnson's Bar,Sutter Home,597.973977765924,0.0,0.0
2023-10-30,Johnson's Bar,Sutter Home,597.973977765924,0.0,0.0
2023-10-31,Johnson's Bar,Sutter Home,597.973977765924,0.0,0.0
2023-11-01,Johnson's Bar,Sutter Home,597.973977765924,0.0,0.0
2023-11-02,Johnson's Bar,Sutter Home,99.59397776592402,498.38,498.38
2023-11-03,Johnson's Bar,Sutter Home,99.59397776592402,0.0,498.38
2023-11-04,Johnson's Bar,Sutter Home,99.59397776592402,0.0,498.38
2023-11-05,Johnson's Bar,Sutter Home,597.973977765924,0.0,0.0
2023-11-06,Johnson's Bar,Sutter Home,1096.353977765924,0.0,0.0
2023-11-07,Johnson's Bar,Sutter Home,1594.733977765924,0.0,0.0
2023-11-08,Johnson's Bar,Sutter Home,1594.733977765924,0.0,0.0
2023-11-09,Johnson's Bar,Sutter Home,1594.733977765924,0.0,0.0
2023-11-10,Johnson's Bar,Sutter Home,1594.733977765924,0.0,0.0
2023-11-11,Johnson's Bar,Sutter Home,1594.733977765924,0.0,0.0
2023-11-12,Johnson's Bar,Sutter Home,1594.733977765924,0.0,0.0
2023-11-13,Johnson's Bar,Sutter Home,1594.733977765924,0.0,0.0
2023-11-14,Johnson's Bar,Sutter Home,1594.733977765924,0.0,0.0
2023-11-15,Johnson's Bar,Sutter Home,1594.733977765924,0.0,0.0
2023-11-16,Johnson's Bar,Sutter Home,1594.733977765924,0.0,0.0
2023-11-17,Johnson's Bar,Sutter Home,1256.243977765924,338.49,0.0
2023-11-18,Johnson's Bar,Sutter Home,1256.243977765924,0.0,0.0
2023-11-19,Johnson's Bar,Sutter Home,1256.243977765924,0.0,0.0
2023-11-20,Johnson's Bar,Sutter Home,1256.243977765924,0.0,0.0
2023-11-21,Johnson's Bar,Sutter Home,1256.243977765924,0.0,0.0
2023-11-22,Johnson's Bar,Sutter Home,779.363977765924,476.88,0.0
2023-11-23,Johnson's Bar,Sutter Home,779.363977765924,0.0,0.0
2023-11-24,Johnson's Bar,Sutter Home,779.363977765924,0.0,0.0
2023-11-25,Johnson's Bar,Sutter Home,779.363977765924,0.0,0.0
2023-11-26,Johnson's Bar,Sutter Home,292.863977765924,486.5,305.11
2023-11-27,Johnson's Bar,Sutter Home,0.0,574.68,597.973977765924
2023-11-28,Johnson's Bar,Sutter Home,0.0,0.0,597.973977765924
2023-11-29,Johnson's Bar,Sutter Home,305.11,0.0,292.863977765924
2023-11-30,Johnson's Bar,Sutter Home,600.1439777659241,302.94,0.0
2023-12-01,Johnson's Bar,Sutter Home,1198.117955531848,0.0,0.0
2023-12-02,Johnson's Bar,Sutter Home,1490.9819332977722,0.0,0.0
2023-12-03,Johnson's Bar,Sutter Home,1490.9819332977722,0.0,0.0
2023-12-04,Johnson's Bar,Sutter Home,1490.9819332977722,0.0,0.0
2023-12-05,Johnson's Bar,Sutter Home,1490.9819332977722,0.0,0.0
2023-12-06,Johnson's Bar,Sutter Home,1490.9819332977722,0.0,0.0
2023-12-07,Johnson's Bar,Sutter Home,1212.0919332977724,278.89,0.0
2023-12-08,Johnson's Bar,Sutter Home,1212.0919332977724,0.0,0.0
2023-12-09,Johnson's Bar,Sutter Home,1212.0919332977724,0.0,0.0
2023-12-10,Johnson's Bar,Sutter Home,1212.0919332977724,0.0,0.0
2023-12-11,Johnson's Bar,Sutter Home,1212.0919332977724,0.0,0.0
2023-12-12,Johnson's Bar,Sutter Home,1212.0919332977724,0.0,0.0
2023-12-13,Johnson's Bar,Sutter Home,743.9419332977724,468.15,0.0
2023-12-14,Johnson's Bar,Sutter Home,743.9419332977724,0.0,0.0
2023-12-15,Johnson's Bar,Sutter Home,621.5719332977724,122.37,0.0
2023-12-16,Johnson's Bar,Sutter Home,621.5719332977724,0.0,0.0
2023-12-17,Johnson's Bar,Sutter Home,83.48193329777234,538.09,514.4920444681517
2023-12-18,Johnson's Bar,Sutter Home,83.48193329777234,0.0,514.4920444681517
2023-12-19,Johnson's Bar,Sutter Home,83.48193329777234,0.0,514.4920444681517
2023-12-20,Johnson's Bar,Sutter Home,597.973977765924,0.0,0.0
2023-12-21,Johnson's Bar,Sutter Home,1112.4660222340758,0.0,0.0
2023-12-22,Johnson's Bar,Sutter Home,1626.9580667022274,0.0,0.0
2023-12-23,Johnson's Bar,Sutter Home,1626.9580667022274,0.0,0.0
2023-12-24,Johnson's Bar,Sutter Home,1626.9580667022274,0.0,0.0
2023-12-25,Johnson's Bar,Sutter Home,1626.9580667022274,0.0,0.0
2023-12-26,Johnson's Bar,Sutter Home,1626.9580667022274,0.0,0.0
2023-12-27,Johnson's Bar,Sutter Home,1626.9580667022274,0.0,0.0
2023-12-28,Johnson's Bar,Sutter Home,1626.9580667022274,0.0,0.0
2023-12-29,Johnson's Bar,Sutter Home,1521.0780667022273,105.88,0.0
2023-12-30,Johnson's Bar,Sutter Home,1521.0780667022273,0.0,0.0
2023-12-31,Johnson's Bar,Sutter Home,1324.4280667022272,196.65,0.0
2024-01-01,Johnson's Bar,Sutter Home,1324.4280667022272,0.0,0.0
2023-10-23,Johnson's Bar,Yellow Tail,573.1765544331488,0.0,0.0
2023-10-24,Johnson's Bar,Yellow Tail,573.1765544331488,0.0,0.0
2023-10-25,Johnson's Bar,Yellow Tail,108.12655443314878,465.05,465.05
2023-10-26,Johnson's Bar,Yellow Tail,108.12655443314878,0.0,465.05
2023-10-27,Johnson's Bar,Yellow Tail,108.12655443314878,0.0,465.05
2023-10-28,Johnson's Bar,Yellow Tail,573.1765544331488,0.0,0.0
2023-10-29,Johnson's Bar,Yellow Tail,1038.2265544331487,0.0,0.0
2023-10-30,Johnson's Bar,Yellow Tail,1240.4165544331486,262.86,0.0
2023-10-31,Johnson's Bar,Yellow Tail,1240.4165544331486,0.0,0.0
2023-11-01,Johnson's Bar,Yellow Tail,984.7465544331486,255.67,0.0
2023-11-02,Johnson's Bar,Yellow Tail,984.7465544331486,0.0,0.0
2023-11-03,Johnson's Bar,Yellow Tail,984.7465544331486,0.0,0.0
2023-11-04,Johnson's Bar,Yellow Tail,984.7465544331486,0.0,0.0
2023-11-05,Johnson's Bar,Yellow Tail,984.7465544331486,0.0,0.0
2023-11-06,Johnson's Bar,Yellow Tail,984.7465544331486,0.0,0.0
2023-11-07,Johnson's Bar,Yellow Tail,823.4165544331486,161.33,0.0
2023-11-08,Johnson's Bar,Yellow Tail,823.4165544331486,0.0,0.0
2023-11-09,Johnson's Bar,Yellow Tail,823.4165544331486,0.0,0.0
2023-11-10,Johnson's Bar,Yellow Tail,434.5365544331486,388.88,138.6400000000002
2023-11-11,Johnson's Bar,Yellow Tail,434.5365544331486,0.0,138.6400000000002
2023-11-12,Johnson's Bar,Yellow Tail,434.5365544331486,0.0,138.6400000000002
2023-11-13,Johnson's Bar,Yellow Tail,573.1765544331488,0.0,0.0
2023-11-14,Johnson's Bar,Yellow Tail,711.816554433149,0.0,0.0
2023-11-15,Johnson's Bar,Yellow Tail,850.4565544331492,0.0,0.0
2023-11-16,Johnson's Bar,Yellow Tail,850.4565544331492,0.0,0.0
2023-11-17,Johnson's Bar,Yellow Tail,850.4565544331492,0.0,0.0
2023-11-18,Johnson's Bar,Yellow Tail,850.4565544331492,0.0,0.0
2023-11-19,Johnson's Bar,Yellow Tail,850.4565544331492,0.0,0.0
2023-11-20,Johnson's Bar,Yellow Tail,350.93655443314924,499.52,222.23999999999955
2023-11-21,Johnson's Bar,Yellow Tail,350.93655443314924,0.0,222.23999999999955
2023-11-22,Johnson's Bar,Yellow Tail,350.93655443314924,0.0,222.23999999999955
2023-11-23,Johnson's Bar,Yellow Tail,573.1765544331488,0.0,0.0
2023-11-24,Johnson's Bar,Yellow Tail,795.4165544331483,0.0,0.0
2023-11-25,Johnson's Bar,Yellow Tail,1017.6565544331479,0.0,0.0
2023-11-26,Johnson's Bar,Yellow Tail,1017.6565544331479,0.0,0.0
2023-11-27,Johnson's Bar,Yellow Tail,1017.6565544331479,0.0,0.0
2023-11-28,Johnson's Bar,Yellow Tail,809.3065544331479,208.35,0.0
2023-11-29,Johnson's Bar,Yellow Tail,809.3065544331479,0.0,0.0
2023-11-30,Johnson's Bar,Yellow Tail,809.3065544331479,0.0,0.0
2023-12-01,Johnson's Bar,Yellow Tail,396.0565544331479,413.25,177.1200000000009
2023-12-02,Johnson's Bar,Yellow Tail,396.0565544331479,0.0,177.1200000000009
2023-12-03,Johnson's Bar,Yellow Tail,396.0565544331479,0.0,177.1200000000009
2023-12-04,Johnson's Bar,Yellow Tail,279.1765544331488,294.0,294.0
2023-12-05,Johnson's Bar,Yellow Tail,347.9765544331497,108.32,225.19999999999908
2023-12-06,Johnson's Bar,Yellow Tail,525.0965544331507,0.0,48.07999999999811
2023-12-07,Johnson's Bar,Yellow Tail,819.0965544331507,0.0,0.0
2023-12-08,Johnson's Bar,Yellow Tail,837.1465544331498,207.15,0.0
2023-12-09,Johnson's Bar,Yellow Tail,885.226554433148,0.0,0.0
2023-12-10,Johnson's Bar,Yellow Tail,885.226554433148,0.0,0.0
2023-12-11,Johnson's Bar,Yellow Tail,885.226554433148,0.0,0.0
2023-12-12,Johnson's Bar,Yellow Tail,330.816554433148,554.41,242.3600000000008
2023-12-13,Johnson's Bar,Yellow Tail,330.816554433148,0.0,242.3600000000008
2023-12-14,Johnson's Bar,Yellow Tail,330.816554433148,0.0,242.3600000000008
2023-12-15,Johnson's Bar,Yellow Tail,573.1765544331488,0.0,0.0
2023-12-16,Johnson's Bar,Yellow Tail,815.5365544331496,0.0,0.0
2023-12-17,Johnson's Bar,Yellow Tail,1057.8965544331504,0.0,0.0
2023-12-18,Johnson's Bar,Yellow Tail,1057.8965544331504,0.0,0.0
2023-12-19,Johnson's Bar,Yellow Tail,1057.8965544331504,0.0,0.0
2023-12-20,Johnson's Bar,Yellow Tail,1057.8965544331504,0.0,0.0
2023-12-21,Johnson's Bar,Yellow Tail,1057.8965544331504,0.0,0.0
2023-12-22,Johnson's Bar,Yellow Tail,713.2165544331503,344.68,0.0
2023-12-23,Johnson's Bar,Yellow Tail,713.2165544331503,0.0,0.0
2023-12-24,Johnson's Bar,Yellow Tail,484.47655443315034,228.74,88.69999999999845
2023-12-25,Johnson's Bar,Yellow Tail,484.47655443315034,0.0,88.69999999999845
2023-12-26,Johnson's Bar,Yellow Tail,484.47655443315034,0.0,88.69999999999845
2023-12-27,Johnson's Bar,Yellow Tail,573.1765544331488,0.0,0.0
2023-12-28,Johnson's Bar,Yellow Tail,661.8765544331472,0.0,0.0
2023-12-29,Johnson's Bar,Yellow Tail,750.5765544331457,0.0,0.0
2023-12-30,Johnson's Bar,Yellow Tail,750.5765544331457,0.0,0.0
2023-12-31,Johnson's Bar,Yellow Tail,750.5765544331457,0.0,0.0
2024-01-01,Johnson's Bar,Yellow Tail,750.5765544331457,0.0,0.0
2023-10-23,Smith's Bar,Absolut,548.4152261700494,158.54,158.53999999999996
2023-10-24,Smith's Bar,Absolut,548.4152261700494,0.0,158.53999999999996
2023-10-25,Smith's Bar,Absolut,145.28522617004944,403.13,561.67
2023-10-26,Smith's Bar,Absolut,303.8252261700494,0.0,403.13
2023-10-27,Smith's Bar,Absolut,462.36522617004937,0.0,244.59000000000003
2023-10-28,Smith's Bar,Absolut,1024.0352261700493,0.0,0.0
2023-10-29,Smith's Bar,Absolut,1427.1652261700492,0.0,0.0
2023-10-30,Smith's Bar,Absolut,1671.7552261700494,0.0,0.0
2023-10-31,Smith's Bar,Absolut,1300.0752261700493,371.68,0.0
2023-11-01,Smith's Bar,Absolut,1300.0752261700493,0.0,0.0
2023-11-02,Smith's Bar,Absolut,1019.1052261700493,280.97,0.0
2023-11-03,Smith's Bar,Absolut,806.1652261700492,212.94,0.0
2023-11-04,Smith's Bar,Absolut,806.1652261700492,0.0,0.0
2023-11-05,Smith's Bar,Absolut,645.5252261700492,160.64,61.43000000000018
2023-11-06,Smith's Bar,Absolut,488.50522617004924,157.02,218.45000000000016
2023-11-07,Smith's Bar,Absolut,278.4252261700492,210.08,428.5300000000002
2023-11-08,Smith's Bar,Absolut,339.8552261700494,0.0,367.1
2023-11-09,Smith's Bar,Absolut,558.3052261700495,0.0,148.64999999999986
2023-11-10,Smith's Bar,Absolut,986.8352261700497,0.0,0.0
2023-11-11,Smith's Bar,Absolut,862.4552261700496,491.48,0.0
2023-11-12,Smith's Bar,Absolut,854.4952261700495,156.61,0.0
2023-11-13,Smith's Bar,Absolut,854.4952261700495,0.0,0.0
2023-11-14,Smith's Bar,Absolut,392.14522617004945,462.35,314.80999999999995
2023-11-15,Smith's Bar,Absolut,392.14522617004945,0.0,314.80999999999995
2023-11-16,Smith's Bar,Absolut,392.14522617004945,0.0,314.80999999999995
2023-11-17,Smith's Bar,Absolut,388.0952261700494,318.86,318.86
2023-11-18,Smith's Bar,Absolut,702.9052261700493,0.0,4.050000000000068
2023-11-19,Smith's Bar,Absolut,1017.7152261700493,0.0,0.0
2023-11-20,Smith's Bar,Absolut,1336.5752261700493,0.0,0.0
2023-11-21,Smith's Bar,Absolut,1340.6252261700492,0.0,0.0
2023-11-22,Smith's Bar,Absolut,1340.6252261700492,0.0,0.0
2023-11-23,Smith's Bar,Absolut,1340.6252261700492,0.0,0.0
2023-11-24,Smith's Bar,Absolut,1340.6252261700492,0.0,0.0
2023-11-25,Smith's Bar,Absolut,1340.6252261700492,0.0,0.0
2023-11-26,Smith's Bar,Absolut,1340.6252261700492,0.0,0.0
2023-11-27,Smith's Bar,Absolut,1340.6252261700492,0.0,0.0
2023-11-28,Smith's Bar,Absolut,1340.6252261700492,0.0,0.0
2023-11-29,Smith's Bar,Absolut,1340.6252261700492,0.0,0.0
2023-11-30,Smith's Bar,Absolut,1340.6252261700492,0.0,0.0
2023-12-01,Smith's Bar,Absolut,1340.6252261700492,0.0,0.0
2023-12-02,Smith's Bar,Absolut,1340.6252261700492,0.0,0.0
2023-12-03,Smith's Bar,Absolut,1340.6252261700492,0.0,0.0
2023-12-04,Smith's Bar,Absolut,1340.6252261700492,0.0,0.0
2023-12-05,Smith's Bar,Absolut,1340.6252261700492,0.0,0.0
2023-12-06,Smith's Bar,Absolut,1340.6252261700492,0.0,0.0
2023-12-07,Smith's Bar,Absolut,1187.5552261700493,153.07,0.0
2023-12-08,Smith's Bar,Absolut,1187.5552261700493,0.0,0.0
2023-12-09,Smith's Bar,Absolut,1187.5552261700493,0.0,0.0
2023-12-10,Smith's Bar,Absolut,1039.8652261700493,147.69,0.0
2023-12-11,Smith's Bar,Absolut,1039.8652261700493,0.0,0.0
2023-12-12,Smith's Bar,Absolut,1039.8652261700493,0.0,0.0
2023-12-13,Smith's Bar,Absolut,1039.8652261700493,0.0,0.0
2023-12-14,Smith's Bar,Absolut,1039.8652261700493,0.0,0.0
2023-12-15,Smith's Bar,Absolut,1039.8652261700493,0.0,0.0
2023-12-16,Smith's Bar,Absolut,938.9352261700492,100.93,0.0
2023-12-17,Smith's Bar,Absolut,938.9352261700492,0.0,0.0
2023-12-18,Smith's Bar,Absolut,938.9352261700492,0.0,0.0
2023-12-19,Smith's Bar,Absolut,585.1252261700492,353.81,121.83000000000015
2023-12-20,Smith's Bar,Absolut,585.1252261700492,0.0,121.83000000000015
2023-12-21,Smith's Bar,Absolut,585.1252261700492,0.0,121.83000000000015
2023-12-22,Smith's Bar,Absolut,706.9552261700494,0.0,0.0
2023-12-23,Smith's Bar,Absolut,828.7852261700496,0.0,0.0
2023-12-24,Smith's Bar,Absolut,950.6152261700497,0.0,0.0
2023-12-25,Smith's Bar,Absolut,950.6152261700497,0.0,0.0
2023-12-26,Smith's Bar,Absolut,950.6152261700497,0.0,0.0
2023-12-27,Smith's Bar,Absolut,950.6152261700497,0.0,0.0
2023-12-28,Smith's Bar,Absolut,950.6152261700497,0.0,0.0
2023-12-29,Smith's Bar,Absolut,950.6152261700497,0.0,0.0
2023-12-30,Smith's Bar,Absolut,950.6152261700497,0.0,0.0
2023-12-31,Smith's Bar,Absolut,351.71522617004973,598.9,355.23999999999967
2024-01-01,Smith's Bar,Absolut,351.71522617004973,0.0,355.23999999999967
2023-10-23,Smith's Bar,Bacardi,554.7764448731509,0.0,0.0
2023-10-24,Smith's Bar,Bacardi,554.7764448731509,0.0,0.0
2023-10-25,Smith's Bar,Bacardi,378.2164448731509,176.56,176.56
2023-10-26,Smith's Bar,Bacardi,378.2164448731509,0.0,176.56
2023-10-27,Smith's Bar,Bacardi,378.2164448731509,0.0,176.56
2023-10-28,Smith's Bar,Bacardi,554.7764448731509,0.0,0.0
2023-10-29,Smith's Bar,Bacardi,731.3364448731509,0.0,0.0
2023-10-30,Smith's Bar,Bacardi,907.8964448731508,0.0,0.0
2023-10-31,Smith's Bar,Bacardi,907.8964448731508,0.0,0.0
2023-11-01,Smith's Bar,Bacardi,800.5064448731508,107.39,0.0
2023-11-02,Smith's Bar,Bacardi,346.2064448731508,454.3,208.5700000000001
2023-11-03,Smith's Bar,Bacardi,346.2064448731508,0.0,208.5700000000001
2023-11-04,Smith's Bar,Bacardi,346.2064448731508,0.0,208.5700000000001
2023-11-05,Smith's Bar,Bacardi,554.7764448731509,0.0,0.0
2023-11-06,Smith's Bar,Bacardi,763.3464448731511,0.0,0.0
2023-11-07,Smith's Bar,Bacardi,971.9164448731512,0.0,0.0
2023-11-08,Smith's Bar,Bacardi,971.9164448731512,0.0,0.0
2023-11-09,Smith's Bar,Bacardi,971.9164448731512,0.0,0.0
2023-11-10,Smith's Bar,Bacardi,971.9164448731512,0.0,0.0
2023-11-11,Smith's Bar,Bacardi,971.9164448731512,0.0,0.0
2023-11-12,Smith's Bar,Bacardi,971.9164448731512,0.0,0.0
2023-11-13,Smith's Bar,Bacardi,971.9164448731512,0.0,0.0
2023-11-14,Smith's Bar,Bacardi,971.9164448731512,0.0,0.0
2023-11-15,Smith's Bar,Bacardi,971.9164448731512,0.0,0.0
2023-11-16,Smith's Bar,Bacardi,971.9164448731512,0.0,0.0
2023-11-17,Smith's Bar,Bacardi,580.8764448731513,391.04,0.0
2023-11-18,Smith's Bar,Bacardi,580.8764448731513,0.0,0.0
2023-11-19,Smith's Bar,Bacardi,580.8764448731513,0.0,0.0
2023-11-20,Smith's Bar,Bacardi,580.8764448731513,0.0,0.0
2023-11-21,Smith's Bar,Bacardi,580.8764448731513,0.0,0.0
2023-11-22,Smith's Bar,Bacardi,278.5464448731513,302.33,276.2299999999996
2023-11-23,Smith's Bar,Bacardi,278.5464448731513,0.0,276.2299999999996
2023-11-24,Smith's Bar,Bacardi,12.24644487315129,266.3,542.5299999999996
2023-11-25,Smith's Bar,Bacardi,288.4764448731509,0.0,266.3
2023-11-26,Smith's Bar,Bacardi,564.7064448731505,0.0,0.0
2023-11-27,Smith's Bar,Bacardi,1107.23644487315,0.0,0.0
2023-11-28,Smith's Bar,Bacardi,1373.53644487315,0.0,0.0
2023-11-29,Smith's Bar,Bacardi,1373.53644487315,0.0,0.0
2023-11-30,Smith's Bar,Bacardi,1171.14644487315,202.39,0.0
2023-12-01,Smith's Bar,Bacardi,1171.14644487315,0.0,0.0
2023-12-02,Smith's Bar,Bacardi,1171.14644487315,0.0,0.0
2023-12-03,Smith's Bar,Bacardi,1171.14644487315,0.0,0.0
2023-12-04,Smith's Bar,Bacardi,1171.14644487315,0.0,0.0
2023-12-05,Smith's Bar,Bacardi,1171.14644487315,0.0,0.0
2023-12-06,Smith's Bar,Bacardi,1171.14644487315,0.0,0.0
2023-12-07,Smith's Bar,Bacardi,994.9464448731499,176.2,0.0
2023-12-08,Smith's Bar,Bacardi,994.9464448731499,0.0,0.0
2023-12-09,Smith's Bar,Bacardi,994.9464448731499,0.0,0.0
2023-12-10,Smith's Bar,Bacardi,994.9464448731499,0.0,0.0
2023-12-11,Smith's Bar,Bacardi,994.9464448731499,0.0,0.0
2023-12-12,Smith's Bar,Bacardi,994.9464448731499,0.0,0.0
2023-12-13,Smith's Bar,Bacardi,654.4464448731499,340.5,0.0
2023-12-14,Smith's Bar,Bacardi,654.4464448731499,0.0,0.0
2023-12-15,Smith's Bar,Bacardi,654.4464448731499,0.0,0.0
2023-12-16,Smith's Bar,Bacardi,117.08644487314984,537.36,437.6900000000011
2023-12-17,Smith's Bar,Bacardi,0.0,591.95,554.7764448731509
2023-12-18,Smith's Bar,Bacardi,0.0,0.0,554.7764448731509
2023-12-19,Smith's Bar,Bacardi,437.6900000000011,0.0,117.08644487314984
2023-12-20,Smith's Bar,Bacardi,992.466444873152,0.0,0.0
2023-12-21,Smith's Bar,Bacardi,1361.0428897463028,186.2,0.0
2023-12-22,Smith's Bar,Bacardi,1174.0293346194526,304.1,0.0
2023-12-23,Smith's Bar,Bacardi,1174.0293346194526,0.0,0.0
2023-12-24,Smith's Bar,Bacardi,1174.0293346194526,0.0,0.0
2023-12-25,Smith's Bar,Bacardi,1174.0293346194526,0.0,0.0
2023-12-26,Smith's Bar,Bacardi,957.3693346194526,216.66,0.0
2023-12-27,Smith's Bar,Bacardi,957.3693346194526,0.0,0.0
2023-12-28,Smith's Bar,Bacardi,957.3693346194526,0.0,0.0
2023-12-29,Smith's Bar,Bacardi,957.3693346194526,0.0,0.0
2023-12-30,Smith's Bar,Bacardi,957.3693346194526,0.0,0.0
2023-12-31,Smith's Bar,Bacardi,601.0993346194526,356.27,0.0
2024-01-01,Smith's Bar,Bacardi,601.0993346194526,0.0,0.0
2023-10-23,Smith's Bar,Barefoot,575.7712213972551,0.0,0.0
2023-10-24,Smith's Bar,Barefoot,575.7712213972551,0.0,0.0
2023-10-25,Smith's Bar,Barefoot,575.7712213972551,0.0,0.0
2023-10-26,Smith's Bar,Barefoot,575.7712213972551,0.0,0.0
2023-10-27,Smith's Bar,Barefoot,575.7712213972551,0.0,0.0
2023-10-28,Smith's Bar,Barefoot,575.7712213972551,0.0,0.0
2023-10-29,Smith's Bar,Barefoot,575.7712213972551,0.0,0.0
2023-10-30,Smith's Bar,Barefoot,313.1612213972551,262.61,262.61
2023-10-31,Smith's Bar,Barefoot,55.09122139725508,258.07,520.6800000000001
2023-11-01,Smith's Bar,Barefoot,55.09122139725508,0.0,520.6800000000001
2023-11-02,Smith's Bar,Barefoot,317.7012213972551,0.0,258.07
2023-11-03,Smith's Bar,Barefoot,838.3812213972551,0.0,0.0
2023-11-04,Smith's Bar,Barefoot,1359.0612213972552,0.0,0.0
2023-11-05,Smith's Bar,Barefoot,1617.131221397255,0.0,0.0
2023-11-06,Smith's Bar,Barefoot,1617.131221397255,0.0,0.0
2023-11-07,Smith's Bar,Barefoot,1617.131221397255,0.0,0.0
2023-11-08,Smith's Bar,Barefoot,1071.3512213972551,545.78,0.0
2023-11-09,Smith's Bar,Barefoot,1071.3512213972551,0.0,0.0
2023-11-10,Smith's Bar,Barefoot,963.7512213972551,107.6,0.0
2023-11-11,Smith's Bar,Barefoot,963.7512213972551,0.0,0.0
2023-11-12,Smith's Bar,Barefoot,963.7512213972551,0.0,0.0
2023-11-13,Smith's Bar,Barefoot,963.7512213972551,0.0,0.0
2023-11-14,Smith's Bar,Barefoot,963.7512213972551,0.0,0.0
2023-11-15,Smith's Bar,Barefoot,963.7512213972551,0.0,0.0
2023-11-16,Smith's Bar,Barefoot,963.7512213972551,0.0,0.0
2023-11-17,Smith's Bar,Barefoot,963.7512213972551,0.0,0.0
2023-11-18,Smith's Bar,Barefoot,963.7512213972551,0.0,0.0
2023-11-19,Smith's Bar,Barefoot,963.7512213972551,0.0,0.0
2023-11-20,Smith's Bar,Barefoot,479.6312213972551,484.12,96.13999999999999
2023-11-21,Smith's Bar,Barefoot,149.30122139725512,330.33,426.46999999999997
2023-11-22,Smith's Bar,Barefoot,149.30122139725512,0.0,426.46999999999997
2023-11-23,Smith's Bar,Barefoot,245.4412213972551,0.0,330.33
2023-11-24,Smith's Bar,Barefoot,671.9112213972551,0.0,0.0
2023-11-25,Smith's Bar,Barefoot,1098.381221397255,0.0,0.0
2023-11-26,Smith's Bar,Barefoot,1428.711221397255,0.0,0.0
2023-11-27,Smith's Bar,Barefoot,1428.711221397255,0.0,0.0
2023-11-28,Smith's Bar,Barefoot,1428.711221397255,0.0,0.0
2023-11-29,Smith's Bar,Barefoot,1034.511221397255,394.2,0.0
2023-11-30,Smith's Bar,Barefoot,1034.511221397255,0.0,0.0
2023-12-01,Smith's Bar,Barefoot,1034.511221397255,0.0,0.0
2023-12-02,Smith's Bar,Barefoot,1034.511221397255,0.0,0.0
2023-12-03,Smith's Bar,Barefoot,784.711221397255,249.8,0.0
2023-12-04,Smith's Bar,Barefoot,784.711221397255,0.0,0.0
2023-12-05,Smith's Bar,Barefoot,784.711221397255,0.0,0.0
2023-12-06,Smith's Bar,Barefoot,250.33122139725504,534.38,325.44000000000005
2023-12-07,Smith's Bar,Barefoot,250.33122139725504,0.0,325.44000000000005
2023-12-08,Smith's Bar,Barefoot,250.33122139725504,0.0,325.44000000000005
2023-12-09,Smith's Bar,Barefoot,575.7712213972551,0.0,0.0
2023-12-10,Smith's Bar,Barefoot,901.2112213972551,0.0,0.0
2023-12-11,Smith's Bar,Barefoot,1226.651221397255,0.0,0.0
2023-12-12,Smith's Bar,Barefoot,1226.651221397255,0.0,0.0
2023-12-13,Smith's Bar,Barefoot,1226.651221397255,0.0,0.0
2023-12-14,Smith's Bar,Barefoot,1226.651221397255,0.0,0.0
2023-12-15,Smith's Bar,Barefoot,1226.651221397255,0.0,0.0
2023-12-16,Smith's Bar,Barefoot,1226.651221397255,0.0,0.0
2023-12-17,Smith's Bar,Barefoot,1226.651221397255,0.0,0.0
2023-12-18,Smith's Bar,Barefoot,1226.651221397255,0.0,0.0
2023-12-19,Smith's Bar,Barefoot,1226.651221397255,0.0,0.0
2023-12-20,Smith's Bar,Barefoot,1226.651221397255,0.0,0.0
2023-12-21,Smith's Bar,Barefoot,1226.651221397255,0.0,0.0
2023-12-22,Smith's Bar,Barefoot,1226.651221397255,0.0,0.0
2023-12-23,Smith's Bar,Barefoot,1226.651221397255,0.0,0.0
2023-12-24,Smith's Bar,Barefoot,1226.651221397255,0.0,0.0
2023-12-25,Smith's Bar,Barefoot,1226.651221397255,0.0,0.0
2023-12-26,Smith's Bar,Barefoot,1226.651221397255,0.0,0.0
2023-12-27,Smith's Bar,Barefoot,1226.651221397255,0.0,0.0
2023-12-28,Smith's Bar,Barefoot,1226.651221397255,0.0,0.0
2023-12-29,Smith's Bar,Barefoot,1010.9312213972551,215.72,0.0
2023-12-30,Smith's Bar,Barefoot,507.18122139725506,503.75,68.59000000000003
2023-12-31,Smith's Bar,Barefoot,507.18122139725506,0.0,68.59000000000003
2024-01-01,Smith's Bar,Barefoot,507.18122139725506,0.0,68.59000000000003
2023-10-23,Smith's Bar,Budweiser,414.5428189308481,0.0,0.0
2023-10-24,Smith's Bar,Budweiser,0.0,501.84,414.5428189308481
2023-10-25,Smith's Bar,Budweiser,0.0,0.0,414.5428189308481
2023-10-26,Smith's Bar,Budweiser,0.0,0.0,414.5428189308481
2023-10-27,Smith's Bar,Budweiser,414.5428189308481,0.0,0.0
2023-10-28,Smith's Bar,Budweiser,250.08563786169623,579.0,164.4571810691519
2023-10-29,Smith's Bar,Budweiser,664.6284567925443,0.0,0.0
2023-10-30,Smith's Bar,Budweiser,664.6284567925443,0.0,0.0
2023-10-31,Smith's Bar,Budweiser,829.0856378616961,0.0,0.0
2023-11-01,Smith's Bar,Budweiser,829.0856378616961,0.0,0.0
2023-11-02,Smith's Bar,Budweiser,829.0856378616961,0.0,0.0
2023-11-03,Smith's Bar,Budweiser,829.0856378616961,0.0,0.0
2023-11-04,Smith's Bar,Budweiser,829.0856378616961,0.0,0.0
2023-11-05,Smith's Bar,Budweiser,829.0856378616961,0.0,0.0
2023-11-06,Smith's Bar,Budweiser,829.0856378616961,0.0,0.0
2023-11-07,Smith's Bar,Budweiser,829.0856378616961,0.0,0.0
2023-11-08,Smith's Bar,Budweiser,829.0856378616961,0.0,0.0
2023-11-09,Smith's Bar,Budweiser,454.93563786169614,374.15,0.0
2023-11-10,Smith's Bar,Budweiser,454.93563786169614,0.0,0.0
2023-11-11,Smith's Bar,Budweiser,454.93563786169614,0.0,0.0
2023-11-12,Smith's Bar,Budweiser,454.93563786169614,0.0,0.0
2023-11-13,Smith's Bar,Budweiser,454.93563786169614,0.0,0.0
2023-11-14,Smith's Bar,Budweiser,454.93563786169614,0.0,0.0
2023-11-15,Smith's Bar,Budweiser,454.93563786169614,0.0,0.0
2023-11-16,Smith's Bar,Budweiser,454.93563786169614,0.0,0.0
2023-11-17,Smith's Bar,Budweiser,454.93563786169614,0.0,0.0
2023-11-18,Smith's Bar,Budweiser,454.93563786169614,0.0,0.0
2023-11-19,Smith's Bar,Budweiser,454.93563786169614,0.0,0.0
2023-11-20,Smith's Bar,Budweiser,454.93563786169614,0.0,0.0
2023-11-21,Smith's Bar,Budweiser,454.93563786169614,0.0,0.0
2023-11-22,Smith's Bar,Budweiser,454.93563786169614,0.0,0.0
2023-11-23,Smith's Bar,Budweiser,454.93563786169614,0.0,0.0
2023-11-24,Smith's Bar,Budweiser,100.07563786169612,354.86,314.467181069152
2023-11-25,Smith's Bar,Budweiser,100.07563786169612,0.0,314.467181069152
2023-11-26,Smith's Bar,Budweiser,100.07563786169612,0.0,314.467181069152
2023-11-27,Smith's Bar,Budweiser,226.22281893084812,188.32,188.32
2023-11-28,Smith's Bar,Budweiser,540.69,0.0,0.0
2023-11-29,Smith's Bar,Budweiser,855.1571810691521,0.0,0.0
2023-11-30,Smith's Bar,Budweiser,1043.477181069152,0.0,0.0
2023-12-01,Smith's Bar,Budweiser,1043.477181069152,0.0,0.0
2023-12-02,Smith's Bar,Budweiser,1043.477181069152,0.0,0.0
2023-12-03,Smith's Bar,Budweiser,1043.477181069152,0.0,0.0
2023-12-04,Smith's Bar,Budweiser,1043.477181069152,0.0,0.0
2023-12-05,Smith's Bar,Budweiser,1043.477181069152,0.0,0.0
2023-12-06,Smith's Bar,Budweiser,600.567181069152,442.91,0.0
2023-12-07,Smith's Bar,Budweiser,600.567181069152,0.0,0.0
2023-12-08,Smith's Bar,Budweiser,600.567181069152,0.0,0.0
2023-12-09,Smith's Bar,Budweiser,600.567181069152,0.0,0.0
2023-12-10,Smith's Bar,Budweiser,600.567181069152,0.0,0.0
2023-12-11,Smith's Bar,Budweiser,600.567181069152,0.0,0.0
2023-12-12,Smith's Bar,Budweiser,600.567181069152,0.0,0.0
2023-12-13,Smith's Bar,Budweiser,600.567181069152,0.0,0.0
2023-12-14,Smith's Bar,Budweiser,600.567181069152,0.0,0.0
2023-12-15,Smith's Bar,Budweiser,600.567181069152,0.0,0.0
2023-12-16,Smith's Bar,Budweiser,600.567181069152,0.0,0.0
2023-12-17,Smith's Bar,Budweiser,600.567181069152,0.0,0.0
2023-12-18,Smith's Bar,Budweiser,380.33718106915194,220.23,34.205637861696175
2023-12-19,Smith's Bar,Budweiser,380.33718106915194,0.0,34.205637861696175
2023-12-20,Smith's Bar,Budweiser,380.33718106915194,0.0,34.205637861696175
2023-12-21,Smith's Bar,Budweiser,255.5128189308481,159.03,159.03
2023-12-22,Smith's Bar,Budweiser,0.0,548.57,414.5428189308481
2023-12-23,Smith's Bar,Budweiser,34.205637861696175,0.0,380.33718106915194
2023-12-24,Smith's Bar,Budweiser,193.23563786169618,0.0,221.30718106915194
2023-12-25,Smith's Bar,Budweiser,607.7784567925443,0.0,0.0
2023-12-26,Smith's Bar,Budweiser,988.1156378616962,0.0,0.0
2023-12-27,Smith's Bar,Budweiser,1209.422818930848,0.0,0.0
2023-12-28,Smith's Bar,Budweiser,1209.422818930848,0.0,0.0
2023-12-29,Smith's Bar,Budweiser,1209.422818930848,0.0,0.0
2023-12-30,Smith's Bar,Budweiser,1209.422818930848,0.0,0.0
2023-12-31,Smith's Bar,Budweiser,1209.422818930848,0.0,0.0
2024-01-01,Smith's Bar,Budweiser,1209.422818930848,0.0,0.0
2023-10-23,Smith's Bar,Captain Morgan,621.577367524276,0.0,0.0
2023-10-24,Smith's Bar,Captain Morgan,128.76736752427604,492.81,492.81
2023-10-25,Smith's Bar,Captain Morgan,128.76736752427604,0.0,492.81
2023-10-26,Smith's Bar,Captain Morgan,128.76736752427604,0.0,492.81
2023-10-27,Smith's Bar,Captain Morgan,621.577367524276,0.0,0.0
2023-10-28,Smith's Bar,Captain Morgan,1114.387367524276,0.0,0.0
2023-10-29,Smith's Bar,Captain Morgan,1333.447367524276,273.75,0.0
2023-10-30,Smith's Bar,Captain Morgan,1333.447367524276,0.0,0.0
2023-10-31,Smith's Bar,Captain Morgan,1333.447367524276,0.0,0.0
2023-11-01,Smith's Bar,Captain Morgan,1333.447367524276,0.0,0.0
2023-11-02,Smith's Bar,Captain Morgan,1333.447367524276,0.0,0.0
2023-11-03,Smith's Bar,Captain Morgan,1333.447367524276,0.0,0.0
2023-11-04,Smith's Bar,Captain Morgan,1333.447367524276,0.0,0.0
2023-11-05,Smith's Bar,Captain Morgan,1333.447367524276,0.0,0.0
2023-11-06,Smith's Bar,Captain Morgan,1333.447367524276,0.0,0.0
2023-11-07,Smith's Bar,Captain Morgan,1333.447367524276,0.0,0.0
2023-11-08,Smith's Bar,Captain Morgan,1333.447367524276,0.0,0.0
2023-11-09,Smith's Bar,Captain Morgan,1333.447367524276,0.0,0.0
2023-11-10,Smith's Bar,Captain Morgan,1333.447367524276,0.0,0.0
2023-11-11,Smith's Bar,Captain Morgan,1333.447367524276,0.0,0.0
2023-11-12,Smith's Bar,Captain Morgan,855.917367524276,477.53,0.0
2023-11-13,Smith's Bar,Captain Morgan,855.917367524276,0.0,0.0
2023-11-14,Smith's Bar,Captain Morgan,855.917367524276,0.0,0.0
2023-11-15,Smith's Bar,Captain Morgan,855.917367524276,0.0,0.0
2023-11-16,Smith's Bar,Captain Morgan,855.917367524276,0.0,0.0
2023-11-17,Smith's Bar,Captain Morgan,855.917367524276,0.0,0.0
2023-11-18,Smith's Bar,Captain Morgan,855.917367524276,0.0,0.0
2023-11-19,Smith's Bar,Captain Morgan,855.917367524276,0.0,0.0
2023-11-20,Smith's Bar,Captain Morgan,855.917367524276,0.0,0.0
2023-11-21,Smith's Bar,Captain Morgan,855.917367524276,0.0,0.0
2023-11-22,Smith's Bar,Captain Morgan,855.917367524276,0.0,0.0
2023-11-23,Smith's Bar,Captain Morgan,855.917367524276,0.0,0.0
2023-11-24,Smith's Bar,Captain Morgan,855.917367524276,0.0,0.0
2023-11-25,Smith's Bar,Captain Morgan,390.54736752427596,465.37,231.0300000000001
2023-11-26,Smith's Bar,Captain Morgan,191.65736752427597,198.89,429.9200000000001
2023-11-27,Smith's Bar,Captain Morgan,191.65736752427597,0.0,429.9200000000001
2023-11-28,Smith's Bar,Captain Morgan,422.68736752427606,0.0,198.89
2023-11-29,Smith's Bar,Captain Morgan,852.6073675242761,0.0,0.0
2023-11-30,Smith's Bar,Captain Morgan,1282.527367524276,0.0,0.0
2023-12-01,Smith's Bar,Captain Morgan,1481.417367524276,0.0,0.0
2023-12-02,Smith's Bar,Captain Morgan,1481.417367524276,0.0,0.0
2023-12-03,Smith's Bar,Captain Morgan,1481.417367524276,0.0,0.0
2023-12-04,Smith's Bar,Captain Morgan,1481.417367524276,0.0,0.0
2023-12-05,Smith's Bar,Captain Morgan,1481.417367524276,0.0,0.0
2023-12-06,Smith's Bar,Captain Morgan,1481.417367524276,0.0,0.0
2023-12-07,Smith's Bar,Captain Morgan,1481.417367524276,0.0,0.0
2023-12-08,Smith's Bar,Captain Morgan,1481.417367524276,0.0,0.0
2023-12-09,Smith's Bar,Captain Morgan,1481.417367524276,0.0,0.0
2023-12-10,Smith's Bar,Captain Morgan,1481.417367524276,0.0,0.0
2023-12-11,Smith's Bar,Captain Morgan,1294.7673675242759,186.65,0.0
2023-12-12,Smith's Bar,Captain Morgan,1294.7673675242759,0.0,0.0
2023-12-13,Smith's Bar,Captain Morgan,1294.7673675242759,0.0,0.0
2023-12-14,Smith's Bar,Captain Morgan,1294.7673675242759,0.0,0.0
2023-12-15,Smith's Bar,Captain Morgan,1294.7673675242759,0.0,0.0
2023-12-16,Smith's Bar,Captain Morgan,1294.7673675242759,0.0,0.0
2023-12-17,Smith's Bar,Captain Morgan,1294.7673675242759,0.0,0.0
2023-12-18,Smith's Bar,Captain Morgan,1294.7673675242759,0.0,0.0
2023-12-19,Smith's Bar,Captain Morgan,1294.7673675242759,0.0,0.0
2023-12-20,Smith's Bar,Captain Morgan,1192.167367524276,102.6,0.0
2023-12-21,Smith's Bar,Captain Morgan,1192.167367524276,0.0,0.0
2023-12-22,Smith's Bar,Captain Morgan,1192.167367524276,0.0,0.0
2023-12-23,Smith's Bar,Captain Morgan,1192.167367524276,0.0,0.0
2023-12-24,Smith's Bar,Captain Morgan,1192.167367524276,0.0,0.0
2023-12-25,Smith's Bar,Captain Morgan,1192.167367524276,0.0,0.0
2023-12-26,Smith's Bar,Captain Morgan,1192.167367524276,0.0,0.0
2023-12-27,Smith's Bar,Captain Morgan,1192.167367524276,0.0,0.0
2023-12-28,Smith's Bar,Captain Morgan,1192.167367524276,0.0,0.0
2023-12-29,Smith's Bar,Captain Morgan,1192.167367524276,0.0,0.0
2023-12-30,Smith's Bar,Captain Morgan,1192.167367524276,0.0,0.0
2023-12-31,Smith's Bar,Captain Morgan,1192.167367524276,0.0,0.0
2024-01-01,Smith's Bar,Captain Morgan,683.2573675242759,508.91,0.0
2023-10-23,Smith's Bar,Coors,485.8594127141057,0.0,0.0
2023-10-24,Smith's Bar,Coors,485.8594127141057,0.0,0.0
2023-10-25,Smith's Bar,Coors,485.8594127141057,0.0,0.0
2023-10-26,Smith's Bar,Coors,485.8594127141057,0.0,0.0
2023-10-27,Smith's Bar,Coors,485.8594127141057,0.0,0.0
2023-10-28,Smith's Bar,Coors,485.8594127141057,0.0,0.0
2023-10-29,Smith's Bar,Coors,485.8594127141057,0.0,0.0
2023-10-30,Smith's Bar,Coors,485.8594127141057,0.0,0.0
2023-10-31,Smith's Bar,Coors,485.8594127141057,0.0,0.0
2023-11-01,Smith's Bar,Coors,485.8594127141057,0.0,0.0
2023-11-02,Smith's Bar,Coors,485.8594127141057,0.0,0.0
2023-11-03,Smith's Bar,Coors,485.8594127141057,0.0,0.0
2023-11-04,Smith's Bar,Coors,65.81941271410568,420.04,420.04
2023-11-05,Smith's Bar,Coors,65.81941271410568,0.0,420.04
2023-11-06,Smith's Bar,Coors,65.81941271410568,0.0,420.04
2023-11-07,Smith's Bar,Coors,485.8594127141057,0.0,0.0
2023-11-08,Smith's Bar,Coors,905.8994127141057,0.0,0.0
2023-11-09,Smith's Bar,Coors,1325.9394127141056,0.0,0.0
2023-11-10,Smith's Bar,Coors,1325.9394127141056,0.0,0.0
2023-11-11,Smith's Bar,Coors,1325.9394127141056,0.0,0.0
2023-11-12,Smith's Bar,Coors,1325.9394127141056,0.0,0.0
2023-11-13,Smith's Bar,Coors,1325.9394127141056,0.0,0.0
2023-11-14,Smith's Bar,Coors,1325.9394127141056,0.0,0.0
2023-11-15,Smith's Bar,Coors,1325.9394127141056,0.0,0.0
2023-11-16,Smith's Bar,Coors,1325.9394127141056,0.0,0.0
2023-11-17,Smith's Bar,Coors,1325.9394127141056,0.0,0.0
2023-11-18,Smith's Bar,Coors,1325.9394127141056,0.0,0.0
2023-11-19,Smith's Bar,Coors,1325.9394127141056,0.0,0.0
2023-11-20,Smith's Bar,Coors,1325.9394127141056,0.0,0.0
2023-11-21,Smith's Bar,Coors,1325.9394127141056,0.0,0.0
2023-11-22,Smith's Bar,Coors,1325.9394127141056,0.0,0.0
2023-11-23,Smith's Bar,Coors,1325.9394127141056,0.0,0.0
2023-11-24,Smith's Bar,Coors,1325.9394127141056,0.0,0.0
2023-11-25,Smith's Bar,Coors,1325.9394127141056,0.0,0.0
2023-11-26,Smith's Bar,Coors,1325.9394127141056,0.0,0.0
2023-11-27,Smith's Bar,Coors,1325.9394127141056,0.0,0.0
2023-11-28,Smith's Bar,Coors,1325.9394127141056,0.0,0.0
2023-11-29,Smith's Bar,Coors,835.9494127141056,489.99,0.0
2023-11-30,Smith's Bar,Coors,835.9494127141056,0.0,0.0
2023-12-01,Smith's Bar,Coors,835.9494127141056,0.0,0.0
2023-12-02,Smith's Bar,Coors,835.9494127141056,0.0,0.0
2023-12-03,Smith's Bar,Coors,552.4894127141056,283.46,0.0
2023-12-04,Smith's Bar,Coors,552.4894127141056,0.0,0.0
2023-12-05,Smith's Bar,Coors,552.4894127141056,0.0,0.0
2023-12-06,Smith's Bar,Coors,552.4894127141056,0.0,0.0
2023-12-07,Smith's Bar,Coors,345.0894127141056,207.4,140.7700000000001
2023-12-08,Smith's Bar,Coors,345.0894127141056,0.0,140.7700000000001
2023-12-09,Smith's Bar,Coors,345.0894127141056,0.0,140.7700000000001
2023-12-10,Smith's Bar,Coors,485.8594127141057,0.0,0.0
2023-12-11,Smith's Bar,Coors,626.6294127141058,0.0,0.0
2023-12-12,Smith's Bar,Coors,767.3994127141059,0.0,0.0
2023-12-13,Smith's Bar,Coors,767.3994127141059,0.0,0.0
2023-12-14,Smith's Bar,Coors,767.3994127141059,0.0,0.0
2023-12-15,Smith's Bar,Coors,767.3994127141059,0.0,0.0
2023-12-16,Smith's Bar,Coors,767.3994127141059,0.0,0.0
2023-12-17,Smith's Bar,Coors,767.3994127141059,0.0,0.0
2023-12-18,Smith's Bar,Coors,767.3994127141059,0.0,0.0
2023-12-19,Smith's Bar,Coors,321.1194127141059,446.28,164.73999999999978
2023-12-20,Smith's Bar,Coors,321.1194127141059,0.0,164.73999999999978
2023-12-21,Smith's Bar,Coors,321.1194127141059,0.0,164.73999999999978
2023-12-22,Smith's Bar,Coors,485.8594127141057,0.0,0.0
2023-12-23,Smith's Bar,Coors,650.5994127141055,0.0,0.0
2023-12-24,Smith's Bar,Coors,815.3394127141053,0.0,0.0
2023-12-25,Smith's Bar,Coors,815.3394127141053,0.0,0.0
2023-12-26,Smith's Bar,Coors,815.3394127141053,0.0,0.0
2023-12-27,Smith's Bar,Coors,815.3394127141053,0.0,0.0
2023-12-28,Smith's Bar,Coors,446.72941271410525,368.61,39.13000000000045
2023-12-29,Smith's Bar,Coors,446.72941271410525,0.0,39.13000000000045
2023-12-30,Smith's Bar,Coors,446.72941271410525,0.0,39.13000000000045
2023-12-31,Smith's Bar,Coors,485.8594127141057,0.0,0.0
2024-01-01,Smith's Bar,Coors,524.9894127141062,0.0,0.0
2023-10-23,Smith's Bar,Grey Goose,642.2361945945624,0.0,0.0
2023-10-24,Smith's Bar,Grey Goose,642.2361945945624,0.0,0.0
2023-10-25,Smith's Bar,Grey Goose,642.2361945945624,0.0,0.0
2023-10-26,Smith's Bar,Grey Goose,428.5161945945624,213.72,213.72000000000003
2023-10-27,Smith's Bar,Grey Goose,192.70619459456242,235.81,449.53000000000003
2023-10-28,Smith's Bar,Grey Goose,192.70619459456242,0.0,449.53000000000003
2023-10-29,Smith's Bar,Grey Goose,406.42619459456245,0.0,235.81
2023-10-30,Smith's Bar,Grey Goose,855.9561945945625,0.0,0.0
2023-10-31,Smith's Bar,Grey Goose,1305.4861945945624,0.0,0.0
2023-11-01,Smith's Bar,Grey Goose,1541.2961945945624,0.0,0.0
2023-11-02,Smith's Bar,Grey Goose,1541.2961945945624,0.0,0.0
2023-11-03,Smith's Bar,Grey Goose,1541.2961945945624,0.0,0.0
2023-11-04,Smith's Bar,Grey Goose,1541.2961945945624,0.0,0.0
2023-11-05,Smith's Bar,Grey Goose,1541.2961945945624,0.0,0.0
2023-11-06,Smith's Bar,Grey Goose,1541.2961945945624,0.0,0.0
2023-11-07,Smith's Bar,Grey Goose,1541.2961945945624,0.0,0.0
2023-11-08,Smith's Bar,Grey Goose,1541.2961945945624,0.0,0.0
2023-11-09,Smith's Bar,Grey Goose,1541.2961945945624,0.0,0.0
2023-11-10,Smith's Bar,Grey Goose,1541.2961945945624,0.0,0.0
2023-11-11,Smith's Bar,Grey Goose,1541.2961945945624,0.0,0.0
2023-11-12,Smith's Bar,Grey Goose,1541.2961945945624,0.0,0.0
2023-11-13,Smith's Bar,Grey Goose,984.7761945945624,556.52,0.0
2023-11-14,Smith's Bar,Grey Goose,984.7761945945624,0.0,0.0
2023-11-15,Smith's Bar,Grey Goose,984.7761945945624,0.0,0.0
2023-11-16,Smith's Bar,Grey Goose,984.7761945945624,0.0,0.0
2023-11-17,Smith's Bar,Grey Goose,984.7761945945624,0.0,0.0
2023-11-18,Smith's Bar,Grey Goose,984.7761945945624,0.0,0.0
2023-11-19,Smith's Bar,Grey Goose,984.7761945945624,0.0,0.0
2023-11-20,Smith's Bar,Grey Goose,984.7761945945624,0.0,0.0
2023-11-21,Smith's Bar,Grey Goose,984.7761945945624,0.0,0.0
2023-11-22,Smith's Bar,Grey Goose,631.7961945945624,352.98,10.440000000000055
2023-11-23,Smith's Bar,Grey Goose,631.7961945945624,0.0,10.440000000000055
2023-11-24,Smith's Bar,Grey Goose,631.7961945945624,0.0,10.440000000000055
2023-11-25,Smith's Bar,Grey Goose,642.2361945945624,0.0,0.0
2023-11-26,Smith's Bar,Grey Goose,652.6761945945625,0.0,0.0
2023-11-27,Smith's Bar,Grey Goose,663.1161945945626,0.0,0.0
2023-11-28,Smith's Bar,Grey Goose,663.1161945945626,0.0,0.0
2023-11-29,Smith's Bar,Grey Goose,663.1161945945626,0.0,0.0
2023-11-30,Smith's Bar,Grey Goose,663.1161945945626,0.0,0.0
2023-12-01,Smith's Bar,Grey Goose,663.1161945945626,0.0,0.0
2023-12-02,Smith's Bar,Grey Goose,262.89619459456253,400.22,379.3399999999999
2023-12-03,Smith's Bar,Grey Goose,262.89619459456253,0.0,379.3399999999999
2023-12-04,Smith's Bar,Grey Goose,0.0,585.47,642.2361945945624
2023-12-05,Smith's Bar,Grey Goose,379.3399999999999,0.0,262.89619459456253
2023-12-06,Smith's Bar,Grey Goose,758.6799999999998,0.0,0.0
2023-12-07,Smith's Bar,Grey Goose,1400.9161945945623,0.0,0.0
2023-12-08,Smith's Bar,Grey Goose,1137.7623891891249,526.05,0.0
2023-12-09,Smith's Bar,Grey Goose,660.1523891891248,477.61,0.0
2023-12-10,Smith's Bar,Grey Goose,660.1523891891248,0.0,0.0
2023-12-11,Smith's Bar,Grey Goose,660.1523891891248,0.0,0.0
2023-12-12,Smith's Bar,Grey Goose,501.38238918912486,158.77,140.85380540543758
2023-12-13,Smith's Bar,Grey Goose,333.8423891891249,167.54,308.39380540543755
2023-12-14,Smith's Bar,Grey Goose,333.8423891891249,0.0,308.39380540543755
2023-12-15,Smith's Bar,Grey Goose,58.39619459456247,416.3,583.8399999999999
2023-12-16,Smith's Bar,Grey Goose,366.79,0.0,275.4461945945624
2023-12-17,Smith's Bar,Grey Goose,675.1838054054376,0.0,0.0
2023-12-18,Smith's Bar,Grey Goose,1259.0238054054375,0.0,0.0
2023-12-19,Smith's Bar,Grey Goose,1534.47,0.0,0.0
2023-12-20,Smith's Bar,Grey Goose,1534.47,0.0,0.0
2023-12-21,Smith's Bar,Grey Goose,1534.47,0.0,0.0
2023-12-22,Smith's Bar,Grey Goose,1534.47,0.0,0.0
2023-12-23,Smith's Bar,Grey Goose,1265.3,269.17,0.0
2023-12-24,Smith's Bar,Grey Goose,1265.3,0.0,0.0
2023-12-25,Smith's Bar,Grey Goose,1265.3,0.0,0.0
2023-12-26,Smith's Bar,Grey Goose,862.1899999999999,403.11,0.0
2023-12-27,Smith's Bar,Grey Goose,862.1899999999999,0.0,0.0
2023-12-28,Smith's Bar,Grey Goose,862.1899999999999,0.0,0.0
2023-12-29,Smith's Bar,Grey Goose,862.1899999999999,0.0,0.0
2023-12-30,Smith's Bar,Grey Goose,322.3299999999999,539.86,319.9061945945625
2023-12-31,Smith's Bar,Grey Goose,322.3299999999999,0.0,319.9061945945625
2024-01-01,Smith's Bar,Grey Goose,146.03999999999994,176.29,496.1961945945625
2023-10-23,Smith's Bar,Heineken,499.0707607621775,0.0,0.0
2023-10-24,Smith's Bar,Heineken,499.0707607621775,0.0,0.0
2023-10-25,Smith's Bar,Heineken,499.0707607621775,0.0,0.0
2023-10-26,Smith's Bar,Heineken,499.0707607621775,0.0,0.0
2023-10-27,Smith's Bar,Heineken,499.0707607621775,0.0,0.0
2023-10-28,Smith's Bar,Heineken,499.0707607621775,0.0,0.0
2023-10-29,Smith's Bar,Heineken,499.0707607621775,0.0,0.0
2023-10-30,Smith's Bar,Heineken,499.0707607621775,0.0,0.0
2023-10-31,Smith's Bar,Heineken,499.0707607621775,0.0,0.0
2023-11-01,Smith's Bar,Heineken,107.16076076217746,391.91,391.91
2023-11-02,Smith's Bar,Heineken,107.16076076217746,0.0,391.91
2023-11-03,Smith's Bar,Heineken,107.16076076217746,0.0,391.91
2023-11-04,Smith's Bar,Heineken,499.0707607621775,0.0,0.0
2023-11-05,Smith's Bar,Heineken,890.9807607621775,0.0,0.0
2023-11-06,Smith's Bar,Heineken,857.7707607621775,425.12,0.0
2023-11-07,Smith's Bar,Heineken,857.7707607621775,0.0,0.0
2023-11-08,Smith's Bar,Heineken,494.4507607621775,363.32,4.6200000000000045
2023-11-09,Smith's Bar,Heineken,494.4507607621775,0.0,4.6200000000000045
2023-11-10,Smith's Bar,Heineken,494.4507607621775,0.0,4.6200000000000045
2023-11-11,Smith's Bar,Heineken,499.0707607621775,0.0,0.0
2023-11-12,Smith's Bar,Heineken,503.6907607621775,0.0,0.0
2023-11-13,Smith's Bar,Heineken,508.3107607621775,0.0,0.0
2023-11-14,Smith's Bar,Heineken,508.3107607621775,0.0,0.0
2023-11-15,Smith's Bar,Heineken,508.3107607621775,0.0,0.0
2023-11-16,Smith's Bar,Heineken,302.08076076217753,206.23,196.98999999999995
2023-11-17,Smith's Bar,Heineken,302.08076076217753,0.0,196.98999999999995
2023-11-18,Smith's Bar,Heineken,200.19076076217755,101.89,298.87999999999994
2023-11-19,Smith's Bar,Heineken,289.8707607621775,107.31,209.2
2023-11-20,Smith's Bar,Heineken,486.86076076217745,0.0,12.210000000000036
2023-11-21,Smith's Bar,Heineken,322.8807607621774,462.86,176.1900000000001
2023-11-22,Smith's Bar,Heineken,532.0807607621773,0.0,0.0
2023-11-23,Smith's Bar,Heineken,544.2907607621773,0.0,0.0
2023-11-24,Smith's Bar,Heineken,720.4807607621774,0.0,0.0
2023-11-25,Smith's Bar,Heineken,720.4807607621774,0.0,0.0
2023-11-26,Smith's Bar,Heineken,720.4807607621774,0.0,0.0
2023-11-27,Smith's Bar,Heineken,720.4807607621774,0.0,0.0
2023-11-28,Smith's Bar,Heineken,424.7007607621774,295.78,74.37000000000006
2023-11-29,Smith's Bar,Heineken,424.7007607621774,0.0,74.37000000000006
2023-11-30,Smith's Bar,Heineken,424.7007607621774,0.0,74.37000000000006
2023-12-01,Smith's Bar,Heineken,499.0707607621775,0.0,0.0
2023-12-02,Smith's Bar,Heineken,573.4407607621775,0.0,0.0
2023-12-03,Smith's Bar,Heineken,647.8107607621776,0.0,0.0
2023-12-04,Smith's Bar,Heineken,647.8107607621776,0.0,0.0
2023-12-05,Smith's Bar,Heineken,63.860760762177506,583.95,435.21
2023-12-06,Smith's Bar,Heineken,63.860760762177506,0.0,435.21
2023-12-07,Smith's Bar,Heineken,63.860760762177506,0.0,435.21
2023-12-08,Smith's Bar,Heineken,499.0707607621775,0.0,0.0
2023-12-09,Smith's Bar,Heineken,934.2807607621775,0.0,0.0
2023-12-10,Smith's Bar,Heineken,1369.4907607621774,0.0,0.0
2023-12-11,Smith's Bar,Heineken,1369.4907607621774,0.0,0.0
2023-12-12,Smith's Bar,Heineken,1369.4907607621774,0.0,0.0
2023-12-13,Smith's Bar,Heineken,1369.4907607621774,0.0,0.0
2023-12-14,Smith's Bar,Heineken,802.3207607621774,567.17,0.0
2023-12-15,Smith's Bar,Heineken,300.19076076217743,502.13,198.88000000000005
2023-12-16,Smith's Bar,Heineken,300.19076076217743,0.0,198.88000000000005
2023-12-17,Smith's Bar,Heineken,300.19076076217743,0.0,198.88000000000005
2023-12-18,Smith's Bar,Heineken,499.0707607621775,0.0,0.0
2023-12-19,Smith's Bar,Heineken,697.9507607621775,0.0,0.0
2023-12-20,Smith's Bar,Heineken,896.8307607621775,0.0,0.0
2023-12-21,Smith's Bar,Heineken,896.8307607621775,0.0,0.0
2023-12-22,Smith's Bar,Heineken,896.8307607621775,0.0,0.0
2023-12-23,Smith's Bar,Heineken,896.8307607621775,0.0,0.0
2023-12-24,Smith's Bar,Heineken,896.8307607621775,0.0,0.0
2023-12-25,Smith's Bar,Heineken,896.8307607621775,0.0,0.0
2023-12-26,Smith's Bar,Heineken,896.8307607621775,0.0,0.0
2023-12-27,Smith's Bar,Heineken,896.8307607621775,0.0,0.0
2023-12-28,Smith's Bar,Heineken,896.8307607621775,0.0,0.0
2023-12-29,Smith's Bar,Heineken,574.0307607621776,322.8,0.0
2023-12-30,Smith's Bar,Heineken,574.0307607621776,0.0,0.0
2023-12-31,Smith's Bar,Heineken,574.0307607621776,0.0,0.0
2024-01-01,Smith's Bar,Heineken,574.0307607621776,0.0,0.0
2023-10-23,Smith's Bar,Jack Daniels,553.9886472415848,0.0,0.0
2023-10-24,Smith's Bar,Jack Daniels,553.9886472415848,0.0,0.0
2023-10-25,Smith's Bar,Jack Daniels,553.9886472415848,0.0,0.0
2023-10-26,Smith's Bar,Jack Daniels,553.9886472415848,0.0,0.0
2023-10-27,Smith's Bar,Jack Daniels,553.9886472415848,0.0,0.0
2023-10-28,Smith's Bar,Jack Daniels,553.9886472415848,0.0,0.0
2023-10-29,Smith's Bar,Jack Daniels,553.9886472415848,0.0,0.0
2023-10-30,Smith's Bar,Jack Daniels,553.9886472415848,0.0,0.0
2023-10-31,Smith's Bar,Jack Daniels,553.9886472415848,0.0,0.0
2023-11-01,Smith's Bar,Jack Daniels,553.9886472415848,0.0,0.0
2023-11-02,Smith's Bar,Jack Daniels,553.9886472415848,0.0,0.0
2023-11-03,Smith's Bar,Jack Daniels,553.9886472415848,0.0,0.0
2023-11-04,Smith's Bar,Jack Daniels,553.9886472415848,0.0,0.0
2023-11-05,Smith's Bar,Jack Daniels,553.9886472415848,0.0,0.0
2023-11-06,Smith's Bar,Jack Daniels,553.9886472415848,0.0,0.0
2023-11-07,Smith's Bar,Jack Daniels,0.0,591.45,553.9886472415848
2023-11-08,Smith's Bar,Jack Daniels,0.0,0.0,553.9886472415848
2023-11-09,Smith's Bar,Jack Daniels,0.0,219.1,553.9886472415848
2023-11-10,Smith's Bar,Jack Daniels,553.9886472415848,0.0,0.0
2023-11-11,Smith's Bar,Jack Daniels,1107.9772944831695,0.0,0.0
2023-11-12,Smith's Bar,Jack Daniels,1661.9659417247544,0.0,0.0
2023-11-13,Smith's Bar,Jack Daniels,1661.9659417247544,0.0,0.0
2023-11-14,Smith's Bar,Jack Daniels,1661.9659417247544,0.0,0.0
2023-11-15,Smith's Bar,Jack Daniels,1661.9659417247544,0.0,0.0
2023-11-16,Smith's Bar,Jack Daniels,1661.9659417247544,0.0,0.0
2023-11-17,Smith's Bar,Jack Daniels,1661.9659417247544,0.0,0.0
2023-11-18,Smith's Bar,Jack Daniels,1661.9659417247544,0.0,0.0
2023-11-19,Smith's Bar,Jack Daniels,1661.9659417247544,0.0,0.0
2023-11-20,Smith's Bar,Jack Daniels,1661.9659417247544,0.0,0.0
2023-11-21,Smith's Bar,Jack Daniels,1661.9659417247544,0.0,0.0
2023-11-22,Smith's Bar,Jack Daniels,1661.9659417247544,0.0,0.0
2023-11-23,Smith's Bar,Jack Daniels,1661.9659417247544,0.0,0.0
2023-11-24,Smith's Bar,Jack Daniels,1661.9659417247544,0.0,0.0
2023-11-25,Smith's Bar,Jack Daniels,1661.9659417247544,0.0,0.0
2023-11-26,Smith's Bar,Jack Daniels,1661.9659417247544,0.0,0.0
2023-11-27,Smith's Bar,Jack Daniels,1509.2159417247544,152.75,0.0
2023-11-28,Smith's Bar,Jack Daniels,1509.2159417247544,0.0,0.0
2023-11-29,Smith's Bar,Jack Daniels,1509.2159417247544,0.0,0.0
2023-11-30,Smith's Bar,Jack Daniels,1509.2159417247544,0.0,0.0
2023-12-01,Smith's Bar,Jack Daniels,1509.2159417247544,0.0,0.0
2023-12-02,Smith's Bar,Jack Daniels,1319.7459417247544,189.47,0.0
2023-12-03,Smith's Bar,Jack Daniels,1319.7459417247544,0.0,0.0
2023-12-04,Smith's Bar,Jack Daniels,859.0559417247543,460.69,0.0
2023-12-05,Smith's Bar,Jack Daniels,859.0559417247543,0.0,0.0
2023-12-06,Smith's Bar,Jack Daniels,859.0559417247543,0.0,0.0
2023-12-07,Smith's Bar,Jack Daniels,859.0559417247543,0.0,0.0
2023-12-08,Smith's Bar,Jack Daniels,859.0559417247543,0.0,0.0
2023-12-09,Smith's Bar,Jack Daniels,315.40594172475437,543.65,238.5827055168304
2023-12-10,Smith's Bar,Jack Daniels,315.40594172475437,0.0,238.5827055168304
2023-12-11,Smith's Bar,Jack Daniels,315.40594172475437,0.0,238.5827055168304
2023-12-12,Smith's Bar,Jack Daniels,553.9886472415848,0.0,0.0
2023-12-13,Smith's Bar,Jack Daniels,792.5713527584152,0.0,0.0
2023-12-14,Smith's Bar,Jack Daniels,1031.1540582752455,0.0,0.0
2023-12-15,Smith's Bar,Jack Daniels,1031.1540582752455,0.0,0.0
2023-12-16,Smith's Bar,Jack Daniels,1031.1540582752455,0.0,0.0
2023-12-17,Smith's Bar,Jack Daniels,1031.1540582752455,0.0,0.0
2023-12-18,Smith's Bar,Jack Daniels,1031.1540582752455,0.0,0.0
2023-12-19,Smith's Bar,Jack Daniels,822.7340582752455,208.42,0.0
2023-12-20,Smith's Bar,Jack Daniels,822.7340582752455,0.0,0.0
2023-12-21,Smith's Bar,Jack Daniels,822.7340582752455,0.0,0.0
2023-12-22,Smith's Bar,Jack Daniels,822.7340582752455,0.0,0.0
2023-12-23,Smith's Bar,Jack Daniels,822.7340582752455,0.0,0.0
2023-12-24,Smith's Bar,Jack Daniels,822.7340582752455,0.0,0.0
2023-12-25,Smith's Bar,Jack Daniels,822.7340582752455,0.0,0.0
2023-12-26,Smith's Bar,Jack Daniels,822.7340582752455,0.0,0.0
2023-12-27,Smith's Bar,Jack Daniels,822.7340582752455,0.0,0.0
2023-12-28,Smith's Bar,Jack Daniels,822.7340582752455,0.0,0.0
2023-12-29,Smith's Bar,Jack Daniels,822.7340582752455,0.0,0.0
2023-12-30,Smith's Bar,Jack Daniels,822.7340582752455,0.0,0.0
2023-12-31,Smith's Bar,Jack Daniels,822.7340582752455,0.0,0.0
2024-01-01,Smith's Bar,Jack Daniels,822.7340582752455,0.0,0.0
2023-10-23,Smith's Bar,Jameson,161.30792842510925,369.11,369.11
2023-10-24,Smith's Bar,Jameson,161.30792842510925,0.0,369.11
2023-10-25,Smith's Bar,Jameson,161.30792842510925,0.0,369.11
2023-10-26,Smith's Bar,Jameson,530.4179284251093,0.0,0.0
2023-10-27,Smith's Bar,Jameson,899.5279284251093,0.0,0.0
2023-10-28,Smith's Bar,Jameson,1268.6379284251093,0.0,0.0
2023-10-29,Smith's Bar,Jameson,1268.6379284251093,0.0,0.0
2023-10-30,Smith's Bar,Jameson,1268.6379284251093,0.0,0.0
2023-10-31,Smith's Bar,Jameson,1268.6379284251093,0.0,0.0
2023-11-01,Smith's Bar,Jameson,1268.6379284251093,0.0,0.0
2023-11-02,Smith's Bar,Jameson,1268.6379284251093,0.0,0.0
2023-11-03,Smith's Bar,Jameson,1268.6379284251093,0.0,0.0
2023-11-04,Smith's Bar,Jameson,1268.6379284251093,0.0,0.0
2023-11-05,Smith's Bar,Jameson,1268.6379284251093,0.0,0.0
2023-11-06,Smith's Bar,Jameson,1268.6379284251093,0.0,0.0
2023-11-07,Smith's Bar,Jameson,1268.6379284251093,0.0,0.0
2023-11-08,Smith's Bar,Jameson,1067.3579284251093,201.28,0.0
2023-11-09,Smith's Bar,Jameson,1067.3579284251093,0.0,0.0
2023-11-10,Smith's Bar,Jameson,1067.3579284251093,0.0,0.0
2023-11-11,Smith's Bar,Jameson,1067.3579284251093,0.0,0.0
2023-11-12,Smith's Bar,Jameson,1067.3579284251093,0.0,0.0
2023-11-13,Smith's Bar,Jameson,1067.3579284251093,0.0,0.0
2023-11-14,Smith's Bar,Jameson,576.9779284251093,490.38,0.0
2023-11-15,Smith's Bar,Jameson,459.1379284251093,117.84,71.27999999999997
2023-11-16,Smith's Bar,Jameson,459.1379284251093,0.0,71.27999999999997
2023-11-17,Smith's Bar,Jameson,459.1379284251093,0.0,71.27999999999997
2023-11-18,Smith's Bar,Jameson,530.4179284251093,0.0,0.0
2023-11-19,Smith's Bar,Jameson,68.02792842510928,533.67,462.39
2023-11-20,Smith's Bar,Jameson,0.0,503.17,530.4179284251093
2023-11-21,Smith's Bar,Jameson,0.0,0.0,530.4179284251093
2023-11-22,Smith's Bar,Jameson,462.39,0.0,68.02792842510928
2023-11-23,Smith's Bar,Jameson,992.8079284251093,0.0,0.0
2023-11-24,Smith's Bar,Jameson,1523.2258568502184,0.0,0.0
2023-11-25,Smith's Bar,Jameson,1591.2537852753276,0.0,0.0
2023-11-26,Smith's Bar,Jameson,1403.0237852753276,188.23,0.0
2023-11-27,Smith's Bar,Jameson,1403.0237852753276,0.0,0.0
2023-11-28,Smith's Bar,Jameson,1403.0237852753276,0.0,0.0
2023-11-29,Smith's Bar,Jameson,1403.0237852753276,0.0,0.0
2023-11-30,Smith's Bar,Jameson,1403.0237852753276,0.0,0.0
2023-12-01,Smith's Bar,Jameson,1403.0237852753276,0.0,0.0
2023-12-02,Smith's Bar,Jameson,1403.0237852753276,0.0,0.0
2023-12-03,Smith's Bar,Jameson,1403.0237852753276,0.0,0.0
2023-12-04,Smith's Bar,Jameson,1403.0237852753276,0.0,0.0
2023-12-05,Smith's Bar,Jameson,1288.7437852753276,114.28,0.0
2023-12-06,Smith's Bar,Jameson,1288.7437852753276,0.0,0.0
2023-12-07,Smith's Bar,Jameson,1288.7437852753276,0.0,0.0
2023-12-08,Smith's Bar,Jameson,1075.5737852753275,213.17,0.0
2023-12-09,Smith's Bar,Jameson,1075.5737852753275,0.0,0.0
2023-12-10,Smith's Bar,Jameson,1075.5737852753275,0.0,0.0
2023-12-11,Smith's Bar,Jameson,1075.5737852753275,0.0,0.0
2023-12-12,Smith's Bar,Jameson,479.9437852753275,595.63,50.47414314978175
2023-12-13,Smith's Bar,Jameson,479.9437852753275,0.0,50.47414314978175
2023-12-14,Smith's Bar,Jameson,317.4437852753275,162.5,212.97414314978175
2023-12-15,Smith's Bar,Jameson,0.0,494.94,530.4179284251093
2023-12-16,Smith's Bar,Jameson,50.47414314978175,0.0,479.9437852753275
2023-12-17,Smith's Bar,Jameson,263.4482862995635,0.0,266.96964212554576
2023-12-18,Smith's Bar,Jameson,793.8662147246728,0.0,0.0
2023-12-19,Smith's Bar,Jameson,1273.8100000000004,0.0,0.0
2023-12-20,Smith's Bar,Jameson,1540.7796421255462,0.0,0.0
2023-12-21,Smith's Bar,Jameson,1540.7796421255462,0.0,0.0
2023-12-22,Smith's Bar,Jameson,1540.7796421255462,0.0,0.0
2023-12-23,Smith's Bar,Jameson,1540.7796421255462,0.0,0.0
2023-12-24,Smith's Bar,Jameson,1063.2596421255462,477.52,0.0
2023-12-25,Smith's Bar,Jameson,1063.2596421255462,0.0,0.0
2023-12-26,Smith's Bar,Jameson,1063.2596421255462,0.0,0.0
2023-12-27,Smith's Bar,Jameson,1063.2596421255462,0.0,0.0
2023-12-28,Smith's Bar,Jameson,1063.2596421255462,0.0,0.0
2023-12-29,Smith's Bar,Jameson,1063.2596421255462,0.0,0.0
2023-12-30,Smith's Bar,Jameson,1063.2596421255462,0.0,0.0
2023-12-31,Smith's Bar,Jameson,662.5296421255462,400.73,0.0
2024-01-01,Smith's Bar,Jameson,662.5296421255462,0.0,0.0
2023-10-23,Smith's Bar,Jim Beam,634.640792964016,0.0,0.0
2023-10-24,Smith's Bar,Jim Beam,346.450792964016,288.19,288.19
2023-10-25,Smith's Bar,Jim Beam,346.450792964016,0.0,288.19
2023-10-26,Smith's Bar,Jim Beam,346.450792964016,0.0,288.19
2023-10-27,Smith's Bar,Jim Beam,634.640792964016,0.0,0.0
2023-10-28,Smith's Bar,Jim Beam,922.8307929640159,0.0,0.0
2023-10-29,Smith's Bar,Jim Beam,1211.020792964016,0.0,0.0
2023-10-30,Smith's Bar,Jim Beam,1211.020792964016,0.0,0.0
2023-10-31,Smith's Bar,Jim Beam,981.0807929640159,229.94,0.0
2023-11-01,Smith's Bar,Jim Beam,981.0807929640159,0.0,0.0
2023-11-02,Smith's Bar,Jim Beam,824.310792964016,156.77,0.0
2023-11-03,Smith's Bar,Jim Beam,824.310792964016,0.0,0.0
2023-11-04,Smith's Bar,Jim Beam,331.7707929640159,492.54,302.87000000000006
2023-11-05,Smith's Bar,Jim Beam,0.0,338.99,634.640792964016
2023-11-06,Smith's Bar,Jim Beam,0.0,0.0,634.640792964016
2023-11-07,Smith's Bar,Jim Beam,302.87000000000006,0.0,331.7707929640159
2023-11-08,Smith's Bar,Jim Beam,937.510792964016,0.0,0.0
2023-11-09,Smith's Bar,Jim Beam,1572.151585928032,0.0,0.0
2023-11-10,Smith's Bar,Jim Beam,1903.922378892048,0.0,0.0
2023-11-11,Smith's Bar,Jim Beam,1387.252378892048,516.67,0.0
2023-11-12,Smith's Bar,Jim Beam,1387.252378892048,0.0,0.0
2023-11-13,Smith's Bar,Jim Beam,1387.252378892048,0.0,0.0
2023-11-14,Smith's Bar,Jim Beam,1387.252378892048,0.0,0.0
2023-11-15,Smith's Bar,Jim Beam,1387.252378892048,0.0,0.0
2023-11-16,Smith's Bar,Jim Beam,1259.832378892048,127.42,0.0
2023-11-17,Smith's Bar,Jim Beam,1259.832378892048,0.0,0.0
2023-11-18,Smith's Bar,Jim Beam,780.1923788920479,479.64,0.0
2023-11-19,Smith's Bar,Jim Beam,780.1923788920479,0.0,0.0
2023-11-20,Smith's Bar,Jim Beam,780.1923788920479,0.0,0.0
2023-11-21,Smith's Bar,Jim Beam,780.1923788920479,0.0,0.0
2023-11-22,Smith's Bar,Jim Beam,780.1923788920479,0.0,0.0
2023-11-23,Smith's Bar,Jim Beam,780.1923788920479,0.0,0.0
2023-11-24,Smith's Bar,Jim Beam,780.1923788920479,0.0,0.0
2023-11-25,Smith's Bar,Jim Beam,780.1923788920479,0.0,0.0
2023-11-26,Smith's Bar,Jim Beam,780.1923788920479,0.0,0.0
2023-11-27,Smith's Bar,Jim Beam,780.1923788920479,0.0,0.0
2023-11-28,Smith's Bar,Jim Beam,780.1923788920479,0.0,0.0
2023-11-29,Smith's Bar,Jim Beam,780.1923788920479,0.0,0.0
2023-11-30,Smith's Bar,Jim Beam,780.1923788920479,0.0,0.0
2023-12-01,Smith's Bar,Jim Beam,780.1923788920479,0.0,0.0
2023-12-02,Smith's Bar,Jim Beam,780.1923788920479,0.0,0.0
2023-12-03,Smith's Bar,Jim Beam,780.1923788920479,0.0,0.0
2023-12-04,Smith's Bar,Jim Beam,780.1923788920479,0.0,0.0
2023-12-05,Smith's Bar,Jim Beam,780.1923788920479,0.0,0.0
2023-12-06,Smith's Bar,Jim Beam,780.1923788920479,0.0,0.0
2023-12-07,Smith's Bar,Jim Beam,780.1923788920479,0.0,0.0
2023-12-08,Smith's Bar,Jim Beam,780.1923788920479,0.0,0.0
2023-12-09,Smith's Bar,Jim Beam,780.1923788920479,0.0,0.0
2023-12-10,Smith's Bar,Jim Beam,780.1923788920479,0.0,0.0
2023-12-11,Smith's Bar,Jim Beam,353.37237889204795,426.82,281.26841407196804
2023-12-12,Smith's Bar,Jim Beam,353.37237889204795,0.0,281.26841407196804
2023-12-13,Smith's Bar,Jim Beam,353.37237889204795,0.0,281.26841407196804
2023-12-14,Smith's Bar,Jim Beam,634.640792964016,0.0,0.0
2023-12-15,Smith's Bar,Jim Beam,915.9092070359841,0.0,0.0
2023-12-16,Smith's Bar,Jim Beam,1197.177621107952,0.0,0.0
2023-12-17,Smith's Bar,Jim Beam,1197.177621107952,0.0,0.0
2023-12-18,Smith's Bar,Jim Beam,1197.177621107952,0.0,0.0
2023-12-19,Smith's Bar,Jim Beam,1197.177621107952,0.0,0.0
2023-12-20,Smith's Bar,Jim Beam,1197.177621107952,0.0,0.0
2023-12-21,Smith's Bar,Jim Beam,1197.177621107952,0.0,0.0
2023-12-22,Smith's Bar,Jim Beam,1197.177621107952,0.0,0.0
2023-12-23,Smith's Bar,Jim Beam,1067.0676211079522,130.11,0.0
2023-12-24,Smith's Bar,Jim Beam,1067.0676211079522,0.0,0.0
2023-12-25,Smith's Bar,Jim Beam,1067.0676211079522,0.0,0.0
2023-12-26,Smith's Bar,Jim Beam,1067.0676211079522,0.0,0.0
2023-12-27,Smith's Bar,Jim Beam,1067.0676211079522,0.0,0.0
2023-12-28,Smith's Bar,Jim Beam,1067.0676211079522,0.0,0.0
2023-12-29,Smith's Bar,Jim Beam,1067.0676211079522,0.0,0.0
2023-12-30,Smith's Bar,Jim Beam,1067.0676211079522,0.0,0.0
2023-12-31,Smith's Bar,Jim Beam,1067.0676211079522,0.0,0.0
2024-01-01,Smith's Bar,Jim Beam,1067.0676211079522,0.0,0.0
2023-10-23,Smith's Bar,Malibu,299.1976183280446,351.82,351.82
2023-10-24,Smith's Bar,Malibu,299.1976183280446,0.0,351.82
2023-10-25,Smith's Bar,Malibu,299.1976183280446,0.0,351.82
2023-10-26,Smith's Bar,Malibu,651.0176183280446,0.0,0.0
2023-10-27,Smith's Bar,Malibu,892.9776183280445,109.86,0.0
2023-10-28,Smith's Bar,Malibu,1244.7976183280446,0.0,0.0
2023-10-29,Smith's Bar,Malibu,1244.7976183280446,0.0,0.0
2023-10-30,Smith's Bar,Malibu,1132.3776183280445,112.42,0.0
2023-10-31,Smith's Bar,Malibu,1132.3776183280445,0.0,0.0
2023-11-01,Smith's Bar,Malibu,1132.3776183280445,0.0,0.0
2023-11-02,Smith's Bar,Malibu,1132.3776183280445,0.0,0.0
2023-11-03,Smith's Bar,Malibu,1132.3776183280445,0.0,0.0
2023-11-04,Smith's Bar,Malibu,1132.3776183280445,0.0,0.0
2023-11-05,Smith's Bar,Malibu,1132.3776183280445,0.0,0.0
2023-11-06,Smith's Bar,Malibu,1132.3776183280445,0.0,0.0
2023-11-07,Smith's Bar,Malibu,942.1576183280445,190.22,0.0
2023-11-08,Smith's Bar,Malibu,942.1576183280445,0.0,0.0
2023-11-09,Smith's Bar,Malibu,942.1576183280445,0.0,0.0
2023-11-10,Smith's Bar,Malibu,942.1576183280445,0.0,0.0
2023-11-11,Smith's Bar,Malibu,942.1576183280445,0.0,0.0
2023-11-12,Smith's Bar,Malibu,942.1576183280445,0.0,0.0
2023-11-13,Smith's Bar,Malibu,942.1576183280445,0.0,0.0
2023-11-14,Smith's Bar,Malibu,942.1576183280445,0.0,0.0
2023-11-15,Smith's Bar,Malibu,942.1576183280445,0.0,0.0
2023-11-16,Smith's Bar,Malibu,942.1576183280445,0.0,0.0
2023-11-17,Smith's Bar,Malibu,942.1576183280445,0.0,0.0
2023-11-18,Smith's Bar,Malibu,942.1576183280445,0.0,0.0
2023-11-19,Smith's Bar,Malibu,942.1576183280445,0.0,0.0
2023-11-20,Smith's Bar,Malibu,429.1976183280444,512.96,221.82000000000016
2023-11-21,Smith's Bar,Malibu,429.1976183280444,0.0,221.82000000000016
2023-11-22,Smith's Bar,Malibu,429.1976183280444,0.0,221.82000000000016
2023-11-23,Smith's Bar,Malibu,651.0176183280446,0.0,0.0
2023-11-24,Smith's Bar,Malibu,872.8376183280448,0.0,0.0
2023-11-25,Smith's Bar,Malibu,1094.657618328045,0.0,0.0
2023-11-26,Smith's Bar,Malibu,1094.657618328045,0.0,0.0
2023-11-27,Smith's Bar,Malibu,1094.657618328045,0.0,0.0
2023-11-28,Smith's Bar,Malibu,1094.657618328045,0.0,0.0
2023-11-29,Smith's Bar,Malibu,498.1976183280449,596.46,152.8199999999997
2023-11-30,Smith's Bar,Malibu,498.1976183280449,0.0,152.8199999999997
2023-12-01,Smith's Bar,Malibu,498.1976183280449,0.0,152.8199999999997
2023-12-02,Smith's Bar,Malibu,651.0176183280446,0.0,0.0
2023-12-03,Smith's Bar,Malibu,693.7276183280443,110.11,0.0
2023-12-04,Smith's Bar,Malibu,546.857618328044,299.69,104.16000000000054
2023-12-05,Smith's Bar,Malibu,294.397618328044,252.46,356.6200000000006
2023-12-06,Smith's Bar,Malibu,117.72761832804403,176.67,533.2900000000005
2023-12-07,Smith's Bar,Malibu,221.88761832804457,0.0,429.13
2023-12-08,Smith's Bar,Malibu,578.5076183280452,0.0,72.50999999999942
2023-12-09,Smith's Bar,Malibu,1111.7976183280457,0.0,0.0
2023-12-10,Smith's Bar,Malibu,1540.9276183280458,0.0,0.0
2023-12-11,Smith's Bar,Malibu,1613.4376183280451,0.0,0.0
2023-12-12,Smith's Bar,Malibu,1613.4376183280451,0.0,0.0
2023-12-13,Smith's Bar,Malibu,1613.4376183280451,0.0,0.0
2023-12-14,Smith's Bar,Malibu,1613.4376183280451,0.0,0.0
2023-12-15,Smith's Bar,Malibu,1613.4376183280451,0.0,0.0
2023-12-16,Smith's Bar,Malibu,1613.4376183280451,0.0,0.0
2023-12-17,Smith's Bar,Malibu,1613.4376183280451,0.0,0.0
2023-12-18,Smith's Bar,Malibu,1613.4376183280451,0.0,0.0
2023-12-19,Smith's Bar,Malibu,1613.4376183280451,0.0,0.0
2023-12-20,Smith's Bar,Malibu,1613.4376183280451,0.0,0.0
2023-12-21,Smith's Bar,Malibu,1613.4376183280451,0.0,0.0
2023-12-22,Smith's Bar,Malibu,1613.4376183280451,0.0,0.0
2023-12-23,Smith's Bar,Malibu,1613.4376183280451,0.0,0.0
2023-12-24,Smith's Bar,Malibu,1613.4376183280451,0.0,0.0
2023-12-25,Smith's Bar,Malibu,1613.4376183280451,0.0,0.0
2023-12-26,Smith's Bar,Malibu,1613.4376183280451,0.0,0.0
2023-12-27,Smith's Bar,Malibu,1257.3676183280452,356.07,0.0
2023-12-28,Smith's Bar,Malibu,733.4776183280452,523.89,0.0
2023-12-29,Smith's Bar,Malibu,157.07761832804522,576.4,493.9399999999994
2023-12-30,Smith's Bar,Malibu,157.07761832804522,0.0,493.9399999999994
2023-12-31,Smith's Bar,Malibu,157.07761832804522,0.0,493.9399999999994
2024-01-01,Smith's Bar,Malibu,651.0176183280446,0.0,0.0
2023-10-23,Smith's Bar,Miller,579.2240235547532,0.0,0.0
2023-10-24,Smith's Bar,Miller,579.2240235547532,0.0,0.0
2023-10-25,Smith's Bar,Miller,579.2240235547532,0.0,0.0
2023-10-26,Smith's Bar,Miller,579.2240235547532,0.0,0.0
2023-10-27,Smith's Bar,Miller,579.2240235547532,0.0,0.0
2023-10-28,Smith's Bar,Miller,579.2240235547532,0.0,0.0
2023-10-29,Smith's Bar,Miller,579.2240235547532,0.0,0.0
2023-10-30,Smith's Bar,Miller,579.2240235547532,0.0,0.0
2023-10-31,Smith's Bar,Miller,579.2240235547532,0.0,0.0
2023-11-01,Smith's Bar,Miller,579.2240235547532,0.0,0.0
2023-11-02,Smith's Bar,Miller,579.2240235547532,0.0,0.0
2023-11-03,Smith's Bar,Miller,579.2240235547532,0.0,0.0
2023-11-04,Smith's Bar,Miller,579.2240235547532,0.0,0.0
2023-11-05,Smith's Bar,Miller,579.2240235547532,0.0,0.0
2023-11-06,Smith's Bar,Miller,579.2240235547532,0.0,0.0
2023-11-07,Smith's Bar,Miller,579.2240235547532,0.0,0.0
2023-11-08,Smith's Bar,Miller,579.2240235547532,0.0,0.0
2023-11-09,Smith's Bar,Miller,579.2240235547532,0.0,0.0
2023-11-10,Smith's Bar,Miller,284.4940235547532,294.73,294.73
2023-11-11,Smith's Bar,Miller,9.114023554753203,275.38,570.11
2023-11-12,Smith's Bar,Miller,9.114023554753203,0.0,570.11
2023-11-13,Smith's Bar,Miller,303.8440235547532,0.0,275.38
2023-11-14,Smith's Bar,Miller,383.5440235547532,490.41,195.68
2023-11-15,Smith's Bar,Miller,953.6540235547532,0.0,0.0
2023-11-16,Smith's Bar,Miller,1229.0340235547533,0.0,0.0
2023-11-17,Smith's Bar,Miller,1424.7140235547533,0.0,0.0
2023-11-18,Smith's Bar,Miller,1424.7140235547533,0.0,0.0
2023-11-19,Smith's Bar,Miller,1424.7140235547533,0.0,0.0
2023-11-20,Smith's Bar,Miller,1424.7140235547533,0.0,0.0
2023-11-21,Smith's Bar,Miller,1424.7140235547533,0.0,0.0
2023-11-22,Smith's Bar,Miller,1424.7140235547533,0.0,0.0
2023-11-23,Smith's Bar,Miller,1424.7140235547533,0.0,0.0
2023-11-24,Smith's Bar,Miller,1424.7140235547533,0.0,0.0
2023-11-25,Smith's Bar,Miller,1424.7140235547533,0.0,0.0
2023-11-26,Smith's Bar,Miller,1424.7140235547533,0.0,0.0
2023-11-27,Smith's Bar,Miller,1424.7140235547533,0.0,0.0
2023-11-28,Smith's Bar,Miller,1424.7140235547533,0.0,0.0
2023-11-29,Smith's Bar,Miller,1424.7140235547533,0.0,0.0
2023-11-30,Smith's Bar,Miller,1424.7140235547533,0.0,0.0
2023-12-01,Smith's Bar,Miller,1424.7140235547533,0.0,0.0
2023-12-02,Smith's Bar,Miller,1424.7140235547533,0.0,0.0
2023-12-03,Smith's Bar,Miller,1424.7140235547533,0.0,0.0
2023-12-04,Smith's Bar,Miller,1424.7140235547533,0.0,0.0
2023-12-05,Smith's Bar,Miller,1424.7140235547533,0.0,0.0
2023-12-06,Smith's Bar,Miller,1424.7140235547533,0.0,0.0
2023-12-07,Smith's Bar,Miller,1424.7140235547533,0.0,0.0
2023-12-08,Smith's Bar,Miller,1424.7140235547533,0.0,0.0
2023-12-09,Smith's Bar,Miller,1424.7140235547533,0.0,0.0
2023-12-10,Smith's Bar,Miller,1262.4340235547534,162.28,0.0
2023-12-11,Smith's Bar,Miller,1262.4340235547534,0.0,0.0
2023-12-12,Smith's Bar,Miller,1066.2040235547533,196.23,0.0
2023-12-13,Smith's Bar,Miller,480.95402355475335,585.25,98.26999999999987
2023-12-14,Smith's Bar,Miller,480.95402355475335,0.0,98.26999999999987
2023-12-15,Smith's Bar,Miller,480.95402355475335,0.0,98.26999999999987
2023-12-16,Smith's Bar,Miller,414.06402355475325,165.16,165.15999999999997
2023-12-17,Smith's Bar,Miller,512.3340235547531,0.0,66.8900000000001
2023-12-18,Smith's Bar,Miller,610.604023554753,0.0,0.0
2023-12-19,Smith's Bar,Miller,775.764023554753,0.0,0.0
2023-12-20,Smith's Bar,Miller,405.33402355475306,437.32,173.89000000000016
2023-12-21,Smith's Bar,Miller,405.33402355475306,0.0,173.89000000000016
2023-12-22,Smith's Bar,Miller,405.33402355475306,0.0,173.89000000000016
2023-12-23,Smith's Bar,Miller,579.2240235547532,0.0,0.0
2023-12-24,Smith's Bar,Miller,753.1140235547534,0.0,0.0
2023-12-25,Smith's Bar,Miller,927.0040235547535,0.0,0.0
2023-12-26,Smith's Bar,Miller,927.0040235547535,0.0,0.0
2023-12-27,Smith's Bar,Miller,927.0040235547535,0.0,0.0
2023-12-28,Smith's Bar,Miller,927.0040235547535,0.0,0.0
2023-12-29,Smith's Bar,Miller,927.0040235547535,0.0,0.0
2023-12-30,Smith's Bar,Miller,927.0040235547535,0.0,0.0
2023-12-31,Smith's Bar,Miller,927.0040235547535,0.0,0.0
2024-01-01,Smith's Bar,Miller,927.0040235547535,0.0,0.0
2023-10-23,Smith's Bar,Smirnoff,504.28554483352457,0.0,0.0
2023-10-24,Smith's Bar,Smirnoff,504.28554483352457,0.0,0.0
2023-10-25,Smith's Bar,Smirnoff,504.28554483352457,0.0,0.0
2023-10-26,Smith's Bar,Smirnoff,504.28554483352457,0.0,0.0
2023-10-27,Smith's Bar,Smirnoff,504.28554483352457,0.0,0.0
2023-10-28,Smith's Bar,Smirnoff,504.28554483352457,0.0,0.0
2023-10-29,Smith's Bar,Smirnoff,270.0055448335246,234.28,234.27999999999997
2023-10-30,Smith's Bar,Smirnoff,270.0055448335246,0.0,234.27999999999997
2023-10-31,Smith's Bar,Smirnoff,270.0055448335246,0.0,234.27999999999997
2023-11-01,Smith's Bar,Smirnoff,504.28554483352457,0.0,0.0
2023-11-02,Smith's Bar,Smirnoff,738.5655448335245,0.0,0.0
2023-11-03,Smith's Bar,Smirnoff,972.8455448335245,0.0,0.0
2023-11-04,Smith's Bar,Smirnoff,972.8455448335245,0.0,0.0
2023-11-05,Smith's Bar,Smirnoff,972.8455448335245,0.0,0.0
2023-11-06,Smith's Bar,Smirnoff,972.8455448335245,0.0,0.0
2023-11-07,Smith's Bar,Smirnoff,972.8455448335245,0.0,0.0
2023-11-08,Smith's Bar,Smirnoff,972.8455448335245,0.0,0.0
2023-11-09,Smith's Bar,Smirnoff,437.82554483352453,535.02,66.46000000000004
2023-11-10,Smith's Bar,Smirnoff,437.82554483352453,0.0,66.46000000000004
2023-11-11,Smith's Bar,Smirnoff,437.82554483352453,0.0,66.46000000000004
2023-11-12,Smith's Bar,Smirnoff,504.28554483352457,0.0,0.0
2023-11-13,Smith's Bar,Smirnoff,570.7455448335246,0.0,0.0
2023-11-14,Smith's Bar,Smirnoff,637.2055448335246,0.0,0.0
2023-11-15,Smith's Bar,Smirnoff,637.2055448335246,0.0,0.0
2023-11-16,Smith's Bar,Smirnoff,637.2055448335246,0.0,0.0
2023-11-17,Smith's Bar,Smirnoff,637.2055448335246,0.0,0.0
2023-11-18,Smith's Bar,Smirnoff,140.14554483352464,497.06,364.13999999999993
2023-11-19,Smith's Bar,Smirnoff,0.0,182.5,504.28554483352457
2023-11-20,Smith's Bar,Smirnoff,0.0,490.52,504.28554483352457
2023-11-21,Smith's Bar,Smirnoff,364.13999999999993,0.0,140.14554483352464
2023-11-22,Smith's Bar,Smirnoff,868.4255448335246,0.0,0.0
2023-11-23,Smith's Bar,Smirnoff,1372.7110896670492,0.0,0.0
2023-11-24,Smith's Bar,Smirnoff,1512.8566345005738,0.0,0.0
2023-11-25,Smith's Bar,Smirnoff,1512.8566345005738,0.0,0.0
2023-11-26,Smith's Bar,Smirnoff,1512.8566345005738,0.0,0.0
2023-11-27,Smith's Bar,Smirnoff,1300.8766345005738,211.98,0.0
2023-11-28,Smith's Bar,Smirnoff,1300.8766345005738,0.0,0.0
2023-11-29,Smith's Bar,Smirnoff,1300.8766345005738,0.0,0.0
2023-11-30,Smith's Bar,Smirnoff,1300.8766345005738,0.0,0.0
2023-12-01,Smith's Bar,Smirnoff,1079.506634500574,221.37,0.0
2023-12-02,Smith's Bar,Smirnoff,1079.506634500574,0.0,0.0
2023-12-03,Smith's Bar,Smirnoff,1079.506634500574,0.0,0.0
2023-12-04,Smith's Bar,Smirnoff,1079.506634500574,0.0,0.0
2023-12-05,Smith's Bar,Smirnoff,1079.506634500574,0.0,0.0
2023-12-06,Smith's Bar,Smirnoff,691.686634500574,387.82,0.0
2023-12-07,Smith's Bar,Smirnoff,691.686634500574,0.0,0.0
2023-12-08,Smith's Bar,Smirnoff,691.686634500574,0.0,0.0
2023-12-09,Smith's Bar,Smirnoff,691.686634500574,0.0,0.0
2023-12-10,Smith's Bar,Smirnoff,691.686634500574,0.0,0.0
2023-12-11,Smith's Bar,Smirnoff,691.686634500574,0.0,0.0
2023-12-12,Smith's Bar,Smirnoff,691.686634500574,0.0,0.0
2023-12-13,Smith's Bar,Smirnoff,691.686634500574,0.0,0.0
2023-12-14,Smith's Bar,Smirnoff,349.56663450057397,342.12,154.7189103329506
2023-12-15,Smith's Bar,Smirnoff,349.56663450057397,0.0,154.7189103329506
2023-12-16,Smith's Bar,Smirnoff,349.56663450057397,0.0,154.7189103329506
2023-12-17,Smith's Bar,Smirnoff,0.0,567.63,504.28554483352457
2023-12-18,Smith's Bar,Smirnoff,0.0,237.68,504.28554483352457
2023-12-19,Smith's Bar,Smirnoff,154.7189103329506,0.0,349.56663450057397
2023-12-20,Smith's Bar,Smirnoff,659.0044551664752,0.0,0.0
2023-12-21,Smith's Bar,Smirnoff,976.3099999999997,186.98,0.0
2023-12-22,Smith's Bar,Smirnoff,1325.8766345005738,0.0,0.0
2023-12-23,Smith's Bar,Smirnoff,1325.8766345005738,0.0,0.0
2023-12-24,Smith's Bar,Smirnoff,810.3666345005738,515.51,0.0
2023-12-25,Smith's Bar,Smirnoff,810.3666345005738,0.0,0.0
2023-12-26,Smith's Bar,Smirnoff,810.3666345005738,0.0,0.0
2023-12-27,Smith's Bar,Smirnoff,810.3666345005738,0.0,0.0
2023-12-28,Smith's Bar,Smirnoff,810.3666345005738,0.0,0.0
2023-12-29,Smith's Bar,Smirnoff,810.3666345005738,0.0,0.0
2023-12-30,Smith's Bar,Smirnoff,810.3666345005738,0.0,0.0
2023-12-31,Smith's Bar,Smirnoff,810.3666345005738,0.0,0.0
2024-01-01,Smith's Bar,Smirnoff,810.3666345005738,0.0,0.0
2023-10-23,Smith's Bar,Sutter Home,543.0656020692948,0.0,0.0
2023-10-24,Smith's Bar,Sutter Home,263.0356020692948,280.03,280.03
2023-10-25,Smith's Bar,Sutter Home,263.0356020692948,0.0,280.03
2023-10-26,Smith's Bar,Sutter Home,0.0,449.51,543.0656020692948
2023-10-27,Smith's Bar,Sutter Home,280.03,0.0,263.0356020692948
2023-10-28,Smith's Bar,Sutter Home,206.38999999999993,353.67,336.6756020692948
2023-10-29,Smith's Bar,Sutter Home,385.93560206929465,363.52,157.1300000000001
2023-10-30,Smith's Bar,Sutter Home,648.9712041385894,0.0,0.0
2023-10-31,Smith's Bar,Sutter Home,985.6468062078843,0.0,0.0
2023-11-01,Smith's Bar,Sutter Home,1142.7768062078844,0.0,0.0
2023-11-02,Smith's Bar,Sutter Home,732.3168062078844,410.46,0.0
2023-11-03,Smith's Bar,Sutter Home,243.40680620788436,488.91,299.6587958614104
2023-11-04,Smith's Bar,Sutter Home,123.10680620788436,120.3,419.9587958614104
2023-11-05,Smith's Bar,Sutter Home,123.10680620788436,0.0,419.9587958614104
2023-11-06,Smith's Bar,Sutter Home,422.76560206929474,0.0,120.30000000000001
2023-11-07,Smith's Bar,Sutter Home,842.7243979307052,0.0,0.0
2023-11-08,Smith's Bar,Sutter Home,1262.6831937921156,0.0,0.0
2023-11-09,Smith's Bar,Sutter Home,1382.9831937921156,0.0,0.0
2023-11-10,Smith's Bar,Sutter Home,1382.9831937921156,0.0,0.0
2023-11-11,Smith's Bar,Sutter Home,868.7631937921155,514.22,0.0
2023-11-12,Smith's Bar,Sutter Home,868.7631937921155,0.0,0.0
2023-11-13,Smith's Bar,Sutter Home,868.7631937921155,0.0,0.0
2023-11-14,Smith's Bar,Sutter Home,544.6731937921156,324.09,0.0
2023-11-15,Smith's Bar,Sutter Home,544.6731937921156,0.0,0.0
2023-11-16,Smith's Bar,Sutter Home,544.6731937921156,0.0,0.0
2023-11-17,Smith's Bar,Sutter Home,97.22319379211564,447.45,445.8424082771791
2023-11-18,Smith's Bar,Sutter Home,97.22319379211564,0.0,445.8424082771791
2023-11-19,Smith's Bar,Sutter Home,0.0,124.61,543.0656020692948
2023-11-20,Smith's Bar,Sutter Home,445.8424082771791,0.0,97.22319379211564
2023-11-21,Smith's Bar,Sutter Home,891.6848165543582,0.0,0.0
2023-11-22,Smith's Bar,Sutter Home,1434.7504186236529,0.0,0.0
2023-11-23,Smith's Bar,Sutter Home,1531.9736124157685,0.0,0.0
2023-11-24,Smith's Bar,Sutter Home,1531.9736124157685,0.0,0.0
2023-11-25,Smith's Bar,Sutter Home,1375.2936124157684,156.68,0.0
2023-11-26,Smith's Bar,Sutter Home,1375.2936124157684,0.0,0.0
2023-11-27,Smith's Bar,Sutter Home,872.9736124157685,502.32,0.0
2023-11-28,Smith's Bar,Sutter Home,872.9736124157685,0.0,0.0
2023-11-29,Smith's Bar,Sutter Home,872.9736124157685,0.0,0.0
2023-11-30,Smith's Bar,Sutter Home,872.9736124157685,0.0,0.0
2023-12-01,Smith's Bar,Sutter Home,872.9736124157685,0.0,0.0
2023-12-02,Smith's Bar,Sutter Home,687.6336124157684,185.34,0.0
2023-12-03,Smith's Bar,Sutter Home,687.6336124157684,0.0,0.0
2023-12-04,Smith's Bar,Sutter Home,687.6336124157684,0.0,0.0
2023-12-05,Smith's Bar,Sutter Home,687.6336124157684,0.0,0.0
2023-12-06,Smith's Bar,Sutter Home,687.6336124157684,0.0,0.0
2023-12-07,Smith's Bar,Sutter Home,687.6336124157684,0.0,0.0
2023-12-08,Smith's Bar,Sutter Home,687.6336124157684,0.0,0.0
2023-12-09,Smith's Bar,Sutter Home,687.6336124157684,0.0,0.0
2023-12-10,Smith's Bar,Sutter Home,687.6336124157684,0.0,0.0
2023-12-11,Smith's Bar,Sutter Home,687.6336124157684,0.0,0.0
2023-12-12,Smith's Bar,Sutter Home,569.9036124157684,117.73,0.0
2023-12-13,Smith's Bar,Sutter Home,569.9036124157684,0.0,0.0
2023-12-14,Smith's Bar,Sutter Home,142.6636124157684,427.24,400.40198965352636
2023-12-15,Smith's Bar,Sutter Home,142.6636124157684,0.0,400.40198965352636
2023-12-16,Smith's Bar,Sutter Home,142.6636124157684,0.0,400.40198965352636
2023-12-17,Smith's Bar,Sutter Home,543.0656020692948,0.0,0.0
2023-12-18,Smith's Bar,Sutter Home,685.4375917228211,258.03,0.0
2023-12-19,Smith's Bar,Sutter Home,1085.8395813763475,0.0,0.0
2023-12-20,Smith's Bar,Sutter Home,692.0995813763475,393.74,0.0
2023-12-21,Smith's Bar,Sutter Home,692.0995813763475,0.0,0.0
2023-12-22,Smith's Bar,Sutter Home,692.0995813763475,0.0,0.0
2023-12-23,Smith's Bar,Sutter Home,692.0995813763475,0.0,0.0
2023-12-24,Smith's Bar,Sutter Home,427.55958137634747,264.54,115.50602069294729
2023-12-25,Smith's Bar,Sutter Home,427.55958137634747,0.0,115.50602069294729
2023-12-26,Smith's Bar,Sutter Home,427.55958137634747,0.0,115.50602069294729
2023-12-27,Smith's Bar,Sutter Home,272.9756020692948,270.09,270.09
2023-12-28,Smith's Bar,Sutter Home,388.48162276224207,0.0,154.5839793070527
2023-12-29,Smith's Bar,Sutter Home,503.98764345518936,0.0,39.0779586141054
2023-12-30,Smith's Bar,Sutter Home,774.0776434551893,0.0,0.0
2023-12-31,Smith's Bar,Sutter Home,928.661622762242,0.0,0.0
2024-01-01,Smith's Bar,Sutter Home,967.7395813763474,0.0,0.0
2023-10-23,Smith's Bar,Yellow Tail,633.1393147230353,0.0,0.0
2023-10-24,Smith's Bar,Yellow Tail,633.1393147230353,0.0,0.0
2023-10-25,Smith's Bar,Yellow Tail,633.1393147230353,0.0,0.0
2023-10-26,Smith's Bar,Yellow Tail,633.1393147230353,0.0,0.0
2023-10-27,Smith's Bar,Yellow Tail,94.60931472303537,538.53,538.53
2023-10-28,Smith's Bar,Yellow Tail,94.60931472303537,0.0,538.53
2023-10-29,Smith's Bar,Yellow Tail,94.60931472303537,0.0,538.53
2023-10-30,Smith's Bar,Yellow Tail,633.1393147230353,0.0,0.0
2023-10-31,Smith's Bar,Yellow Tail,1171.6693147230353,0.0,0.0
2023-11-01,Smith's Bar,Yellow Tail,1395.6393147230353,314.56,0.0
2023-11-02,Smith's Bar,Yellow Tail,1395.6393147230353,0.0,0.0
2023-11-03,Smith's Bar,Yellow Tail,1395.6393147230353,0.0,0.0
2023-11-04,Smith's Bar,Yellow Tail,1395.6393147230353,0.0,0.0
2023-11-05,Smith's Bar,Yellow Tail,1070.2993147230354,325.34,0.0
2023-11-06,Smith's Bar,Yellow Tail,1070.2993147230354,0.0,0.0
2023-11-07,Smith's Bar,Yellow Tail,1070.2993147230354,0.0,0.0
2023-11-08,Smith's Bar,Yellow Tail,1070.2993147230354,0.0,0.0
2023-11-09,Smith's Bar,Yellow Tail,1070.2993147230354,0.0,0.0
2023-11-10,Smith's Bar,Yellow Tail,1070.2993147230354,0.0,0.0
2023-11-11,Smith's Bar,Yellow Tail,1070.2993147230354,0.0,0.0
2023-11-12,Smith's Bar,Yellow Tail,1070.2993147230354,0.0,0.0
2023-11-13,Smith's Bar,Yellow Tail,470.5493147230354,599.75,162.58999999999992
2023-11-14,Smith's Bar,Yellow Tail,470.5493147230354,0.0,162.58999999999992
2023-11-15,Smith's Bar,Yellow Tail,0.0,494.06,633.1393147230353
2023-11-16,Smith's Bar,Yellow Tail,162.58999999999992,0.0,470.5493147230354
2023-11-17,Smith's Bar,Yellow Tail,325.17999999999984,0.0,307.9593147230355
2023-11-18,Smith's Bar,Yellow Tail,469.52931472303516,488.79,163.61000000000018
2023-11-19,Smith's Bar,Yellow Tail,940.0786294460706,0.0,0.0
2023-11-20,Smith's Bar,Yellow Tail,1248.0379441691061,0.0,0.0
2023-11-21,Smith's Bar,Yellow Tail,1411.6479441691063,0.0,0.0
2023-11-22,Smith's Bar,Yellow Tail,1411.6479441691063,0.0,0.0
2023-11-23,Smith's Bar,Yellow Tail,1411.6479441691063,0.0,0.0
2023-11-24,Smith's Bar,Yellow Tail,1411.6479441691063,0.0,0.0
2023-11-25,Smith's Bar,Yellow Tail,1411.6479441691063,0.0,0.0
2023-11-26,Smith's Bar,Yellow Tail,1411.6479441691063,0.0,0.0
2023-11-27,Smith's Bar,Yellow Tail,1411.6479441691063,0.0,0.0
2023-11-28,Smith's Bar,Yellow Tail,1216.0879441691063,195.56,0.0
2023-11-29,Smith's Bar,Yellow Tail,1216.0879441691063,0.0,0.0
2023-11-30,Smith's Bar,Yellow Tail,701.7179441691063,514.37,0.0
2023-12-01,Smith's Bar,Yellow Tail,187.37794416910629,514.34,445.76137055392905
2023-12-02,Smith's Bar,Yellow Tail,187.37794416910629,0.0,445.76137055392905
2023-12-03,Smith's Bar,Yellow Tail,187.37794416910629,0.0,445.76137055392905
2023-12-04,Smith's Bar,Yellow Tail,633.1393147230353,0.0,0.0
2023-12-05,Smith's Bar,Yellow Tail,556.5906852769645,522.31,76.54862944607089
2023-12-06,Smith's Bar,Yellow Tail,1002.3520558308935,0.0,0.0
2023-12-07,Smith's Bar,Yellow Tail,1002.3520558308935,0.0,0.0
2023-12-08,Smith's Bar,Yellow Tail,1078.9006852769644,0.0,0.0
2023-12-09,Smith's Bar,Yellow Tail,1078.9006852769644,0.0,0.0
2023-12-10,Smith's Bar,Yellow Tail,1078.9006852769644,0.0,0.0
2023-12-11,Smith's Bar,Yellow Tail,1078.9006852769644,0.0,0.0
2023-12-12,Smith's Bar,Yellow Tail,1078.9006852769644,0.0,0.0
2023-12-13,Smith's Bar,Yellow Tail,749.9506852769644,328.95,0.0
2023-12-14,Smith's Bar,Yellow Tail,749.9506852769644,0.0,0.0
2023-12-15,Smith's Bar,Yellow Tail,749.9506852769644,0.0,0.0
2023-12-16,Smith's Bar,Yellow Tail,749.9506852769644,0.0,0.0
2023-12-17,Smith's Bar,Yellow Tail,477.4206852769644,272.53,155.71862944607096
2023-12-18,Smith's Bar,Yellow Tail,477.4206852769644,0.0,155.71862944607096
2023-12-19,Smith's Bar,Yellow Tail,477.4206852769644,0.0,155.71862944607096
2023-12-20,Smith's Bar,Yellow Tail,633.1393147230353,0.0,0.0
2023-12-21,Smith's Bar,Yellow Tail,788.8579441691063,0.0,0.0
2023-12-22,Smith's Bar,Yellow Tail,944.5765736151773,0.0,0.0
2023-12-23,Smith's Bar,Yellow Tail,944.5765736151773,0.0,0.0
2023-12-24,Smith's Bar,Yellow Tail,944.5765736151773,0.0,0.0
2023-12-25,Smith's Bar,Yellow Tail,944.5765736151773,0.0,0.0
2023-12-26,Smith's Bar,Yellow Tail,944.5765736151773,0.0,0.0
2023-12-27,Smith's Bar,Yellow Tail,944.5765736151773,0.0,0.0
2023-12-28,Smith's Bar,Yellow Tail,944.5765736151773,0.0,0.0
2023-12-29,Smith's Bar,Yellow Tail,944.5765736151773,0.0,0.0
2023-12-30,Smith's Bar,Yellow Tail,944.5765736151773,0.0,0.0
2023-12-31,Smith's Bar,Yellow Tail,944.5765736151773,0.0,0.0
2024-01-01,Smith's Bar,Yellow Tail,944.5765736151773,0.0,0.0
2023-10-23,Taylor's Bar,Absolut,526.6464159769891,0.0,0.0
2023-10-24,Taylor's Bar,Absolut,526.6464159769891,0.0,0.0
2023-10-25,Taylor's Bar,Absolut,526.6464159769891,0.0,0.0
2023-10-26,Taylor's Bar,Absolut,526.6464159769891,0.0,0.0
2023-10-27,Taylor's Bar,Absolut,526.6464159769891,0.0,0.0
2023-10-28,Taylor's Bar,Absolut,526.6464159769891,0.0,0.0
2023-10-29,Taylor's Bar,Absolut,526.6464159769891,0.0,0.0
2023-10-30,Taylor's Bar,Absolut,526.6464159769891,0.0,0.0
2023-10-31,Taylor's Bar,Absolut,526.6464159769891,0.0,0.0
2023-11-01,Taylor's Bar,Absolut,526.6464159769891,0.0,0.0
2023-11-02,Taylor's Bar,Absolut,526.6464159769891,0.0,0.0
2023-11-03,Taylor's Bar,Absolut,526.6464159769891,0.0,0.0
2023-11-04,Taylor's Bar,Absolut,526.6464159769891,0.0,0.0
2023-11-05,Taylor's Bar,Absolut,168.67641597698912,357.97,357.97
2023-11-06,Taylor's Bar,Absolut,18.076415976989125,150.6,508.57000000000005
2023-11-07,Taylor's Bar,Absolut,0.0,574.59,526.6464159769891
2023-11-08,Taylor's Bar,Absolut,357.97,0.0,168.67641597698912
2023-11-09,Taylor's Bar,Absolut,866.5400000000001,0.0,0.0
2023-11-10,Taylor's Bar,Absolut,1393.1864159769893,0.0,0.0
2023-11-11,Taylor's Bar,Absolut,1561.8628319539785,0.0,0.0
2023-11-12,Taylor's Bar,Absolut,1561.8628319539785,0.0,0.0
2023-11-13,Taylor's Bar,Absolut,1561.8628319539785,0.0,0.0
2023-11-14,Taylor's Bar,Absolut,1561.8628319539785,0.0,0.0
2023-11-15,Taylor's Bar,Absolut,1561.8628319539785,0.0,0.0
2023-11-16,Taylor's Bar,Absolut,1561.8628319539785,0.0,0.0
2023-11-17,Taylor's Bar,Absolut,1561.8628319539785,0.0,0.0
2023-11-18,Taylor's Bar,Absolut,1561.8628319539785,0.0,0.0
2023-11-19,Taylor's Bar,Absolut,1561.8628319539785,0.0,0.0
2023-11-20,Taylor's Bar,Absolut,1561.8628319539785,0.0,0.0
2023-11-21,Taylor's Bar,Absolut,1561.8628319539785,0.0,0.0
2023-11-22,Taylor's Bar,Absolut,1561.8628319539785,0.0,0.0
2023-11-23,Taylor's Bar,Absolut,1561.8628319539785,0.0,0.0
2023-11-24,Taylor's Bar,Absolut,1561.8628319539785,0.0,0.0
2023-11-25,Taylor's Bar,Absolut,1561.8628319539785,0.0,0.0
2023-11-26,Taylor's Bar,Absolut,1561.8628319539785,0.0,0.0
2023-11-27,Taylor's Bar,Absolut,1010.9928319539785,550.87,0.0
2023-11-28,Taylor's Bar,Absolut,1010.9928319539785,0.0,0.0
2023-11-29,Taylor's Bar,Absolut,904.6728319539784,106.32,0.0
2023-11-30,Taylor's Bar,Absolut,904.6728319539784,0.0,0.0
2023-12-01,Taylor's Bar,Absolut,904.6728319539784,0.0,0.0
2023-12-02,Taylor's Bar,Absolut,904.6728319539784,0.0,0.0
2023-12-03,Taylor's Bar,Absolut,904.6728319539784,0.0,0.0
2023-12-04,Taylor's Bar,Absolut,904.6728319539784,0.0,0.0
2023-12-05,Taylor's Bar,Absolut,904.6728319539784,0.0,0.0
2023-12-06,Taylor's Bar,Absolut,904.6728319539784,0.0,0.0
2023-12-07,Taylor's Bar,Absolut,904.6728319539784,0.0,0.0
2023-12-08,Taylor's Bar,Absolut,904.6728319539784,0.0,0.0
2023-12-09,Taylor's Bar,Absolut,904.6728319539784,0.0,0.0
2023-12-10,Taylor's Bar,Absolut,904.6728319539784,0.0,0.0
2023-12-11,Taylor's Bar,Absolut,904.6728319539784,0.0,0.0
2023-12-12,Taylor's Bar,Absolut,904.6728319539784,0.0,0.0
2023-12-13,Taylor's Bar,Absolut,904.6728319539784,0.0,0.0
2023-12-14,Taylor's Bar,Absolut,904.6728319539784,0.0,0.0
2023-12-15,Taylor's Bar,Absolut,204.10283195397835,700.57,322.5435840230108
2023-12-16,Taylor's Bar,Absolut,204.10283195397835,0.0,322.5435840230108
2023-12-17,Taylor's Bar,Absolut,204.10283195397835,0.0,322.5435840230108
2023-12-18,Taylor's Bar,Absolut,526.6464159769891,0.0,0.0
2023-12-19,Taylor's Bar,Absolut,849.1899999999999,0.0,0.0
2023-12-20,Taylor's Bar,Absolut,1171.7335840230107,0.0,0.0
2023-12-21,Taylor's Bar,Absolut,1171.7335840230107,0.0,0.0
2023-12-22,Taylor's Bar,Absolut,913.6235840230107,258.11,0.0
2023-12-23,Taylor's Bar,Absolut,913.6235840230107,0.0,0.0
2023-12-24,Taylor's Bar,Absolut,913.6235840230107,0.0,0.0
2023-12-25,Taylor's Bar,Absolut,913.6235840230107,0.0,0.0
2023-12-26,Taylor's Bar,Absolut,913.6235840230107,0.0,0.0
2023-12-27,Taylor's Bar,Absolut,551.8435840230107,361.78,0.0
2023-12-28,Taylor's Bar,Absolut,551.8435840230107,0.0,0.0
2023-12-29,Taylor's Bar,Absolut,551.8435840230107,0.0,0.0
2023-12-30,Taylor's Bar,Absolut,551.8435840230107,0.0,0.0
2023-12-31,Taylor's Bar,Absolut,228.00358402301077,323.84,298.6428319539784
2024-01-01,Taylor's Bar,Absolut,228.00358402301077,0.0,298.6428319539784
2023-10-23,Taylor's Bar,Bacardi,505.7425615210441,0.0,0.0
2023-10-24,Taylor's Bar,Bacardi,505.7425615210441,0.0,0.0
2023-10-25,Taylor's Bar,Bacardi,505.7425615210441,0.0,0.0
2023-10-26,Taylor's Bar,Bacardi,505.7425615210441,0.0,0.0
2023-10-27,Taylor's Bar,Bacardi,505.7425615210441,0.0,0.0
2023-10-28,Taylor's Bar,Bacardi,505.7425615210441,0.0,0.0
2023-10-29,Taylor's Bar,Bacardi,505.7425615210441,0.0,0.0
2023-10-30,Taylor's Bar,Bacardi,505.7425615210441,0.0,0.0
2023-10-31,Taylor's Bar,Bacardi,505.7425615210441,0.0,0.0
2023-11-01,Taylor's Bar,Bacardi,505.7425615210441,0.0,0.0
2023-11-02,Taylor's Bar,Bacardi,505.7425615210441,0.0,0.0
2023-11-03,Taylor's Bar,Bacardi,505.7425615210441,0.0,0.0
2023-11-04,Taylor's Bar,Bacardi,505.7425615210441,0.0,0.0
2023-11-05,Taylor's Bar,Bacardi,505.7425615210441,0.0,0.0
2023-11-06,Taylor's Bar,Bacardi,505.7425615210441,0.0,0.0
2023-11-07,Taylor's Bar,Bacardi,505.7425615210441,0.0,0.0
2023-11-08,Taylor's Bar,Bacardi,505.7425615210441,0.0,0.0
2023-11-09,Taylor's Bar,Bacardi,505.7425615210441,0.0,0.0
2023-11-10,Taylor's Bar,Bacardi,505.7425615210441,0.0,0.0
2023-11-11,Taylor's Bar,Bacardi,505.7425615210441,0.0,0.0
2023-11-12,Taylor's Bar,Bacardi,505.7425615210441,0.0,0.0
2023-11-13,Taylor's Bar,Bacardi,505.7425615210441,0.0,0.0
2023-11-14,Taylor's Bar,Bacardi,505.7425615210441,0.0,0.0
2023-11-15,Taylor's Bar,Bacardi,505.7425615210441,0.0,0.0
2023-11-16,Taylor's Bar,Bacardi,505.7425615210441,0.0,0.0
2023-11-17,Taylor's Bar,Bacardi,505.7425615210441,0.0,0.0
2023-11-18,Taylor's Bar,Bacardi,505.7425615210441,0.0,0.0
2023-11-19,Taylor's Bar,Bacardi,505.7425615210441,0.0,0.0
2023-11-20,Taylor's Bar,Bacardi,505.7425615210441,0.0,0.0
2023-11-21,Taylor's Bar,Bacardi,505.7425615210441,0.0,0.0
2023-11-22,Taylor's Bar,Bacardi,505.7425615210441,0.0,0.0
2023-11-23,Taylor's Bar,Bacardi,505.7425615210441,0.0,0.0
2023-11-24,Taylor's Bar,Bacardi,505.7425615210441,0.0,0.0
2023-11-25,Taylor's Bar,Bacardi,505.7425615210441,0.0,0.0
2023-11-26,Taylor's Bar,Bacardi,505.7425615210441,0.0,0.0
2023-11-27,Taylor's Bar,Bacardi,505.7425615210441,0.0,0.0
2023-11-28,Taylor's Bar,Bacardi,505.7425615210441,0.0,0.0
2023-11-29,Taylor's Bar,Bacardi,505.7425615210441,0.0,0.0
2023-11-30,Taylor's Bar,Bacardi,505.7425615210441,0.0,0.0
2023-12-01,Taylor's Bar,Bacardi,505.7425615210441,0.0,0.0
2023-12-02,Taylor's Bar,Bacardi,505.7425615210441,0.0,0.0
2023-12-03,Taylor's Bar,Bacardi,505.7425615210441,0.0,0.0
2023-12-04,Taylor's Bar,Bacardi,505.7425615210441,0.0,0.0
2023-12-05,Taylor's Bar,Bacardi,505.7425615210441,0.0,0.0
2023-12-06,Taylor's Bar,Bacardi,505.7425615210441,0.0,0.0
2023-12-07,Taylor's Bar,Bacardi,505.7425615210441,0.0,0.0
2023-12-08,Taylor's Bar,Bacardi,505.7425615210441,0.0,0.0
2023-12-09,Taylor's Bar,Bacardi,505.7425615210441,0.0,0.0
2023-12-10,Taylor's Bar,Bacardi,505.7425615210441,0.0,0.0
2023-12-11,Taylor's Bar,Bacardi,0.0,599.77,505.7425615210441
2023-12-12,Taylor's Bar,Bacardi,0.0,571.46,505.7425615210441
2023-12-13,Taylor's Bar,Bacardi,0.0,0.0,505.7425615210441
2023-12-14,Taylor's Bar,Bacardi,505.7425615210441,0.0,0.0
2023-12-15,Taylor's Bar,Bacardi,1011.4851230420882,0.0,0.0
2023-12-16,Taylor's Bar,Bacardi,1517.2276845631322,0.0,0.0
2023-12-17,Taylor's Bar,Bacardi,1517.2276845631322,0.0,0.0
2023-12-18,Taylor's Bar,Bacardi,1517.2276845631322,0.0,0.0
2023-12-19,Taylor's Bar,Bacardi,1517.2276845631322,0.0,0.0
2023-12-20,Taylor's Bar,Bacardi,1517.2276845631322,0.0,0.0
2023-12-21,Taylor's Bar,Bacardi,1517.2276845631322,0.0,0.0
2023-12-22,Taylor's Bar,Bacardi,1517.2276845631322,0.0,0.0
2023-12-23,Taylor's Bar,Bacardi,1517.2276845631322,0.0,0.0
2023-12-24,Taylor's Bar,Bacardi,1517.2276845631322,0.0,0.0
2023-12-25,Taylor's Bar,Bacardi,1517.2276845631322,0.0,0.0
2023-12-26,Taylor's Bar,Bacardi,1517.2276845631322,0.0,0.0
2023-12-27,Taylor's Bar,Bacardi,1517.2276845631322,0.0,0.0
2023-12-28,Taylor's Bar,Bacardi,1517.2276845631322,0.0,0.0
2023-12-29,Taylor's Bar,Bacardi,1517.2276845631322,0.0,0.0
2023-12-30,Taylor's Bar,Bacardi,1517.2276845631322,0.0,0.0
2023-12-31,Taylor's Bar,Bacardi,1517.2276845631322,0.0,0.0
2024-01-01,Taylor's Bar,Bacardi,1517.2276845631322,0.0,0.0
2023-10-23,Taylor's Bar,Barefoot,569.917197908636,0.0,0.0
2023-10-24,Taylor's Bar,Barefoot,170.52719790863603,399.39,399.39
2023-10-25,Taylor's Bar,Barefoot,170.52719790863603,0.0,399.39
2023-10-26,Taylor's Bar,Barefoot,170.52719790863603,0.0,399.39
2023-10-27,Taylor's Bar,Barefoot,569.917197908636,0.0,0.0
2023-10-28,Taylor's Bar,Barefoot,969.307197908636,0.0,0.0
2023-10-29,Taylor's Bar,Barefoot,1368.697197908636,0.0,0.0
2023-10-30,Taylor's Bar,Barefoot,1368.697197908636,0.0,0.0
2023-10-31,Taylor's Bar,Barefoot,1368.697197908636,0.0,0.0
2023-11-01,Taylor's Bar,Barefoot,1215.8871979086362,152.81,0.0
2023-11-02,Taylor's Bar,Barefoot,1215.8871979086362,0.0,0.0
2023-11-03,Taylor's Bar,Barefoot,1215.8871979086362,0.0,0.0
2023-11-04,Taylor's Bar,Barefoot,1215.8871979086362,0.0,0.0
2023-11-05,Taylor's Bar,Barefoot,1215.8871979086362,0.0,0.0
2023-11-06,Taylor's Bar,Barefoot,1215.8871979086362,0.0,0.0
2023-11-07,Taylor's Bar,Barefoot,1215.8871979086362,0.0,0.0
2023-11-08,Taylor's Bar,Barefoot,1215.8871979086362,0.0,0.0
2023-11-09,Taylor's Bar,Barefoot,1215.8871979086362,0.0,0.0
2023-11-10,Taylor's Bar,Barefoot,1215.8871979086362,0.0,0.0
2023-11-11,Taylor's Bar,Barefoot,1215.8871979086362,0.0,0.0
2023-11-12,Taylor's Bar,Barefoot,643.1071979086362,572.78,0.0
2023-11-13,Taylor's Bar,Barefoot,643.1071979086362,0.0,0.0
2023-11-14,Taylor's Bar,Barefoot,50.57719790863621,592.53,519.3399999999998
2023-11-15,Taylor's Bar,Barefoot,0.0,588.63,569.917197908636
2023-11-16,Taylor's Bar,Barefoot,0.0,0.0,569.917197908636
2023-11-17,Taylor's Bar,Barefoot,519.3399999999998,0.0,50.57719790863621
2023-11-18,Taylor's Bar,Barefoot,559.6171979086358,529.64,10.300000000000182
2023-11-19,Taylor's Bar,Barefoot,1129.5343958172718,0.0,0.0
2023-11-20,Taylor's Bar,Barefoot,1180.111593725908,0.0,0.0
2023-11-21,Taylor's Bar,Barefoot,1190.4115937259082,0.0,0.0
2023-11-22,Taylor's Bar,Barefoot,766.4715937259082,423.94,0.0
2023-11-23,Taylor's Bar,Barefoot,766.4715937259082,0.0,0.0
2023-11-24,Taylor's Bar,Barefoot,766.4715937259082,0.0,0.0
2023-11-25,Taylor's Bar,Barefoot,766.4715937259082,0.0,0.0
2023-11-26,Taylor's Bar,Barefoot,766.4715937259082,0.0,0.0
2023-11-27,Taylor's Bar,Barefoot,766.4715937259082,0.0,0.0
2023-11-28,Taylor's Bar,Barefoot,766.4715937259082,0.0,0.0
2023-11-29,Taylor's Bar,Barefoot,766.4715937259082,0.0,0.0
2023-11-30,Taylor's Bar,Barefoot,319.25159372590815,447.22,250.66560418272786
2023-12-01,Taylor's Bar,Barefoot,319.25159372590815,0.0,250.66560418272786
2023-12-02,Taylor's Bar,Barefoot,319.25159372590815,0.0,250.66560418272786
2023-12-03,Taylor's Bar,Barefoot,569.917197908636,0.0,0.0
2023-12-04,Taylor's Bar,Barefoot,820.5828020913639,0.0,0.0
2023-12-05,Taylor's Bar,Barefoot,1071.2484062740918,0.0,0.0
2023-12-06,Taylor's Bar,Barefoot,1071.2484062740918,0.0,0.0
2023-12-07,Taylor's Bar,Barefoot,1071.2484062740918,0.0,0.0
2023-12-08,Taylor's Bar,Barefoot,822.1084062740919,249.14,0.0
2023-12-09,Taylor's Bar,Barefoot,449.31840627409184,372.79,120.59879163454417
2023-12-10,Taylor's Bar,Barefoot,449.31840627409184,0.0,120.59879163454417
2023-12-11,Taylor's Bar,Barefoot,449.31840627409184,0.0,120.59879163454417
2023-12-12,Taylor's Bar,Barefoot,469.867197908636,100.05,100.05000000000001
2023-12-13,Taylor's Bar,Barefoot,590.4659895431802,0.0,0.0
2023-12-14,Taylor's Bar,Barefoot,581.7247811777244,129.34,0.0
2023-12-15,Taylor's Bar,Barefoot,681.7747811777244,0.0,0.0
2023-12-16,Taylor's Bar,Barefoot,681.7747811777244,0.0,0.0
2023-12-17,Taylor's Bar,Barefoot,681.7747811777244,0.0,0.0
2023-12-18,Taylor's Bar,Barefoot,681.7747811777244,0.0,0.0
2023-12-19,Taylor's Bar,Barefoot,681.7747811777244,0.0,0.0
2023-12-20,Taylor's Bar,Barefoot,681.7747811777244,0.0,0.0
2023-12-21,Taylor's Bar,Barefoot,681.7747811777244,0.0,0.0
2023-12-22,Taylor's Bar,Barefoot,681.7747811777244,0.0,0.0
2023-12-23,Taylor's Bar,Barefoot,681.7747811777244,0.0,0.0
2023-12-24,Taylor's Bar,Barefoot,516.5947811777244,165.18,53.32241673091164
2023-12-25,Taylor's Bar,Barefoot,516.5947811777244,0.0,53.32241673091164
2023-12-26,Taylor's Bar,Barefoot,516.5947811777244,0.0,53.32241673091164
2023-12-27,Taylor's Bar,Barefoot,569.917197908636,0.0,0.0
2023-12-28,Taylor's Bar,Barefoot,623.2396146395477,0.0,0.0
2023-12-29,Taylor's Bar,Barefoot,676.5620313704593,0.0,0.0
2023-12-30,Taylor's Bar,Barefoot,676.5620313704593,0.0,0.0
2023-12-31,Taylor's Bar,Barefoot,676.5620313704593,0.0,0.0
2024-01-01,Taylor's Bar,Barefoot,676.5620313704593,0.0,0.0
2023-10-23,Taylor's Bar,Budweiser,668.0207349516775,0.0,0.0
2023-10-24,Taylor's Bar,Budweiser,668.0207349516775,0.0,0.0
2023-10-25,Taylor's Bar,Budweiser,668.0207349516775,0.0,0.0
2023-10-26,Taylor's Bar,Budweiser,668.0207349516775,0.0,0.0
2023-10-27,Taylor's Bar,Budweiser,668.0207349516775,0.0,0.0
2023-10-28,Taylor's Bar,Budweiser,668.0207349516775,0.0,0.0
2023-10-29,Taylor's Bar,Budweiser,668.0207349516775,0.0,0.0
2023-10-30,Taylor's Bar,Budweiser,668.0207349516775,0.0,0.0
2023-10-31,Taylor's Bar,Budweiser,668.0207349516775,0.0,0.0
2023-11-01,Taylor's Bar,Budweiser,522.2207349516775,145.8,145.79999999999995
2023-11-02,Taylor's Bar,Budweiser,522.2207349516775,0.0,145.79999999999995
2023-11-03,Taylor's Bar,Budweiser,522.2207349516775,0.0,145.79999999999995
2023-11-04,Taylor's Bar,Budweiser,668.0207349516775,0.0,0.0
2023-11-05,Taylor's Bar,Budweiser,813.8207349516774,0.0,0.0
2023-11-06,Taylor's Bar,Budweiser,959.6207349516774,0.0,0.0
2023-11-07,Taylor's Bar,Budweiser,959.6207349516774,0.0,0.0
2023-11-08,Taylor's Bar,Budweiser,959.6207349516774,0.0,0.0
2023-11-09,Taylor's Bar,Budweiser,959.6207349516774,0.0,0.0
2023-11-10,Taylor's Bar,Budweiser,959.6207349516774,0.0,0.0
2023-11-11,Taylor's Bar,Budweiser,959.6207349516774,0.0,0.0
2023-11-12,Taylor's Bar,Budweiser,959.6207349516774,0.0,0.0
2023-11-13,Taylor's Bar,Budweiser,959.6207349516774,0.0,0.0
2023-11-14,Taylor's Bar,Budweiser,959.6207349516774,0.0,0.0
2023-11-15,Taylor's Bar,Budweiser,959.6207349516774,0.0,0.0
2023-11-16,Taylor's Bar,Budweiser,654.0407349516775,305.58,13.980000000000018
2023-11-17,Taylor's Bar,Budweiser,654.0407349516775,0.0,13.980000000000018
2023-11-18,Taylor's Bar,Budweiser,654.0407349516775,0.0,13.980000000000018
2023-11-19,Taylor's Bar,Budweiser,668.0207349516775,0.0,0.0
2023-11-20,Taylor's Bar,Budweiser,682.0007349516775,0.0,0.0
2023-11-21,Taylor's Bar,Budweiser,695.9807349516775,0.0,0.0
2023-11-22,Taylor's Bar,Budweiser,588.2507349516775,107.73,79.76999999999998
2023-11-23,Taylor's Bar,Budweiser,588.2507349516775,0.0,79.76999999999998
2023-11-24,Taylor's Bar,Budweiser,588.2507349516775,0.0,79.76999999999998
2023-11-25,Taylor's Bar,Budweiser,668.0207349516775,0.0,0.0
2023-11-26,Taylor's Bar,Budweiser,747.7907349516775,0.0,0.0
2023-11-27,Taylor's Bar,Budweiser,701.6207349516774,125.94,0.0
2023-11-28,Taylor's Bar,Budweiser,701.6207349516774,0.0,0.0
2023-11-29,Taylor's Bar,Budweiser,701.6207349516774,0.0,0.0
2023-11-30,Taylor's Bar,Budweiser,701.6207349516774,0.0,0.0
2023-12-01,Taylor's Bar,Budweiser,701.6207349516774,0.0,0.0
2023-12-02,Taylor's Bar,Budweiser,701.6207349516774,0.0,0.0
2023-12-03,Taylor's Bar,Budweiser,701.6207349516774,0.0,0.0
2023-12-04,Taylor's Bar,Budweiser,701.6207349516774,0.0,0.0
2023-12-05,Taylor's Bar,Budweiser,701.6207349516774,0.0,0.0
2023-12-06,Taylor's Bar,Budweiser,701.6207349516774,0.0,0.0
2023-12-07,Taylor's Bar,Budweiser,701.6207349516774,0.0,0.0
2023-12-08,Taylor's Bar,Budweiser,701.6207349516774,0.0,0.0
2023-12-09,Taylor's Bar,Budweiser,701.6207349516774,0.0,0.0
2023-12-10,Taylor's Bar,Budweiser,701.6207349516774,0.0,0.0
2023-12-11,Taylor's Bar,Budweiser,701.6207349516774,0.0,0.0
2023-12-12,Taylor's Bar,Budweiser,701.6207349516774,0.0,0.0
2023-12-13,Taylor's Bar,Budweiser,120.94073495167743,580.68,547.08
2023-12-14,Taylor's Bar,Budweiser,120.94073495167743,0.0,547.08
2023-12-15,Taylor's Bar,Budweiser,120.94073495167743,0.0,547.08
2023-12-16,Taylor's Bar,Budweiser,668.0207349516775,0.0,0.0
2023-12-17,Taylor's Bar,Budweiser,1215.1007349516776,0.0,0.0
2023-12-18,Taylor's Bar,Budweiser,1762.1807349516776,0.0,0.0
2023-12-19,Taylor's Bar,Budweiser,1762.1807349516776,0.0,0.0
2023-12-20,Taylor's Bar,Budweiser,1762.1807349516776,0.0,0.0
2023-12-21,Taylor's Bar,Budweiser,1762.1807349516776,0.0,0.0
2023-12-22,Taylor's Bar,Budweiser,1762.1807349516776,0.0,0.0
2023-12-23,Taylor's Bar,Budweiser,1762.1807349516776,0.0,0.0
2023-12-24,Taylor's Bar,Budweiser,1426.9607349516775,335.22,0.0
2023-12-25,Taylor's Bar,Budweiser,1426.9607349516775,0.0,0.0
2023-12-26,Taylor's Bar,Budweiser,1426.9607349516775,0.0,0.0
2023-12-27,Taylor's Bar,Budweiser,1426.9607349516775,0.0,0.0
2023-12-28,Taylor's Bar,Budweiser,1426.9607349516775,0.0,0.0
2023-12-29,Taylor's Bar,Budweiser,1426.9607349516775,0.0,0.0
2023-12-30,Taylor's Bar,Budweiser,1426.9607349516775,0.0,0.0
2023-12-31,Taylor's Bar,Budweiser,1426.9607349516775,0.0,0.0
2024-01-01,Taylor's Bar,Budweiser,868.2407349516775,558.72,0.0
2023-10-23,Taylor's Bar,Captain Morgan,609.2591001356975,0.0,0.0
2023-10-24,Taylor's Bar,Captain Morgan,609.2591001356975,0.0,0.0
2023-10-25,Taylor's Bar,Captain Morgan,609.2591001356975,0.0,0.0
2023-10-26,Taylor's Bar,Captain Morgan,609.2591001356975,0.0,0.0
2023-10-27,Taylor's Bar,Captain Morgan,28.949100135697563,580.31,580.31
2023-10-28,Taylor's Bar,Captain Morgan,28.949100135697563,0.0,580.31
2023-10-29,Taylor's Bar,Captain Morgan,0.0,524.12,609.2591001356975
2023-10-30,Taylor's Bar,Captain Morgan,580.31,0.0,28.949100135697563
2023-10-31,Taylor's Bar,Captain Morgan,1160.62,0.0,0.0
2023-11-01,Taylor's Bar,Captain Morgan,1769.8791001356974,0.0,0.0
2023-11-02,Taylor's Bar,Captain Morgan,1798.828200271395,0.0,0.0
2023-11-03,Taylor's Bar,Captain Morgan,1798.828200271395,0.0,0.0
2023-11-04,Taylor's Bar,Captain Morgan,1798.828200271395,0.0,0.0
2023-11-05,Taylor's Bar,Captain Morgan,1798.828200271395,0.0,0.0
2023-11-06,Taylor's Bar,Captain Morgan,1698.358200271395,100.47,0.0
2023-11-07,Taylor's Bar,Captain Morgan,1698.358200271395,0.0,0.0
2023-11-08,Taylor's Bar,Captain Morgan,1698.358200271395,0.0,0.0
2023-11-09,Taylor's Bar,Captain Morgan,1473.6882002713949,224.67,0.0
2023-11-10,Taylor's Bar,Captain Morgan,1473.6882002713949,0.0,0.0
2023-11-11,Taylor's Bar,Captain Morgan,1473.6882002713949,0.0,0.0
2023-11-12,Taylor's Bar,Captain Morgan,1473.6882002713949,0.0,0.0
2023-11-13,Taylor's Bar,Captain Morgan,1473.6882002713949,0.0,0.0
2023-11-14,Taylor's Bar,Captain Morgan,1209.368200271395,264.32,0.0
2023-11-15,Taylor's Bar,Captain Morgan,1209.368200271395,0.0,0.0
2023-11-16,Taylor's Bar,Captain Morgan,1209.368200271395,0.0,0.0
2023-11-17,Taylor's Bar,Captain Morgan,940.038200271395,269.33,0.0
2023-11-18,Taylor's Bar,Captain Morgan,940.038200271395,0.0,0.0
2023-11-19,Taylor's Bar,Captain Morgan,940.038200271395,0.0,0.0
2023-11-20,Taylor's Bar,Captain Morgan,940.038200271395,0.0,0.0
2023-11-21,Taylor's Bar,Captain Morgan,940.038200271395,0.0,0.0
2023-11-22,Taylor's Bar,Captain Morgan,940.038200271395,0.0,0.0
2023-11-23,Taylor's Bar,Captain Morgan,940.038200271395,0.0,0.0
2023-11-24,Taylor's Bar,Captain Morgan,940.038200271395,0.0,0.0
2023-11-25,Taylor's Bar,Captain Morgan,940.038200271395,0.0,0.0
2023-11-26,Taylor's Bar,Captain Morgan,940.038200271395,0.0,0.0
2023-11-27,Taylor's Bar,Captain Morgan,704.228200271395,235.81,0.0
2023-11-28,Taylor's Bar,Captain Morgan,704.228200271395,0.0,0.0
2023-11-29,Taylor's Bar,Captain Morgan,704.228200271395,0.0,0.0
2023-11-30,Taylor's Bar,Captain Morgan,442.068200271395,262.16,167.19089986430248
2023-12-01,Taylor's Bar,Captain Morgan,247.10820027139502,194.96,362.15089986430246
2023-12-02,Taylor's Bar,Captain Morgan,247.10820027139502,0.0,362.15089986430246
2023-12-03,Taylor's Bar,Captain Morgan,414.2991001356975,0.0,194.96000000000004
2023-12-04,Taylor's Bar,Captain Morgan,776.4499999999999,0.0,0.0
2023-12-05,Taylor's Bar,Captain Morgan,1138.6008998643024,0.0,0.0
2023-12-06,Taylor's Bar,Captain Morgan,1333.5608998643024,0.0,0.0
2023-12-07,Taylor's Bar,Captain Morgan,1333.5608998643024,0.0,0.0
2023-12-08,Taylor's Bar,Captain Morgan,1333.5608998643024,0.0,0.0
2023-12-09,Taylor's Bar,Captain Morgan,1333.5608998643024,0.0,0.0
2023-12-10,Taylor's Bar,Captain Morgan,1333.5608998643024,0.0,0.0
2023-12-11,Taylor's Bar,Captain Morgan,1333.5608998643024,0.0,0.0
2023-12-12,Taylor's Bar,Captain Morgan,1333.5608998643024,0.0,0.0
2023-12-13,Taylor's Bar,Captain Morgan,1333.5608998643024,0.0,0.0
2023-12-14,Taylor's Bar,Captain Morgan,1333.5608998643024,0.0,0.0
2023-12-15,Taylor's Bar,Captain Morgan,480.3508998643024,853.21,128.90820027139512
2023-12-16,Taylor's Bar,Captain Morgan,480.3508998643024,0.0,128.90820027139512
2023-12-17,Taylor's Bar,Captain Morgan,234.4308998643024,245.92,374.8282002713951
2023-12-18,Taylor's Bar,Captain Morgan,363.33910013569755,0.0,245.91999999999996
2023-12-19,Taylor's Bar,Captain Morgan,492.24730040709267,0.0,117.01179972860484
2023-12-20,Taylor's Bar,Captain Morgan,867.0755006784877,0.0,0.0
2023-12-21,Taylor's Bar,Captain Morgan,1112.9955006784876,0.0,0.0
2023-12-22,Taylor's Bar,Captain Morgan,1230.0073004070923,0.0,0.0
2023-12-23,Taylor's Bar,Captain Morgan,1230.0073004070923,0.0,0.0
2023-12-24,Taylor's Bar,Captain Morgan,1230.0073004070923,0.0,0.0
2023-12-25,Taylor's Bar,Captain Morgan,1230.0073004070923,0.0,0.0
2023-12-26,Taylor's Bar,Captain Morgan,925.7773004070923,304.23,0.0
2023-12-27,Taylor's Bar,Captain Morgan,925.7773004070923,0.0,0.0
2023-12-28,Taylor's Bar,Captain Morgan,925.7773004070923,0.0,0.0
2023-12-29,Taylor's Bar,Captain Morgan,925.7773004070923,0.0,0.0
2023-12-30,Taylor's Bar,Captain Morgan,925.7773004070923,0.0,0.0
2023-12-31,Taylor's Bar,Captain Morgan,925.7773004070923,0.0,0.0
2024-01-01,Taylor's Bar,Captain Morgan,485.0173004070923,440.76,124.2417997286052
2023-10-23,Taylor's Bar,Coors,453.38661660134903,0.0,0.0
2023-10-24,Taylor's Bar,Coors,453.38661660134903,0.0,0.0
2023-10-25,Taylor's Bar,Coors,453.38661660134903,0.0,0.0
2023-10-26,Taylor's Bar,Coors,453.38661660134903,0.0,0.0
2023-10-27,Taylor's Bar,Coors,453.38661660134903,0.0,0.0
2023-10-28,Taylor's Bar,Coors,453.38661660134903,0.0,0.0
2023-10-29,Taylor's Bar,Coors,453.38661660134903,0.0,0.0
2023-10-30,Taylor's Bar,Coors,295.916616601349,157.47,157.47000000000003
2023-10-31,Taylor's Bar,Coors,295.916616601349,0.0,157.47000000000003
2023-11-01,Taylor's Bar,Coors,295.916616601349,0.0,157.47000000000003
2023-11-02,Taylor's Bar,Coors,453.38661660134903,0.0,0.0
2023-11-03,Taylor's Bar,Coors,610.8566166013491,0.0,0.0
2023-11-04,Taylor's Bar,Coors,488.6966166013491,279.63,0.0
2023-11-05,Taylor's Bar,Coors,488.6966166013491,0.0,0.0
2023-11-06,Taylor's Bar,Coors,256.7866166013491,231.91,196.5999999999999
2023-11-07,Taylor's Bar,Coors,256.7866166013491,0.0,196.5999999999999
2023-11-08,Taylor's Bar,Coors,256.7866166013491,0.0,196.5999999999999
2023-11-09,Taylor's Bar,Coors,453.38661660134903,0.0,0.0
2023-11-10,Taylor's Bar,Coors,495.08661660134896,154.9,0.0
2023-11-11,Taylor's Bar,Coors,691.6866166013489,0.0,0.0
2023-11-12,Taylor's Bar,Coors,691.6866166013489,0.0,0.0
2023-11-13,Taylor's Bar,Coors,547.5566166013489,144.13,0.0
2023-11-14,Taylor's Bar,Coors,547.5566166013489,0.0,0.0
2023-11-15,Taylor's Bar,Coors,547.5566166013489,0.0,0.0
2023-11-16,Taylor's Bar,Coors,547.5566166013489,0.0,0.0
2023-11-17,Taylor's Bar,Coors,547.5566166013489,0.0,0.0
2023-11-18,Taylor's Bar,Coors,184.57661660134886,362.98,268.8100000000002
2023-11-19,Taylor's Bar,Coors,184.57661660134886,0.0,268.8100000000002
2023-11-20,Taylor's Bar,Coors,184.57661660134886,0.0,268.8100000000002
2023-11-21,Taylor's Bar,Coors,453.38661660134903,0.0,0.0
2023-11-22,Taylor's Bar,Coors,722.1966166013492,0.0,0.0
2023-11-23,Taylor's Bar,Coors,991.0066166013494,0.0,0.0
2023-11-24,Taylor's Bar,Coors,840.7866166013494,150.22,0.0
2023-11-25,Taylor's Bar,Coors,840.7866166013494,0.0,0.0
2023-11-26,Taylor's Bar,Coors,840.7866166013494,0.0,0.0
2023-11-27,Taylor's Bar,Coors,840.7866166013494,0.0,0.0
2023-11-28,Taylor's Bar,Coors,840.7866166013494,0.0,0.0
2023-11-29,Taylor's Bar,Coors,840.7866166013494,0.0,0.0
2023-11-30,Taylor's Bar,Coors,840.7866166013494,0.0,0.0
2023-12-01,Taylor's Bar,Coors,840.7866166013494,0.0,0.0
2023-12-02,Taylor's Bar,Coors,840.7866166013494,0.0,0.0
2023-12-03,Taylor's Bar,Coors,840.7866166013494,0.0,0.0
2023-12-04,Taylor's Bar,Coors,732.0566166013493,108.73,0.0
2023-12-05,Taylor's Bar,Coors,732.0566166013493,0.0,0.0
2023-12-06,Taylor's Bar,Coors,732.0566166013493,0.0,0.0
2023-12-07,Taylor's Bar,Coors,732.0566166013493,0.0,0.0
2023-12-08,Taylor's Bar,Coors,732.0566166013493,0.0,0.0
2023-12-09,Taylor's Bar,Coors,628.1166166013493,103.94,0.0
2023-12-10,Taylor's Bar,Coors,450.1166166013493,178.0,3.2699999999997544
2023-12-11,Taylor's Bar,Coors,450.1166166013493,0.0,3.2699999999997544
2023-12-12,Taylor's Bar,Coors,450.1166166013493,0.0,3.2699999999997544
2023-12-13,Taylor's Bar,Coors,453.38661660134903,0.0,0.0
2023-12-14,Taylor's Bar,Coors,328.2766166013488,128.38,125.11000000000024
2023-12-15,Taylor's Bar,Coors,331.54661660134855,0.0,121.84000000000049
2023-12-16,Taylor's Bar,Coors,331.54661660134855,0.0,121.84000000000049
2023-12-17,Taylor's Bar,Coors,456.6566166013488,0.0,0.0
2023-12-18,Taylor's Bar,Coors,578.4966166013493,0.0,0.0
2023-12-19,Taylor's Bar,Coors,700.3366166013498,0.0,0.0
2023-12-20,Taylor's Bar,Coors,191.67661660134974,508.66,261.7099999999993
2023-12-21,Taylor's Bar,Coors,191.67661660134974,0.0,261.7099999999993
2023-12-22,Taylor's Bar,Coors,191.67661660134974,0.0,261.7099999999993
2023-12-23,Taylor's Bar,Coors,453.38661660134903,0.0,0.0
2023-12-24,Taylor's Bar,Coors,715.0966166013484,0.0,0.0
2023-12-25,Taylor's Bar,Coors,976.8066166013477,0.0,0.0
2023-12-26,Taylor's Bar,Coors,976.8066166013477,0.0,0.0
2023-12-27,Taylor's Bar,Coors,976.8066166013477,0.0,0.0
2023-12-28,Taylor's Bar,Coors,976.8066166013477,0.0,0.0
2023-12-29,Taylor's Bar,Coors,976.8066166013477,0.0,0.0
2023-12-30,Taylor's Bar,Coors,504.62661660134773,472.18,0.0
2023-12-31,Taylor's Bar,Coors,504.62661660134773,0.0,0.0
2024-01-01,Taylor's Bar,Coors,504.62661660134773,0.0,0.0
2023-10-23,Taylor's Bar,Grey Goose,693.245729179685,0.0,0.0
2023-10-24,Taylor's Bar,Grey Goose,117.34572917968501,575.9,575.9
2023-10-25,Taylor's Bar,Grey Goose,117.34572917968501,0.0,575.9
2023-10-26,Taylor's Bar,Grey Goose,0.0,521.1,693.245729179685
2023-10-27,Taylor's Bar,Grey Goose,575.9,0.0,117.34572917968501
2023-10-28,Taylor's Bar,Grey Goose,1151.8,0.0,0.0
2023-10-29,Taylor's Bar,Grey Goose,1361.315729179685,483.73,0.0
2023-10-30,Taylor's Bar,Grey Goose,1478.66145835937,0.0,0.0
2023-10-31,Taylor's Bar,Grey Goose,1478.66145835937,0.0,0.0
2023-11-01,Taylor's Bar,Grey Goose,1284.0614583593701,194.6,0.0
2023-11-02,Taylor's Bar,Grey Goose,1284.0614583593701,0.0,0.0
2023-11-03,Taylor's Bar,Grey Goose,695.2214583593701,588.84,0.0
2023-11-04,Taylor's Bar,Grey Goose,377.4114583593701,317.81,315.8342708203149
2023-11-05,Taylor's Bar,Grey Goose,377.4114583593701,0.0,315.8342708203149
2023-11-06,Taylor's Bar,Grey Goose,377.4114583593701,0.0,315.8342708203149
2023-11-07,Taylor's Bar,Grey Goose,693.245729179685,0.0,0.0
2023-11-08,Taylor's Bar,Grey Goose,520.5899999999999,488.49,172.65572917968507
2023-11-09,Taylor's Bar,Grey Goose,836.4242708203149,0.0,0.0
2023-11-10,Taylor's Bar,Grey Goose,836.4242708203149,0.0,0.0
2023-11-11,Taylor's Bar,Grey Goose,812.0799999999999,197.0,0.0
2023-11-12,Taylor's Bar,Grey Goose,812.0799999999999,0.0,0.0
2023-11-13,Taylor's Bar,Grey Goose,812.0799999999999,0.0,0.0
2023-11-14,Taylor's Bar,Grey Goose,812.0799999999999,0.0,0.0
2023-11-15,Taylor's Bar,Grey Goose,812.0799999999999,0.0,0.0
2023-11-16,Taylor's Bar,Grey Goose,812.0799999999999,0.0,0.0
2023-11-17,Taylor's Bar,Grey Goose,812.0799999999999,0.0,0.0
2023-11-18,Taylor's Bar,Grey Goose,812.0799999999999,0.0,0.0
2023-11-19,Taylor's Bar,Grey Goose,812.0799999999999,0.0,0.0
2023-11-20,Taylor's Bar,Grey Goose,812.0799999999999,0.0,0.0
2023-11-21,Taylor's Bar,Grey Goose,812.0799999999999,0.0,0.0
2023-11-22,Taylor's Bar,Grey Goose,812.0799999999999,0.0,0.0
2023-11-23,Taylor's Bar,Grey Goose,812.0799999999999,0.0,0.0
2023-11-24,Taylor's Bar,Grey Goose,812.0799999999999,0.0,0.0
2023-11-25,Taylor's Bar,Grey Goose,571.31,240.77,121.93572917968504
2023-11-26,Taylor's Bar,Grey Goose,571.31,0.0,121.93572917968504
2023-11-27,Taylor's Bar,Grey Goose,571.31,0.0,121.93572917968504
2023-11-28,Taylor's Bar,Grey Goose,693.245729179685,0.0,0.0
2023-11-29,Taylor's Bar,Grey Goose,815.18145835937,0.0,0.0
2023-11-30,Taylor's Bar,Grey Goose,937.1171875390551,0.0,0.0
2023-12-01,Taylor's Bar,Grey Goose,937.1171875390551,0.0,0.0
2023-12-02,Taylor's Bar,Grey Goose,937.1171875390551,0.0,0.0
2023-12-03,Taylor's Bar,Grey Goose,937.1171875390551,0.0,0.0
2023-12-04,Taylor's Bar,Grey Goose,937.1171875390551,0.0,0.0
2023-12-05,Taylor's Bar,Grey Goose,607.4771875390551,329.64,85.7685416406299
2023-12-06,Taylor's Bar,Grey Goose,72.52718753905503,534.95,620.71854164063
2023-12-07,Taylor's Bar,Grey Goose,0.0,373.94,693.245729179685
2023-12-08,Taylor's Bar,Grey Goose,85.7685416406299,0.0,607.4771875390551
2023-12-09,Taylor's Bar,Grey Goose,706.4870832812599,0.0,0.0
2023-12-10,Taylor's Bar,Grey Goose,1399.7328124609448,0.0,0.0
2023-12-11,Taylor's Bar,Grey Goose,2007.21,0.0,0.0
2023-12-12,Taylor's Bar,Grey Goose,1637.5700000000002,369.64,0.0
2023-12-13,Taylor's Bar,Grey Goose,1637.5700000000002,0.0,0.0
2023-12-14,Taylor's Bar,Grey Goose,1481.5800000000002,155.99,0.0
2023-12-15,Taylor's Bar,Grey Goose,1481.5800000000002,0.0,0.0
2023-12-16,Taylor's Bar,Grey Goose,1481.5800000000002,0.0,0.0
2023-12-17,Taylor's Bar,Grey Goose,1481.5800000000002,0.0,0.0
2023-12-18,Taylor's Bar,Grey Goose,1481.5800000000002,0.0,0.0
2023-12-19,Taylor's Bar,Grey Goose,1481.5800000000002,0.0,0.0
2023-12-20,Taylor's Bar,Grey Goose,1481.5800000000002,0.0,0.0
2023-12-21,Taylor's Bar,Grey Goose,1481.5800000000002,0.0,0.0
2023-12-22,Taylor's Bar,Grey Goose,1481.5800000000002,0.0,0.0
2023-12-23,Taylor's Bar,Grey Goose,1481.5800000000002,0.0,0.0
2023-12-24,Taylor's Bar,Grey Goose,1481.5800000000002,0.0,0.0
2023-12-25,Taylor's Bar,Grey Goose,1481.5800000000002,0.0,0.0
2023-12-26,Taylor's Bar,Grey Goose,1481.5800000000002,0.0,0.0
2023-12-27,Taylor's Bar,Grey Goose,1481.5800000000002,0.0,0.0
2023-12-28,Taylor's Bar,Grey Goose,1481.5800000000002,0.0,0.0
2023-12-29,Taylor's Bar,Grey Goose,1481.5800000000002,0.0,0.0
2023-12-30,Taylor's Bar,Grey Goose,1481.5800000000002,0.0,0.0
2023-12-31,Taylor's Bar,Grey Goose,1481.5800000000002,0.0,0.0
2024-01-01,Taylor's Bar,Grey Goose,1481.5800000000002,0.0,0.0
2023-10-23,Taylor's Bar,Heineken,158.48307386082837,216.31,216.31
2023-10-24,Taylor's Bar,Heineken,158.48307386082837,0.0,216.31
2023-10-25,Taylor's Bar,Heineken,158.48307386082837,0.0,216.31
2023-10-26,Taylor's Bar,Heineken,374.7930738608284,0.0,0.0
2023-10-27,Taylor's Bar,Heineken,591.1030738608283,0.0,0.0
2023-10-28,Taylor's Bar,Heineken,807.4130738608283,0.0,0.0
2023-10-29,Taylor's Bar,Heineken,807.4130738608283,0.0,0.0
2023-10-30,Taylor's Bar,Heineken,807.4130738608283,0.0,0.0
2023-10-31,Taylor's Bar,Heineken,807.4130738608283,0.0,0.0
2023-11-01,Taylor's Bar,Heineken,807.4130738608283,0.0,0.0
2023-11-02,Taylor's Bar,Heineken,807.4130738608283,0.0,0.0
2023-11-03,Taylor's Bar,Heineken,554.0830738608282,253.33,0.0
2023-11-04,Taylor's Bar,Heineken,554.0830738608282,0.0,0.0
2023-11-05,Taylor's Bar,Heineken,554.0830738608282,0.0,0.0
2023-11-06,Taylor's Bar,Heineken,554.0830738608282,0.0,0.0
2023-11-07,Taylor's Bar,Heineken,554.0830738608282,0.0,0.0
2023-11-08,Taylor's Bar,Heineken,554.0830738608282,0.0,0.0
2023-11-09,Taylor's Bar,Heineken,554.0830738608282,0.0,0.0
2023-11-10,Taylor's Bar,Heineken,554.0830738608282,0.0,0.0
2023-11-11,Taylor's Bar,Heineken,554.0830738608282,0.0,0.0
2023-11-12,Taylor's Bar,Heineken,554.0830738608282,0.0,0.0
2023-11-13,Taylor's Bar,Heineken,554.0830738608282,0.0,0.0
2023-11-14,Taylor's Bar,Heineken,554.0830738608282,0.0,0.0
2023-11-15,Taylor's Bar,Heineken,554.0830738608282,0.0,0.0
2023-11-16,Taylor's Bar,Heineken,554.0830738608282,0.0,0.0
2023-11-17,Taylor's Bar,Heineken,554.0830738608282,0.0,0.0
2023-11-18,Taylor's Bar,Heineken,554.0830738608282,0.0,0.0
2023-11-19,Taylor's Bar,Heineken,554.0830738608282,0.0,0.0
2023-11-20,Taylor's Bar,Heineken,96.78307386082821,457.3,278.01000000000016
2023-11-21,Taylor's Bar,Heineken,96.78307386082821,0.0,278.01000000000016
2023-11-22,Taylor's Bar,Heineken,96.78307386082821,0.0,278.01000000000016
2023-11-23,Taylor's Bar,Heineken,374.7930738608284,0.0,0.0
2023-11-24,Taylor's Bar,Heineken,652.8030738608286,0.0,0.0
2023-11-25,Taylor's Bar,Heineken,930.8130738608288,0.0,0.0
2023-11-26,Taylor's Bar,Heineken,930.8130738608288,0.0,0.0
2023-11-27,Taylor's Bar,Heineken,930.8130738608288,0.0,0.0
2023-11-28,Taylor's Bar,Heineken,930.8130738608288,0.0,0.0
2023-11-29,Taylor's Bar,Heineken,930.8130738608288,0.0,0.0
2023-11-30,Taylor's Bar,Heineken,930.8130738608288,0.0,0.0
2023-12-01,Taylor's Bar,Heineken,930.8130738608288,0.0,0.0
2023-12-02,Taylor's Bar,Heineken,363.2130738608288,567.6,11.579999999999586
2023-12-03,Taylor's Bar,Heineken,363.2130738608288,0.0,11.579999999999586
2023-12-04,Taylor's Bar,Heineken,363.2130738608288,0.0,11.579999999999586
2023-12-05,Taylor's Bar,Heineken,374.7930738608284,0.0,0.0
2023-12-06,Taylor's Bar,Heineken,386.37307386082796,0.0,0.0
2023-12-07,Taylor's Bar,Heineken,397.95307386082754,0.0,0.0
2023-12-08,Taylor's Bar,Heineken,397.95307386082754,0.0,0.0
2023-12-09,Taylor's Bar,Heineken,397.95307386082754,0.0,0.0
2023-12-10,Taylor's Bar,Heineken,397.95307386082754,0.0,0.0
2023-12-11,Taylor's Bar,Heineken,397.95307386082754,0.0,0.0
2023-12-12,Taylor's Bar,Heineken,397.95307386082754,0.0,0.0
2023-12-13,Taylor's Bar,Heineken,397.95307386082754,0.0,0.0
2023-12-14,Taylor's Bar,Heineken,397.95307386082754,0.0,0.0
2023-12-15,Taylor's Bar,Heineken,397.95307386082754,0.0,0.0
2023-12-16,Taylor's Bar,Heineken,397.95307386082754,0.0,0.0
2023-12-17,Taylor's Bar,Heineken,397.95307386082754,0.0,0.0
2023-12-18,Taylor's Bar,Heineken,397.95307386082754,0.0,0.0
2023-12-19,Taylor's Bar,Heineken,397.95307386082754,0.0,0.0
2023-12-20,Taylor's Bar,Heineken,397.95307386082754,0.0,0.0
2023-12-21,Taylor's Bar,Heineken,397.95307386082754,0.0,0.0
2023-12-22,Taylor's Bar,Heineken,397.95307386082754,0.0,0.0
2023-12-23,Taylor's Bar,Heineken,397.95307386082754,0.0,0.0
2023-12-24,Taylor's Bar,Heineken,397.95307386082754,0.0,0.0
2023-12-25,Taylor's Bar,Heineken,397.95307386082754,0.0,0.0
2023-12-26,Taylor's Bar,Heineken,397.95307386082754,0.0,0.0
2023-12-27,Taylor's Bar,Heineken,397.95307386082754,0.0,0.0
2023-12-28,Taylor's Bar,Heineken,397.95307386082754,0.0,0.0
2023-12-29,Taylor's Bar,Heineken,397.95307386082754,0.0,0.0
2023-12-30,Taylor's Bar,Heineken,397.95307386082754,0.0,0.0
2023-12-31,Taylor's Bar,Heineken,397.95307386082754,0.0,0.0
2024-01-01,Taylor's Bar,Heineken,397.95307386082754,0.0,0.0
2023-10-23,Taylor's Bar,Jack Daniels,634.0957253130662,0.0,0.0
2023-10-24,Taylor's Bar,Jack Daniels,634.0957253130662,0.0,0.0
2023-10-25,Taylor's Bar,Jack Daniels,634.0957253130662,0.0,0.0
2023-10-26,Taylor's Bar,Jack Daniels,169.16572531306616,464.93,464.93
2023-10-27,Taylor's Bar,Jack Daniels,169.16572531306616,0.0,464.93
2023-10-28,Taylor's Bar,Jack Daniels,169.16572531306616,0.0,464.93
2023-10-29,Taylor's Bar,Jack Daniels,634.0957253130662,0.0,0.0
2023-10-30,Taylor's Bar,Jack Daniels,1099.0257253130662,0.0,0.0
2023-10-31,Taylor's Bar,Jack Daniels,1563.9557253130663,0.0,0.0
2023-11-01,Taylor's Bar,Jack Daniels,1563.9557253130663,0.0,0.0
2023-11-02,Taylor's Bar,Jack Daniels,1563.9557253130663,0.0,0.0
2023-11-03,Taylor's Bar,Jack Daniels,1563.9557253130663,0.0,0.0
2023-11-04,Taylor's Bar,Jack Daniels,1563.9557253130663,0.0,0.0
2023-11-05,Taylor's Bar,Jack Daniels,1563.9557253130663,0.0,0.0
2023-11-06,Taylor's Bar,Jack Daniels,1504.5657253130662,59.39,0.0
2023-11-07,Taylor's Bar,Jack Daniels,1504.5657253130662,0.0,0.0
2023-11-08,Taylor's Bar,Jack Daniels,1504.5657253130662,0.0,0.0
2023-11-09,Taylor's Bar,Jack Daniels,1504.5657253130662,0.0,0.0
2023-11-10,Taylor's Bar,Jack Daniels,1504.5657253130662,0.0,0.0
2023-11-11,Taylor's Bar,Jack Daniels,1504.5657253130662,0.0,0.0
2023-11-12,Taylor's Bar,Jack Daniels,1504.5657253130662,0.0,0.0
2023-11-13,Taylor's Bar,Jack Daniels,1504.5657253130662,0.0,0.0
2023-11-14,Taylor's Bar,Jack Daniels,1504.5657253130662,0.0,0.0
2023-11-15,Taylor's Bar,Jack Daniels,1504.5657253130662,0.0,0.0
2023-11-16,Taylor's Bar,Jack Daniels,1504.5657253130662,0.0,0.0
2023-11-17,Taylor's Bar,Jack Daniels,1504.5657253130662,0.0,0.0
2023-11-18,Taylor's Bar,Jack Daniels,1504.5657253130662,0.0,0.0
2023-11-19,Taylor's Bar,Jack Daniels,1504.5657253130662,0.0,0.0
2023-11-20,Taylor's Bar,Jack Daniels,1504.5657253130662,0.0,0.0
2023-11-21,Taylor's Bar,Jack Daniels,1504.5657253130662,0.0,0.0
2023-11-22,Taylor's Bar,Jack Daniels,1504.5657253130662,0.0,0.0
2023-11-23,Taylor's Bar,Jack Daniels,1504.5657253130662,0.0,0.0
2023-11-24,Taylor's Bar,Jack Daniels,1504.5657253130662,0.0,0.0
2023-11-25,Taylor's Bar,Jack Daniels,1504.5657253130662,0.0,0.0
2023-11-26,Taylor's Bar,Jack Daniels,1504.5657253130662,0.0,0.0
2023-11-27,Taylor's Bar,Jack Daniels,1504.5657253130662,0.0,0.0
2023-11-28,Taylor's Bar,Jack Daniels,984.0557253130662,520.51,0.0
2023-11-29,Taylor's Bar,Jack Daniels,854.2657253130662,129.79,0.0
2023-11-30,Taylor's Bar,Jack Daniels,854.2657253130662,0.0,0.0
2023-12-01,Taylor's Bar,Jack Daniels,433.0357253130662,421.23,201.05999999999995
2023-12-02,Taylor's Bar,Jack Daniels,433.0357253130662,0.0,201.05999999999995
2023-12-03,Taylor's Bar,Jack Daniels,433.0357253130662,0.0,201.05999999999995
2023-12-04,Taylor's Bar,Jack Daniels,634.0957253130662,0.0,0.0
2023-12-05,Taylor's Bar,Jack Daniels,835.1557253130661,0.0,0.0
2023-12-06,Taylor's Bar,Jack Daniels,1036.215725313066,0.0,0.0
2023-12-07,Taylor's Bar,Jack Daniels,1036.215725313066,0.0,0.0
2023-12-08,Taylor's Bar,Jack Daniels,1036.215725313066,0.0,0.0
2023-12-09,Taylor's Bar,Jack Daniels,1036.215725313066,0.0,0.0
2023-12-10,Taylor's Bar,Jack Daniels,621.3357253130661,414.88,12.760000000000105
2023-12-11,Taylor's Bar,Jack Daniels,621.3357253130661,0.0,12.760000000000105
2023-12-12,Taylor's Bar,Jack Daniels,621.3357253130661,0.0,12.760000000000105
2023-12-13,Taylor's Bar,Jack Daniels,634.0957253130662,0.0,0.0
2023-12-14,Taylor's Bar,Jack Daniels,646.8557253130663,0.0,0.0
2023-12-15,Taylor's Bar,Jack Daniels,659.6157253130664,0.0,0.0
2023-12-16,Taylor's Bar,Jack Daniels,659.6157253130664,0.0,0.0
2023-12-17,Taylor's Bar,Jack Daniels,239.17572531306638,420.44,394.9199999999998
2023-12-18,Taylor's Bar,Jack Daniels,239.17572531306638,0.0,394.9199999999998
2023-12-19,Taylor's Bar,Jack Daniels,239.17572531306638,0.0,394.9199999999998
2023-12-20,Taylor's Bar,Jack Daniels,634.0957253130662,0.0,0.0
2023-12-21,Taylor's Bar,Jack Daniels,610.385725313066,418.63,23.71000000000015
2023-12-22,Taylor's Bar,Jack Daniels,1005.3057253130658,0.0,0.0
2023-12-23,Taylor's Bar,Jack Daniels,804.8757253130657,200.43,0.0
2023-12-24,Taylor's Bar,Jack Daniels,828.5857253130658,0.0,0.0
2023-12-25,Taylor's Bar,Jack Daniels,828.5857253130658,0.0,0.0
2023-12-26,Taylor's Bar,Jack Daniels,389.2357253130658,439.35,244.86000000000035
2023-12-27,Taylor's Bar,Jack Daniels,389.2357253130658,0.0,244.86000000000035
2023-12-28,Taylor's Bar,Jack Daniels,389.2357253130658,0.0,244.86000000000035
2023-12-29,Taylor's Bar,Jack Daniels,634.0957253130662,0.0,0.0
2023-12-30,Taylor's Bar,Jack Daniels,878.9557253130665,0.0,0.0
2023-12-31,Taylor's Bar,Jack Daniels,1123.8157253130669,0.0,0.0
2024-01-01,Taylor's Bar,Jack Daniels,1123.8157253130669,0.0,0.0
2023-10-23,Taylor's Bar,Jameson,548.4560330335372,0.0,0.0
2023-10-24,Taylor's Bar,Jameson,548.4560330335372,0.0,0.0
2023-10-25,Taylor's Bar,Jameson,406.7760330335372,141.68,141.68
2023-10-26,Taylor's Bar,Jameson,406.7760330335372,0.0,141.68
2023-10-27,Taylor's Bar,Jameson,406.7760330335372,0.0,141.68
2023-10-28,Taylor's Bar,Jameson,0.0,681.56,548.4560330335372
2023-10-29,Taylor's Bar,Jameson,141.68,0.0,406.7760330335372
2023-10-30,Taylor's Bar,Jameson,283.36,0.0,265.0960330335372
2023-10-31,Taylor's Bar,Jameson,314.9560330335372,516.86,233.5
2023-11-01,Taylor's Bar,Jameson,721.7320660670744,0.0,0.0
2023-11-02,Taylor's Bar,Jameson,986.8280991006116,0.0,0.0
2023-11-03,Taylor's Bar,Jameson,1220.3280991006116,0.0,0.0
2023-11-04,Taylor's Bar,Jameson,625.3680991006115,594.96,0.0
2023-11-05,Taylor's Bar,Jameson,420.2580991006115,205.11,128.1979339329257
2023-11-06,Taylor's Bar,Jameson,420.2580991006115,0.0,128.1979339329257
2023-11-07,Taylor's Bar,Jameson,420.2580991006115,0.0,128.1979339329257
2023-11-08,Taylor's Bar,Jameson,548.4560330335372,0.0,0.0
2023-11-09,Taylor's Bar,Jameson,676.6539669664629,0.0,0.0
2023-11-10,Taylor's Bar,Jameson,539.9719008993886,264.88,8.484132134148581
2023-11-11,Taylor's Bar,Jameson,539.9719008993886,0.0,8.484132134148581
2023-11-12,Taylor's Bar,Jameson,539.9719008993886,0.0,8.484132134148581
2023-11-13,Taylor's Bar,Jameson,548.4560330335372,0.0,0.0
2023-11-14,Taylor's Bar,Jameson,556.9401651676858,0.0,0.0
2023-11-15,Taylor's Bar,Jameson,565.4242973018344,0.0,0.0
2023-11-16,Taylor's Bar,Jameson,565.4242973018344,0.0,0.0
2023-11-17,Taylor's Bar,Jameson,565.4242973018344,0.0,0.0
2023-11-18,Taylor's Bar,Jameson,565.4242973018344,0.0,0.0
2023-11-19,Taylor's Bar,Jameson,565.4242973018344,0.0,0.0
2023-11-20,Taylor's Bar,Jameson,565.4242973018344,0.0,0.0
2023-11-21,Taylor's Bar,Jameson,47.974297301834326,517.45,500.4817357317029
2023-11-22,Taylor's Bar,Jameson,47.974297301834326,0.0,500.4817357317029
2023-11-23,Taylor's Bar,Jameson,47.974297301834326,0.0,500.4817357317029
2023-11-24,Taylor's Bar,Jameson,548.4560330335372,0.0,0.0
2023-11-25,Taylor's Bar,Jameson,1048.93776876524,0.0,0.0
2023-11-26,Taylor's Bar,Jameson,1549.4195044969429,0.0,0.0
2023-11-27,Taylor's Bar,Jameson,1549.4195044969429,0.0,0.0
2023-11-28,Taylor's Bar,Jameson,1549.4195044969429,0.0,0.0
2023-11-29,Taylor's Bar,Jameson,1549.4195044969429,0.0,0.0
2023-11-30,Taylor's Bar,Jameson,1549.4195044969429,0.0,0.0
2023-12-01,Taylor's Bar,Jameson,1549.4195044969429,0.0,0.0
2023-12-02,Taylor's Bar,Jameson,1549.4195044969429,0.0,0.0
2023-12-03,Taylor's Bar,Jameson,1549.4195044969429,0.0,0.0
2023-12-04,Taylor's Bar,Jameson,1549.4195044969429,0.0,0.0
2023-12-05,Taylor's Bar,Jameson,1038.0095044969428,511.41,0.0
2023-12-06,Taylor's Bar,Jameson,757.6495044969428,280.36,0.0
2023-12-07,Taylor's Bar,Jameson,757.6495044969428,0.0,0.0
2023-12-08,Taylor's Bar,Jameson,757.6495044969428,0.0,0.0
2023-12-09,Taylor's Bar,Jameson,757.6495044969428,0.0,0.0
2023-12-10,Taylor's Bar,Jameson,757.6495044969428,0.0,0.0
2023-12-11,Taylor's Bar,Jameson,757.6495044969428,0.0,0.0
2023-12-12,Taylor's Bar,Jameson,757.6495044969428,0.0,0.0
2023-12-13,Taylor's Bar,Jameson,757.6495044969428,0.0,0.0
2023-12-14,Taylor's Bar,Jameson,222.64950449694277,535.0,325.80652853659444
2023-12-15,Taylor's Bar,Jameson,0.0,360.6,548.4560330335372
2023-12-16,Taylor's Bar,Jameson,0.0,261.47,548.4560330335372
2023-12-17,Taylor's Bar,Jameson,325.80652853659444,0.0,222.64950449694277
2023-12-18,Taylor's Bar,Jameson,716.0725615701317,158.19,0.0
2023-12-19,Taylor's Bar,Jameson,1264.5285946036688,0.0,0.0
2023-12-20,Taylor's Bar,Jameson,1487.1780991006117,0.0,0.0
2023-12-21,Taylor's Bar,Jameson,1487.1780991006117,0.0,0.0
2023-12-22,Taylor's Bar,Jameson,1487.1780991006117,0.0,0.0
2023-12-23,Taylor's Bar,Jameson,1487.1780991006117,0.0,0.0
2023-12-24,Taylor's Bar,Jameson,1487.1780991006117,0.0,0.0
2023-12-25,Taylor's Bar,Jameson,1487.1780991006117,0.0,0.0
2023-12-26,Taylor's Bar,Jameson,1487.1780991006117,0.0,0.0
2023-12-27,Taylor's Bar,Jameson,1487.1780991006117,0.0,0.0
2023-12-28,Taylor's Bar,Jameson,1487.1780991006117,0.0,0.0
2023-12-29,Taylor's Bar,Jameson,1487.1780991006117,0.0,0.0
2023-12-30,Taylor's Bar,Jameson,1487.1780991006117,0.0,0.0
2023-12-31,Taylor's Bar,Jameson,1487.1780991006117,0.0,0.0
2024-01-01,Taylor's Bar,Jameson,1487.1780991006117,0.0,0.0
2023-10-23,Taylor's Bar,Jim Beam,575.2449543350473,0.0,0.0
2023-10-24,Taylor's Bar,Jim Beam,575.2449543350473,0.0,0.0
2023-10-25,Taylor's Bar,Jim Beam,575.2449543350473,0.0,0.0
2023-10-26,Taylor's Bar,Jim Beam,575.2449543350473,0.0,0.0
2023-10-27,Taylor's Bar,Jim Beam,575.2449543350473,0.0,0.0
2023-10-28,Taylor's Bar,Jim Beam,575.2449543350473,0.0,0.0
2023-10-29,Taylor's Bar,Jim Beam,575.2449543350473,0.0,0.0
2023-10-30,Taylor's Bar,Jim Beam,575.2449543350473,0.0,0.0
2023-10-31,Taylor's Bar,Jim Beam,575.2449543350473,0.0,0.0
2023-11-01,Taylor's Bar,Jim Beam,575.2449543350473,0.0,0.0
2023-11-02,Taylor's Bar,Jim Beam,165.80495433504728,409.44,409.44
2023-11-03,Taylor's Bar,Jim Beam,165.80495433504728,0.0,409.44
2023-11-04,Taylor's Bar,Jim Beam,165.80495433504728,0.0,409.44
2023-11-05,Taylor's Bar,Jim Beam,575.2449543350473,0.0,0.0
2023-11-06,Taylor's Bar,Jim Beam,984.6849543350472,0.0,0.0
2023-11-07,Taylor's Bar,Jim Beam,891.5949543350473,502.53,0.0
2023-11-08,Taylor's Bar,Jim Beam,645.1849543350473,246.41,0.0
2023-11-09,Taylor's Bar,Jim Beam,645.1849543350473,0.0,0.0
2023-11-10,Taylor's Bar,Jim Beam,645.1849543350473,0.0,0.0
2023-11-11,Taylor's Bar,Jim Beam,645.1849543350473,0.0,0.0
2023-11-12,Taylor's Bar,Jim Beam,57.46495433504731,587.72,517.78
2023-11-13,Taylor's Bar,Jim Beam,57.46495433504731,0.0,517.78
2023-11-14,Taylor's Bar,Jim Beam,57.46495433504731,0.0,517.78
2023-11-15,Taylor's Bar,Jim Beam,575.2449543350473,0.0,0.0
2023-11-16,Taylor's Bar,Jim Beam,905.4349543350473,187.59,0.0
2023-11-17,Taylor's Bar,Jim Beam,1423.2149543350474,0.0,0.0
2023-11-18,Taylor's Bar,Jim Beam,1423.2149543350474,0.0,0.0
2023-11-19,Taylor's Bar,Jim Beam,1423.2149543350474,0.0,0.0
2023-11-20,Taylor's Bar,Jim Beam,1242.1049543350473,181.11,0.0
2023-11-21,Taylor's Bar,Jim Beam,1242.1049543350473,0.0,0.0
2023-11-22,Taylor's Bar,Jim Beam,1242.1049543350473,0.0,0.0
2023-11-23,Taylor's Bar,Jim Beam,1242.1049543350473,0.0,0.0
2023-11-24,Taylor's Bar,Jim Beam,1242.1049543350473,0.0,0.0
2023-11-25,Taylor's Bar,Jim Beam,1242.1049543350473,0.0,0.0
2023-11-26,Taylor's Bar,Jim Beam,1242.1049543350473,0.0,0.0
2023-11-27,Taylor's Bar,Jim Beam,1242.1049543350473,0.0,0.0
2023-11-28,Taylor's Bar,Jim Beam,1242.1049543350473,0.0,0.0
2023-11-29,Taylor's Bar,Jim Beam,1242.1049543350473,0.0,0.0
2023-11-30,Taylor's Bar,Jim Beam,1242.1049543350473,0.0,0.0
2023-12-01,Taylor's Bar,Jim Beam,1242.1049543350473,0.0,0.0
2023-12-02,Taylor's Bar,Jim Beam,1242.1049543350473,0.0,0.0
2023-12-03,Taylor's Bar,Jim Beam,289.78495433504725,952.32,285.46000000000004
2023-12-04,Taylor's Bar,Jim Beam,0.0,542.69,575.2449543350473
2023-12-05,Taylor's Bar,Jim Beam,0.0,0.0,575.2449543350473
2023-12-06,Taylor's Bar,Jim Beam,285.46000000000004,0.0,289.78495433504725
2023-12-07,Taylor's Bar,Jim Beam,860.7049543350473,0.0,0.0
2023-12-08,Taylor's Bar,Jim Beam,903.5599086700946,532.39,0.0
2023-12-09,Taylor's Bar,Jim Beam,1193.3448630051419,0.0,0.0
2023-12-10,Taylor's Bar,Jim Beam,1193.3448630051419,0.0,0.0
2023-12-11,Taylor's Bar,Jim Beam,1193.3448630051419,0.0,0.0
2023-12-12,Taylor's Bar,Jim Beam,852.2248630051419,341.12,0.0
2023-12-13,Taylor's Bar,Jim Beam,329.6648630051419,522.56,245.58009132990537
2023-12-14,Taylor's Bar,Jim Beam,329.6648630051419,0.0,245.58009132990537
2023-12-15,Taylor's Bar,Jim Beam,329.6648630051419,0.0,245.58009132990537
2023-12-16,Taylor's Bar,Jim Beam,575.2449543350473,0.0,0.0
2023-12-17,Taylor's Bar,Jim Beam,820.8250456649527,0.0,0.0
2023-12-18,Taylor's Bar,Jim Beam,1066.405136994858,0.0,0.0
2023-12-19,Taylor's Bar,Jim Beam,1066.405136994858,0.0,0.0
2023-12-20,Taylor's Bar,Jim Beam,959.115136994858,107.29,0.0
2023-12-21,Taylor's Bar,Jim Beam,959.115136994858,0.0,0.0
2023-12-22,Taylor's Bar,Jim Beam,621.495136994858,337.62,0.0
2023-12-23,Taylor's Bar,Jim Beam,621.495136994858,0.0,0.0
2023-12-24,Taylor's Bar,Jim Beam,621.495136994858,0.0,0.0
2023-12-25,Taylor's Bar,Jim Beam,621.495136994858,0.0,0.0
2023-12-26,Taylor's Bar,Jim Beam,621.495136994858,0.0,0.0
2023-12-27,Taylor's Bar,Jim Beam,621.495136994858,0.0,0.0
2023-12-28,Taylor's Bar,Jim Beam,621.495136994858,0.0,0.0
2023-12-29,Taylor's Bar,Jim Beam,262.50513699485793,358.99,312.73981734018935
2023-12-30,Taylor's Bar,Jim Beam,262.50513699485793,0.0,312.73981734018935
2023-12-31,Taylor's Bar,Jim Beam,0.0,349.75,575.2449543350473
2024-01-01,Taylor's Bar,Jim Beam,59.409817340189335,253.33,515.835136994858
2023-10-23,Taylor's Bar,Malibu,583.3337045908037,0.0,0.0
2023-10-24,Taylor's Bar,Malibu,583.3337045908037,0.0,0.0
2023-10-25,Taylor's Bar,Malibu,583.3337045908037,0.0,0.0
2023-10-26,Taylor's Bar,Malibu,583.3337045908037,0.0,0.0
2023-10-27,Taylor's Bar,Malibu,583.3337045908037,0.0,0.0
2023-10-28,Taylor's Bar,Malibu,583.3337045908037,0.0,0.0
2023-10-29,Taylor's Bar,Malibu,583.3337045908037,0.0,0.0
2023-10-30,Taylor's Bar,Malibu,583.3337045908037,0.0,0.0
2023-10-31,Taylor's Bar,Malibu,583.3337045908037,0.0,0.0
2023-11-01,Taylor's Bar,Malibu,583.3337045908037,0.0,0.0
2023-11-02,Taylor's Bar,Malibu,583.3337045908037,0.0,0.0
2023-11-03,Taylor's Bar,Malibu,219.3737045908037,363.96,363.96
2023-11-04,Taylor's Bar,Malibu,219.3737045908037,0.0,363.96
2023-11-05,Taylor's Bar,Malibu,219.3737045908037,0.0,363.96
2023-11-06,Taylor's Bar,Malibu,583.3337045908037,0.0,0.0
2023-11-07,Taylor's Bar,Malibu,487.0037045908036,460.29,96.3300000000001
2023-11-08,Taylor's Bar,Malibu,621.7437045908035,229.22,0.0
2023-11-09,Taylor's Bar,Malibu,621.7437045908035,0.0,0.0
2023-11-10,Taylor's Bar,Malibu,718.0737045908036,0.0,0.0
2023-11-11,Taylor's Bar,Malibu,718.0737045908036,0.0,0.0
2023-11-12,Taylor's Bar,Malibu,718.0737045908036,0.0,0.0
2023-11-13,Taylor's Bar,Malibu,718.0737045908036,0.0,0.0
2023-11-14,Taylor's Bar,Malibu,718.0737045908036,0.0,0.0
2023-11-15,Taylor's Bar,Malibu,718.0737045908036,0.0,0.0
2023-11-16,Taylor's Bar,Malibu,718.0737045908036,0.0,0.0
2023-11-17,Taylor's Bar,Malibu,718.0737045908036,0.0,0.0
2023-11-18,Taylor's Bar,Malibu,718.0737045908036,0.0,0.0
2023-11-19,Taylor's Bar,Malibu,283.77370459080356,434.3,299.5600000000001
2023-11-20,Taylor's Bar,Malibu,283.77370459080356,0.0,299.5600000000001
2023-11-21,Taylor's Bar,Malibu,166.97370459080355,116.8,416.3600000000001
2023-11-22,Taylor's Bar,Malibu,466.53370459080367,0.0,116.80000000000001
2023-11-23,Taylor's Bar,Malibu,766.0937045908038,0.0,0.0
2023-11-24,Taylor's Bar,Malibu,1182.453704590804,0.0,0.0
2023-11-25,Taylor's Bar,Malibu,1299.2537045908039,0.0,0.0
2023-11-26,Taylor's Bar,Malibu,1299.2537045908039,0.0,0.0
2023-11-27,Taylor's Bar,Malibu,1299.2537045908039,0.0,0.0
2023-11-28,Taylor's Bar,Malibu,1082.5337045908038,216.72,0.0
2023-11-29,Taylor's Bar,Malibu,1082.5337045908038,0.0,0.0
2023-11-30,Taylor's Bar,Malibu,1082.5337045908038,0.0,0.0
2023-12-01,Taylor's Bar,Malibu,1082.5337045908038,0.0,0.0
2023-12-02,Taylor's Bar,Malibu,1082.5337045908038,0.0,0.0
2023-12-03,Taylor's Bar,Malibu,1082.5337045908038,0.0,0.0
2023-12-04,Taylor's Bar,Malibu,1082.5337045908038,0.0,0.0
2023-12-05,Taylor's Bar,Malibu,1082.5337045908038,0.0,0.0
2023-12-06,Taylor's Bar,Malibu,1082.5337045908038,0.0,0.0
2023-12-07,Taylor's Bar,Malibu,749.8037045908038,332.73,0.0
2023-12-08,Taylor's Bar,Malibu,749.8037045908038,0.0,0.0
2023-12-09,Taylor's Bar,Malibu,585.9737045908038,163.83,0.0
2023-12-10,Taylor's Bar,Malibu,585.9737045908038,0.0,0.0
2023-12-11,Taylor's Bar,Malibu,585.9737045908038,0.0,0.0
2023-12-12,Taylor's Bar,Malibu,585.9737045908038,0.0,0.0
2023-12-13,Taylor's Bar,Malibu,68.49370459080376,517.48,514.8399999999999
2023-12-14,Taylor's Bar,Malibu,68.49370459080376,0.0,514.8399999999999
2023-12-15,Taylor's Bar,Malibu,68.49370459080376,0.0,514.8399999999999
2023-12-16,Taylor's Bar,Malibu,583.3337045908037,0.0,0.0
2023-12-17,Taylor's Bar,Malibu,1098.1737045908035,0.0,0.0
2023-12-18,Taylor's Bar,Malibu,1613.0137045908034,0.0,0.0
2023-12-19,Taylor's Bar,Malibu,1365.5937045908033,247.42,0.0
2023-12-20,Taylor's Bar,Malibu,1365.5937045908033,0.0,0.0
2023-12-21,Taylor's Bar,Malibu,1064.5837045908033,301.01,0.0
2023-12-22,Taylor's Bar,Malibu,1064.5837045908033,0.0,0.0
2023-12-23,Taylor's Bar,Malibu,1064.5837045908033,0.0,0.0
2023-12-24,Taylor's Bar,Malibu,1064.5837045908033,0.0,0.0
2023-12-25,Taylor's Bar,Malibu,1064.5837045908033,0.0,0.0
2023-12-26,Taylor's Bar,Malibu,1064.5837045908033,0.0,0.0
2023-12-27,Taylor's Bar,Malibu,681.4137045908033,383.17,0.0
2023-12-28,Taylor's Bar,Malibu,681.4137045908033,0.0,0.0
2023-12-29,Taylor's Bar,Malibu,106.2437045908033,575.17,477.0900000000004
2023-12-30,Taylor's Bar,Malibu,106.2437045908033,0.0,477.0900000000004
2023-12-31,Taylor's Bar,Malibu,0.0,220.2,583.3337045908037
2024-01-01,Taylor's Bar,Malibu,477.0900000000004,0.0,106.2437045908033
2023-10-23,Taylor's Bar,Miller,485.4331005327706,0.0,0.0
2023-10-24,Taylor's Bar,Miller,485.4331005327706,0.0,0.0
2023-10-25,Taylor's Bar,Miller,485.4331005327706,0.0,0.0
2023-10-26,Taylor's Bar,Miller,485.4331005327706,0.0,0.0
2023-10-27,Taylor's Bar,Miller,485.4331005327706,0.0,0.0
2023-10-28,Taylor's Bar,Miller,0.0,967.73,485.4331005327706
2023-10-29,Taylor's Bar,Miller,0.0,270.93,485.4331005327706
2023-10-30,Taylor's Bar,Miller,0.0,0.0,485.4331005327706
2023-10-31,Taylor's Bar,Miller,199.1831005327706,286.25,286.25
2023-11-01,Taylor's Bar,Miller,684.6162010655412,0.0,0.0
2023-11-02,Taylor's Bar,Miller,908.4393015983118,261.61,0.0
2023-11-03,Taylor's Bar,Miller,1194.6893015983119,0.0,0.0
2023-11-04,Taylor's Bar,Miller,1194.6893015983119,0.0,0.0
2023-11-05,Taylor's Bar,Miller,1194.6893015983119,0.0,0.0
2023-11-06,Taylor's Bar,Miller,1194.6893015983119,0.0,0.0
2023-11-07,Taylor's Bar,Miller,1194.6893015983119,0.0,0.0
2023-11-08,Taylor's Bar,Miller,1194.6893015983119,0.0,0.0
2023-11-09,Taylor's Bar,Miller,1194.6893015983119,0.0,0.0
2023-11-10,Taylor's Bar,Miller,1194.6893015983119,0.0,0.0
2023-11-11,Taylor's Bar,Miller,1194.6893015983119,0.0,0.0
2023-11-12,Taylor's Bar,Miller,1194.6893015983119,0.0,0.0
2023-11-13,Taylor's Bar,Miller,1194.6893015983119,0.0,0.0
2023-11-14,Taylor's Bar,Miller,1194.6893015983119,0.0,0.0
2023-11-15,Taylor's Bar,Miller,1194.6893015983119,0.0,0.0
2023-11-16,Taylor's Bar,Miller,1194.6893015983119,0.0,0.0
2023-11-17,Taylor's Bar,Miller,1194.6893015983119,0.0,0.0
2023-11-18,Taylor's Bar,Miller,1194.6893015983119,0.0,0.0
2023-11-19,Taylor's Bar,Miller,1194.6893015983119,0.0,0.0
2023-11-20,Taylor's Bar,Miller,1194.6893015983119,0.0,0.0
2023-11-21,Taylor's Bar,Miller,1194.6893015983119,0.0,0.0
2023-11-22,Taylor's Bar,Miller,1194.6893015983119,0.0,0.0
2023-11-23,Taylor's Bar,Miller,1194.6893015983119,0.0,0.0
2023-11-24,Taylor's Bar,Miller,1194.6893015983119,0.0,0.0
2023-11-25,Taylor's Bar,Miller,1194.6893015983119,0.0,0.0
2023-11-26,Taylor's Bar,Miller,1194.6893015983119,0.0,0.0
2023-11-27,Taylor's Bar,Miller,1194.6893015983119,0.0,0.0
2023-11-28,Taylor's Bar,Miller,1194.6893015983119,0.0,0.0
2023-11-29,Taylor's Bar,Miller,1194.6893015983119,0.0,0.0
2023-11-30,Taylor's Bar,Miller,1194.6893015983119,0.0,0.0
2023-12-01,Taylor's Bar,Miller,1194.6893015983119,0.0,0.0
2023-12-02,Taylor's Bar,Miller,1194.6893015983119,0.0,0.0
2023-12-03,Taylor's Bar,Miller,1194.6893015983119,0.0,0.0
2023-12-04,Taylor's Bar,Miller,1194.6893015983119,0.0,0.0
2023-12-05,Taylor's Bar,Miller,1194.6893015983119,0.0,0.0
2023-12-06,Taylor's Bar,Miller,1194.6893015983119,0.0,0.0
2023-12-07,Taylor's Bar,Miller,1194.6893015983119,0.0,0.0
2023-12-08,Taylor's Bar,Miller,1194.6893015983119,0.0,0.0
2023-12-09,Taylor's Bar,Miller,1194.6893015983119,0.0,0.0
2023-12-10,Taylor's Bar,Miller,1194.6893015983119,0.0,0.0
2023-12-11,Taylor's Bar,Miller,1194.6893015983119,0.0,0.0
2023-12-12,Taylor's Bar,Miller,1194.6893015983119,0.0,0.0
2023-12-13,Taylor's Bar,Miller,1194.6893015983119,0.0,0.0
2023-12-14,Taylor's Bar,Miller,1194.6893015983119,0.0,0.0
2023-12-15,Taylor's Bar,Miller,1194.6893015983119,0.0,0.0
2023-12-16,Taylor's Bar,Miller,1194.6893015983119,0.0,0.0
2023-12-17,Taylor's Bar,Miller,1194.6893015983119,0.0,0.0
2023-12-18,Taylor's Bar,Miller,1194.6893015983119,0.0,0.0
2023-12-19,Taylor's Bar,Miller,1194.6893015983119,0.0,0.0
2023-12-20,Taylor's Bar,Miller,1194.6893015983119,0.0,0.0
2023-12-21,Taylor's Bar,Miller,1194.6893015983119,0.0,0.0
2023-12-22,Taylor's Bar,Miller,1194.6893015983119,0.0,0.0
2023-12-23,Taylor's Bar,Miller,1194.6893015983119,0.0,0.0
2023-12-24,Taylor's Bar,Miller,1194.6893015983119,0.0,0.0
2023-12-25,Taylor's Bar,Miller,1194.6893015983119,0.0,0.0
2023-12-26,Taylor's Bar,Miller,1194.6893015983119,0.0,0.0
2023-12-27,Taylor's Bar,Miller,1194.6893015983119,0.0,0.0
2023-12-28,Taylor's Bar,Miller,1194.6893015983119,0.0,0.0
2023-12-29,Taylor's Bar,Miller,1194.6893015983119,0.0,0.0
2023-12-30,Taylor's Bar,Miller,1194.6893015983119,0.0,0.0
2023-12-31,Taylor's Bar,Miller,1194.6893015983119,0.0,0.0
2024-01-01,Taylor's Bar,Miller,1194.6893015983119,0.0,0.0
2023-10-23,Taylor's Bar,Smirnoff,580.375737214358,0.0,0.0
2023-10-24,Taylor's Bar,Smirnoff,580.375737214358,0.0,0.0
2023-10-25,Taylor's Bar,Smirnoff,580.375737214358,0.0,0.0
2023-10-26,Taylor's Bar,Smirnoff,580.375737214358,0.0,0.0
2023-10-27,Taylor's Bar,Smirnoff,580.375737214358,0.0,0.0
2023-10-28,Taylor's Bar,Smirnoff,580.375737214358,0.0,0.0
2023-10-29,Taylor's Bar,Smirnoff,580.375737214358,0.0,0.0
2023-10-30,Taylor's Bar,Smirnoff,580.375737214358,0.0,0.0
2023-10-31,Taylor's Bar,Smirnoff,580.375737214358,0.0,0.0
2023-11-01,Taylor's Bar,Smirnoff,580.375737214358,0.0,0.0
2023-11-02,Taylor's Bar,Smirnoff,85.285737214358,495.09,495.09
2023-11-03,Taylor's Bar,Smirnoff,85.285737214358,0.0,495.09
2023-11-04,Taylor's Bar,Smirnoff,85.285737214358,0.0,495.09
2023-11-05,Taylor's Bar,Smirnoff,580.375737214358,0.0,0.0
2023-11-06,Taylor's Bar,Smirnoff,1075.465737214358,0.0,0.0
2023-11-07,Taylor's Bar,Smirnoff,1570.5557372143578,0.0,0.0
2023-11-08,Taylor's Bar,Smirnoff,1570.5557372143578,0.0,0.0
2023-11-09,Taylor's Bar,Smirnoff,1026.5057372143579,544.05,0.0
2023-11-10,Taylor's Bar,Smirnoff,650.1357372143578,376.37,0.0
2023-11-11,Taylor's Bar,Smirnoff,650.1357372143578,0.0,0.0
2023-11-12,Taylor's Bar,Smirnoff,650.1357372143578,0.0,0.0
2023-11-13,Taylor's Bar,Smirnoff,650.1357372143578,0.0,0.0
2023-11-14,Taylor's Bar,Smirnoff,461.13573721435785,189.0,119.24000000000012
2023-11-15,Taylor's Bar,Smirnoff,461.13573721435785,0.0,119.24000000000012
2023-11-16,Taylor's Bar,Smirnoff,461.13573721435785,0.0,119.24000000000012
2023-11-17,Taylor's Bar,Smirnoff,580.375737214358,0.0,0.0
2023-11-18,Taylor's Bar,Smirnoff,390.45573721435807,309.16,189.9199999999999
2023-11-19,Taylor's Bar,Smirnoff,509.6957372143582,0.0,70.67999999999978
2023-11-20,Taylor's Bar,Smirnoff,0.0,598.15,580.375737214358
2023-11-21,Taylor's Bar,Smirnoff,189.9199999999999,0.0,390.45573721435807
2023-11-22,Taylor's Bar,Smirnoff,0.0,587.65,580.375737214358
2023-11-23,Taylor's Bar,Smirnoff,580.375737214358,0.0,0.0
2023-11-24,Taylor's Bar,Smirnoff,970.8314744287161,0.0,0.0
2023-11-25,Taylor's Bar,Smirnoff,1551.207211643074,0.0,0.0
2023-11-26,Taylor's Bar,Smirnoff,1053.537211643074,497.67,0.0
2023-11-27,Taylor's Bar,Smirnoff,1053.537211643074,0.0,0.0
2023-11-28,Taylor's Bar,Smirnoff,1053.537211643074,0.0,0.0
2023-11-29,Taylor's Bar,Smirnoff,1053.537211643074,0.0,0.0
2023-11-30,Taylor's Bar,Smirnoff,1053.537211643074,0.0,0.0
2023-12-01,Taylor's Bar,Smirnoff,1053.537211643074,0.0,0.0
2023-12-02,Taylor's Bar,Smirnoff,1053.537211643074,0.0,0.0
2023-12-03,Taylor's Bar,Smirnoff,1053.537211643074,0.0,0.0
2023-12-04,Taylor's Bar,Smirnoff,1053.537211643074,0.0,0.0
2023-12-05,Taylor's Bar,Smirnoff,1053.537211643074,0.0,0.0
2023-12-06,Taylor's Bar,Smirnoff,1053.537211643074,0.0,0.0
2023-12-07,Taylor's Bar,Smirnoff,1053.537211643074,0.0,0.0
2023-12-08,Taylor's Bar,Smirnoff,1053.537211643074,0.0,0.0
2023-12-09,Taylor's Bar,Smirnoff,677.497211643074,376.04,0.0
2023-12-10,Taylor's Bar,Smirnoff,121.69721164307407,555.8,458.6785255712839
2023-12-11,Taylor's Bar,Smirnoff,121.69721164307407,0.0,458.6785255712839
2023-12-12,Taylor's Bar,Smirnoff,121.69721164307407,0.0,458.6785255712839
2023-12-13,Taylor's Bar,Smirnoff,366.355737214358,214.02,214.01999999999998
2023-12-14,Taylor's Bar,Smirnoff,825.0342627856419,0.0,0.0
2023-12-15,Taylor's Bar,Smirnoff,1283.7127883569258,0.0,0.0
2023-12-16,Taylor's Bar,Smirnoff,1173.7227883569258,324.01,0.0
2023-12-17,Taylor's Bar,Smirnoff,1173.7227883569258,0.0,0.0
2023-12-18,Taylor's Bar,Smirnoff,949.9527883569258,223.77,0.0
2023-12-19,Taylor's Bar,Smirnoff,719.1227883569258,230.83,0.0
2023-12-20,Taylor's Bar,Smirnoff,467.61278835692576,251.51,112.7629488574322
2023-12-21,Taylor's Bar,Smirnoff,467.61278835692576,0.0,112.7629488574322
2023-12-22,Taylor's Bar,Smirnoff,467.61278835692576,0.0,112.7629488574322
2023-12-23,Taylor's Bar,Smirnoff,580.375737214358,0.0,0.0
2023-12-24,Taylor's Bar,Smirnoff,693.1386860717902,0.0,0.0
2023-12-25,Taylor's Bar,Smirnoff,805.9016349292224,0.0,0.0
2023-12-26,Taylor's Bar,Smirnoff,554.7216349292223,251.18,25.65410228513565
2023-12-27,Taylor's Bar,Smirnoff,554.7216349292223,0.0,25.65410228513565
2023-12-28,Taylor's Bar,Smirnoff,17.30163492922236,537.42,563.0741022851356
2023-12-29,Taylor's Bar,Smirnoff,42.95573721435801,0.0,537.42
2023-12-30,Taylor's Bar,Smirnoff,0.0,421.74,580.375737214358
2023-12-31,Taylor's Bar,Smirnoff,563.0741022851356,0.0,17.30163492922236
2024-01-01,Taylor's Bar,Smirnoff,1100.4941022851356,0.0,0.0
2023-10-23,Taylor's Bar,Sutter Home,443.86018884266497,0.0,0.0
2023-10-24,Taylor's Bar,Sutter Home,443.86018884266497,0.0,0.0
2023-10-25,Taylor's Bar,Sutter Home,443.86018884266497,0.0,0.0
2023-10-26,Taylor's Bar,Sutter Home,443.86018884266497,0.0,0.0
2023-10-27,Taylor's Bar,Sutter Home,443.86018884266497,0.0,0.0
2023-10-28,Taylor's Bar,Sutter Home,443.86018884266497,0.0,0.0
2023-10-29,Taylor's Bar,Sutter Home,443.86018884266497,0.0,0.0
2023-10-30,Taylor's Bar,Sutter Home,443.86018884266497,0.0,0.0
2023-10-31,Taylor's Bar,Sutter Home,443.86018884266497,0.0,0.0
2023-11-01,Taylor's Bar,Sutter Home,443.86018884266497,0.0,0.0
2023-11-02,Taylor's Bar,Sutter Home,443.86018884266497,0.0,0.0
2023-11-03,Taylor's Bar,Sutter Home,261.31018884266496,182.55,182.55
2023-11-04,Taylor's Bar,Sutter Home,261.31018884266496,0.0,182.55
2023-11-05,Taylor's Bar,Sutter Home,261.31018884266496,0.0,182.55
2023-11-06,Taylor's Bar,Sutter Home,443.86018884266497,0.0,0.0
2023-11-07,Taylor's Bar,Sutter Home,480.010188842665,146.4,0.0
2023-11-08,Taylor's Bar,Sutter Home,307.80018884266497,354.76,136.06
2023-11-09,Taylor's Bar,Sutter Home,307.80018884266497,0.0,136.06
2023-11-10,Taylor's Bar,Sutter Home,307.80018884266497,0.0,136.06
2023-11-11,Taylor's Bar,Sutter Home,0.0,541.66,443.86018884266497
2023-11-12,Taylor's Bar,Sutter Home,136.06,0.0,307.80018884266497
2023-11-13,Taylor's Bar,Sutter Home,0.0,461.56,443.86018884266497
2023-11-14,Taylor's Bar,Sutter Home,443.86018884266497,0.0,0.0
2023-11-15,Taylor's Bar,Sutter Home,751.6603776853299,0.0,0.0
2023-11-16,Taylor's Bar,Sutter Home,626.0605665279948,569.46,0.0
2023-11-17,Taylor's Bar,Sutter Home,626.0605665279948,0.0,0.0
2023-11-18,Taylor's Bar,Sutter Home,626.0605665279948,0.0,0.0
2023-11-19,Taylor's Bar,Sutter Home,626.0605665279948,0.0,0.0
2023-11-20,Taylor's Bar,Sutter Home,626.0605665279948,0.0,0.0
2023-11-21,Taylor's Bar,Sutter Home,626.0605665279948,0.0,0.0
2023-11-22,Taylor's Bar,Sutter Home,626.0605665279948,0.0,0.0
2023-11-23,Taylor's Bar,Sutter Home,626.0605665279948,0.0,0.0
2023-11-24,Taylor's Bar,Sutter Home,626.0605665279948,0.0,0.0
2023-11-25,Taylor's Bar,Sutter Home,626.0605665279948,0.0,0.0
2023-11-26,Taylor's Bar,Sutter Home,626.0605665279948,0.0,0.0
2023-11-27,Taylor's Bar,Sutter Home,626.0605665279948,0.0,0.0
2023-11-28,Taylor's Bar,Sutter Home,626.0605665279948,0.0,0.0
2023-11-29,Taylor's Bar,Sutter Home,626.0605665279948,0.0,0.0
2023-11-30,Taylor's Bar,Sutter Home,626.0605665279948,0.0,0.0
2023-12-01,Taylor's Bar,Sutter Home,626.0605665279948,0.0,0.0
2023-12-02,Taylor's Bar,Sutter Home,626.0605665279948,0.0,0.0
2023-12-03,Taylor's Bar,Sutter Home,626.0605665279948,0.0,0.0
2023-12-04,Taylor's Bar,Sutter Home,223.81056652799475,402.25,220.04962231467022
2023-12-05,Taylor's Bar,Sutter Home,223.81056652799475,0.0,220.04962231467022
2023-12-06,Taylor's Bar,Sutter Home,223.81056652799475,0.0,220.04962231467022
2023-12-07,Taylor's Bar,Sutter Home,0.0,483.36,443.86018884266497
2023-12-08,Taylor's Bar,Sutter Home,220.04962231467022,0.0,223.81056652799475
2023-12-09,Taylor's Bar,Sutter Home,440.09924462934043,0.0,3.760944213324535
2023-12-10,Taylor's Bar,Sutter Home,697.9394334720055,186.02,0.0
2023-12-11,Taylor's Bar,Sutter Home,921.7500000000002,0.0,0.0
2023-12-12,Taylor's Bar,Sutter Home,925.5109442133248,0.0,0.0
2023-12-13,Taylor's Bar,Sutter Home,925.5109442133248,0.0,0.0
2023-12-14,Taylor's Bar,Sutter Home,925.5109442133248,0.0,0.0
2023-12-15,Taylor's Bar,Sutter Home,0.0,1126.0,443.86018884266497
2023-12-16,Taylor's Bar,Sutter Home,0.0,98.72,443.86018884266497
2023-12-17,Taylor's Bar,Sutter Home,0.0,0.0,443.86018884266497
2023-12-18,Taylor's Bar,Sutter Home,443.86018884266497,0.0,0.0
2023-12-19,Taylor's Bar,Sutter Home,887.7203776853299,0.0,0.0
2023-12-20,Taylor's Bar,Sutter Home,1331.580566527995,0.0,0.0
2023-12-21,Taylor's Bar,Sutter Home,1331.580566527995,0.0,0.0
2023-12-22,Taylor's Bar,Sutter Home,1331.580566527995,0.0,0.0
2023-12-23,Taylor's Bar,Sutter Home,1331.580566527995,0.0,0.0
2023-12-24,Taylor's Bar,Sutter Home,1331.580566527995,0.0,0.0
2023-12-25,Taylor's Bar,Sutter Home,1331.580566527995,0.0,0.0
2023-12-26,Taylor's Bar,Sutter Home,1331.580566527995,0.0,0.0
2023-12-27,Taylor's Bar,Sutter Home,1331.580566527995,0.0,0.0
2023-12-28,Taylor's Bar,Sutter Home,1331.580566527995,0.0,0.0
2023-12-29,Taylor's Bar,Sutter Home,1331.580566527995,0.0,0.0
2023-12-30,Taylor's Bar,Sutter Home,1331.580566527995,0.0,0.0
2023-12-31,Taylor's Bar,Sutter Home,1331.580566527995,0.0,0.0
2024-01-01,Taylor's Bar,Sutter Home,1331.580566527995,0.0,0.0
2023-10-23,Taylor's Bar,Yellow Tail,495.66821175001513,0.0,0.0
2023-10-24,Taylor's Bar,Yellow Tail,495.66821175001513,0.0,0.0
2023-10-25,Taylor's Bar,Yellow Tail,495.66821175001513,0.0,0.0
2023-10-26,Taylor's Bar,Yellow Tail,495.66821175001513,0.0,0.0
2023-10-27,Taylor's Bar,Yellow Tail,495.66821175001513,0.0,0.0
2023-10-28,Taylor's Bar,Yellow Tail,495.66821175001513,0.0,0.0
2023-10-29,Taylor's Bar,Yellow Tail,495.66821175001513,0.0,0.0
2023-10-30,Taylor's Bar,Yellow Tail,495.66821175001513,0.0,0.0
2023-10-31,Taylor's Bar,Yellow Tail,495.66821175001513,0.0,0.0
2023-11-01,Taylor's Bar,Yellow Tail,495.66821175001513,0.0,0.0
2023-11-02,Taylor's Bar,Yellow Tail,495.66821175001513,0.0,0.0
2023-11-03,Taylor's Bar,Yellow Tail,495.66821175001513,0.0,0.0
2023-11-04,Taylor's Bar,Yellow Tail,495.66821175001513,0.0,0.0
2023-11-05,Taylor's Bar,Yellow Tail,495.66821175001513,0.0,0.0
2023-11-06,Taylor's Bar,Yellow Tail,495.66821175001513,0.0,0.0
2023-11-07,Taylor's Bar,Yellow Tail,495.66821175001513,0.0,0.0
2023-11-08,Taylor's Bar,Yellow Tail,495.66821175001513,0.0,0.0
2023-11-09,Taylor's Bar,Yellow Tail,495.66821175001513,0.0,0.0
2023-11-10,Taylor's Bar,Yellow Tail,495.66821175001513,0.0,0.0
2023-11-11,Taylor's Bar,Yellow Tail,495.66821175001513,0.0,0.0
2023-11-12,Taylor's Bar,Yellow Tail,495.66821175001513,0.0,0.0
2023-11-13,Taylor's Bar,Yellow Tail,495.66821175001513,0.0,0.0
2023-11-14,Taylor's Bar,Yellow Tail,495.66821175001513,0.0,0.0
2023-11-15,Taylor's Bar,Yellow Tail,495.66821175001513,0.0,0.0
2023-11-16,Taylor's Bar,Yellow Tail,495.66821175001513,0.0,0.0
2023-11-17,Taylor's Bar,Yellow Tail,495.66821175001513,0.0,0.0
2023-11-18,Taylor's Bar,Yellow Tail,495.66821175001513,0.0,0.0
2023-11-19,Taylor's Bar,Yellow Tail,495.66821175001513,0.0,0.0
2023-11-20,Taylor's Bar,Yellow Tail,495.66821175001513,0.0,0.0
2023-11-21,Taylor's Bar,Yellow Tail,495.66821175001513,0.0,0.0
2023-11-22,Taylor's Bar,Yellow Tail,495.66821175001513,0.0,0.0
2023-11-23,Taylor's Bar,Yellow Tail,495.66821175001513,0.0,0.0
2023-11-24,Taylor's Bar,Yellow Tail,495.66821175001513,0.0,0.0
2023-11-25,Taylor's Bar,Yellow Tail,495.66821175001513,0.0,0.0
2023-11-26,Taylor's Bar,Yellow Tail,495.66821175001513,0.0,0.0
2023-11-27,Taylor's Bar,Yellow Tail,495.66821175001513,0.0,0.0
2023-11-28,Taylor's Bar,Yellow Tail,495.66821175001513,0.0,0.0
2023-11-29,Taylor's Bar,Yellow Tail,0.0,549.3,495.66821175001513
2023-11-30,Taylor's Bar,Yellow Tail,0.0,0.0,495.66821175001513
2023-12-01,Taylor's Bar,Yellow Tail,0.0,481.4,495.66821175001513
2023-12-02,Taylor's Bar,Yellow Tail,278.3682117500151,217.3,217.3
2023-12-03,Taylor's Bar,Yellow Tail,774.0364235000302,0.0,0.0
2023-12-04,Taylor's Bar,Yellow Tail,1269.7046352500454,0.0,0.0
2023-12-05,Taylor's Bar,Yellow Tail,1487.0046352500453,0.0,0.0
2023-12-06,Taylor's Bar,Yellow Tail,1487.0046352500453,0.0,0.0
2023-12-07,Taylor's Bar,Yellow Tail,1487.0046352500453,0.0,0.0
2023-12-08,Taylor's Bar,Yellow Tail,1487.0046352500453,0.0,0.0
2023-12-09,Taylor's Bar,Yellow Tail,1487.0046352500453,0.0,0.0
2023-12-10,Taylor's Bar,Yellow Tail,1487.0046352500453,0.0,0.0
2023-12-11,Taylor's Bar,Yellow Tail,1120.3546352500452,366.65,0.0
2023-12-12,Taylor's Bar,Yellow Tail,1120.3546352500452,0.0,0.0
2023-12-13,Taylor's Bar,Yellow Tail,1120.3546352500452,0.0,0.0
2023-12-14,Taylor's Bar,Yellow Tail,1120.3546352500452,0.0,0.0
2023-12-15,Taylor's Bar,Yellow Tail,1120.3546352500452,0.0,0.0
2023-12-16,Taylor's Bar,Yellow Tail,1120.3546352500452,0.0,0.0
2023-12-17,Taylor's Bar,Yellow Tail,598.3446352500453,522.01,0.0
2023-12-18,Taylor's Bar,Yellow Tail,598.3446352500453,0.0,0.0
2023-12-19,Taylor's Bar,Yellow Tail,598.3446352500453,0.0,0.0
2023-12-20,Taylor's Bar,Yellow Tail,598.3446352500453,0.0,0.0
2023-12-21,Taylor's Bar,Yellow Tail,598.3446352500453,0.0,0.0
2023-12-22,Taylor's Bar,Yellow Tail,376.5546352500453,221.79,119.11357649996984
2023-12-23,Taylor's Bar,Yellow Tail,92.1146352500453,284.44,403.55357649996984
2023-12-24,Taylor's Bar,Yellow Tail,92.1146352500453,0.0,403.55357649996984
2023-12-25,Taylor's Bar,Yellow Tail,211.22821175001513,0.0,284.44
2023-12-26,Taylor's Bar,Yellow Tail,614.781788249985,0.0,0.0
2023-12-27,Taylor's Bar,Yellow Tail,1018.3353647499548,0.0,0.0
2023-12-28,Taylor's Bar,Yellow Tail,1302.7753647499549,0.0,0.0
2023-12-29,Taylor's Bar,Yellow Tail,1302.7753647499549,0.0,0.0
2023-12-30,Taylor's Bar,Yellow Tail,1302.7753647499549,0.0,0.0
2023-12-31,Taylor's Bar,Yellow Tail,1302.7753647499549,0.0,0.0
2024-01-01,Taylor's Bar,Yellow Tail,1302.7753647499549,0.0,0.0
2023-10-23,Thomas's Bar,Absolut,330.560799086438,248.73,248.73000000000002
2023-10-24,Thomas's Bar,Absolut,330.560799086438,0.0,248.73000000000002
2023-10-25,Thomas's Bar,Absolut,0.0,464.48,579.290799086438
2023-10-26,Thomas's Bar,Absolut,248.73000000000002,0.0,330.560799086438
2023-10-27,Thomas's Bar,Absolut,332.71000000000004,164.75,246.580799086438
2023-10-28,Thomas's Bar,Absolut,912.0007990864381,0.0,0.0
2023-10-29,Thomas's Bar,Absolut,975.1715981728761,267.39,0.0
2023-10-30,Thomas's Bar,Absolut,1221.752397259314,0.0,0.0
2023-10-31,Thomas's Bar,Absolut,1221.752397259314,0.0,0.0
2023-11-01,Thomas's Bar,Absolut,1221.752397259314,0.0,0.0
2023-11-02,Thomas's Bar,Absolut,1221.752397259314,0.0,0.0
2023-11-03,Thomas's Bar,Absolut,1078.482397259314,143.27,0.0
2023-11-04,Thomas's Bar,Absolut,1078.482397259314,0.0,0.0
2023-11-05,Thomas's Bar,Absolut,896.332397259314,182.15,0.0
2023-11-06,Thomas's Bar,Absolut,896.332397259314,0.0,0.0
2023-11-07,Thomas's Bar,Absolut,896.332397259314,0.0,0.0
2023-11-08,Thomas's Bar,Absolut,896.332397259314,0.0,0.0
2023-11-09,Thomas's Bar,Absolut,896.332397259314,0.0,0.0
2023-11-10,Thomas's Bar,Absolut,536.822397259314,359.51,42.46840182712401
2023-11-11,Thomas's Bar,Absolut,536.822397259314,0.0,42.46840182712401
2023-11-12,Thomas's Bar,Absolut,536.822397259314,0.0,42.46840182712401
2023-11-13,Thomas's Bar,Absolut,579.290799086438,0.0,0.0
2023-11-14,Thomas's Bar,Absolut,621.759200913562,0.0,0.0
2023-11-15,Thomas's Bar,Absolut,664.227602740686,0.0,0.0
2023-11-16,Thomas's Bar,Absolut,664.227602740686,0.0,0.0
2023-11-17,Thomas's Bar,Absolut,664.227602740686,0.0,0.0
2023-11-18,Thomas's Bar,Absolut,664.227602740686,0.0,0.0
2023-11-19,Thomas's Bar,Absolut,664.227602740686,0.0,0.0
2023-11-20,Thomas's Bar,Absolut,664.227602740686,0.0,0.0
2023-11-21,Thomas's Bar,Absolut,664.227602740686,0.0,0.0
2023-11-22,Thomas's Bar,Absolut,664.227602740686,0.0,0.0
2023-11-23,Thomas's Bar,Absolut,664.227602740686,0.0,0.0
2023-11-24,Thomas's Bar,Absolut,664.227602740686,0.0,0.0
2023-11-25,Thomas's Bar,Absolut,664.227602740686,0.0,0.0
2023-11-26,Thomas's Bar,Absolut,167.39760274068607,496.83,411.89319634575196
2023-11-27,Thomas's Bar,Absolut,167.39760274068607,0.0,411.89319634575196
2023-11-28,Thomas's Bar,Absolut,167.39760274068607,0.0,411.89319634575196
2023-11-29,Thomas's Bar,Absolut,579.290799086438,0.0,0.0
2023-11-30,Thomas's Bar,Absolut,991.1839954321899,0.0,0.0
2023-12-01,Thomas's Bar,Absolut,1403.0771917779418,0.0,0.0
2023-12-02,Thomas's Bar,Absolut,1403.0771917779418,0.0,0.0
2023-12-03,Thomas's Bar,Absolut,1403.0771917779418,0.0,0.0
2023-12-04,Thomas's Bar,Absolut,1403.0771917779418,0.0,0.0
2023-12-05,Thomas's Bar,Absolut,1403.0771917779418,0.0,0.0
2023-12-06,Thomas's Bar,Absolut,1048.6871917779417,354.39,0.0
2023-12-07,Thomas's Bar,Absolut,1048.6871917779417,0.0,0.0
2023-12-08,Thomas's Bar,Absolut,1048.6871917779417,0.0,0.0
2023-12-09,Thomas's Bar,Absolut,1048.6871917779417,0.0,0.0
2023-12-10,Thomas's Bar,Absolut,575.0771917779417,473.61,4.213607308496307
2023-12-11,Thomas's Bar,Absolut,575.0771917779417,0.0,4.213607308496307
2023-12-12,Thomas's Bar,Absolut,575.0771917779417,0.0,4.213607308496307
2023-12-13,Thomas's Bar,Absolut,579.290799086438,0.0,0.0
2023-12-14,Thomas's Bar,Absolut,583.5044063949343,0.0,0.0
2023-12-15,Thomas's Bar,Absolut,587.7180137034306,0.0,0.0
2023-12-16,Thomas's Bar,Absolut,587.7180137034306,0.0,0.0
2023-12-17,Thomas's Bar,Absolut,587.7180137034306,0.0,0.0
2023-12-18,Thomas's Bar,Absolut,587.7180137034306,0.0,0.0
2023-12-19,Thomas's Bar,Absolut,587.7180137034306,0.0,0.0
2023-12-20,Thomas's Bar,Absolut,587.7180137034306,0.0,0.0
2023-12-21,Thomas's Bar,Absolut,587.7180137034306,0.0,0.0
2023-12-22,Thomas's Bar,Absolut,587.7180137034306,0.0,0.0
2023-12-23,Thomas's Bar,Absolut,587.7180137034306,0.0,0.0
2023-12-24,Thomas's Bar,Absolut,467.8680137034306,119.85,111.42278538300741
2023-12-25,Thomas's Bar,Absolut,467.8680137034306,0.0,111.42278538300741
2023-12-26,Thomas's Bar,Absolut,467.8680137034306,0.0,111.42278538300741
2023-12-27,Thomas's Bar,Absolut,579.290799086438,0.0,0.0
2023-12-28,Thomas's Bar,Absolut,690.7135844694454,0.0,0.0
2023-12-29,Thomas's Bar,Absolut,802.1363698524528,0.0,0.0
2023-12-30,Thomas's Bar,Absolut,802.1363698524528,0.0,0.0
2023-12-31,Thomas's Bar,Absolut,802.1363698524528,0.0,0.0
2024-01-01,Thomas's Bar,Absolut,673.6163698524529,128.52,0.0
2023-10-23,Thomas's Bar,Bacardi,608.5094546323616,0.0,0.0
2023-10-24,Thomas's Bar,Bacardi,608.5094546323616,0.0,0.0
2023-10-25,Thomas's Bar,Bacardi,608.5094546323616,0.0,0.0
2023-10-26,Thomas's Bar,Bacardi,148.65945463236153,459.85,459.85
2023-10-27,Thomas's Bar,Bacardi,0.0,202.98,608.5094546323616
2023-10-28,Thomas's Bar,Bacardi,0.0,0.0,608.5094546323616
2023-10-29,Thomas's Bar,Bacardi,459.85,0.0,148.65945463236153
2023-10-30,Thomas's Bar,Bacardi,665.8694546323616,402.49,0.0
2023-10-31,Thomas's Bar,Bacardi,1274.378909264723,0.0,0.0
2023-11-01,Thomas's Bar,Bacardi,1423.0383638970845,0.0,0.0
2023-11-02,Thomas's Bar,Bacardi,1423.0383638970845,0.0,0.0
2023-11-03,Thomas's Bar,Bacardi,919.9683638970846,503.07,0.0
2023-11-04,Thomas's Bar,Bacardi,745.6283638970846,174.34,0.0
2023-11-05,Thomas's Bar,Bacardi,745.6283638970846,0.0,0.0
2023-11-06,Thomas's Bar,Bacardi,498.7483638970846,246.88,109.76109073527698
2023-11-07,Thomas's Bar,Bacardi,498.7483638970846,0.0,109.76109073527698
2023-11-08,Thomas's Bar,Bacardi,498.7483638970846,0.0,109.76109073527698
2023-11-09,Thomas's Bar,Bacardi,608.5094546323616,0.0,0.0
2023-11-10,Thomas's Bar,Bacardi,718.2705453676385,0.0,0.0
2023-11-11,Thomas's Bar,Bacardi,828.0316361029155,0.0,0.0
2023-11-12,Thomas's Bar,Bacardi,828.0316361029155,0.0,0.0
2023-11-13,Thomas's Bar,Bacardi,828.0316361029155,0.0,0.0
2023-11-14,Thomas's Bar,Bacardi,465.76163610291553,362.27,142.74781852944602
2023-11-15,Thomas's Bar,Bacardi,465.76163610291553,0.0,142.74781852944602
2023-11-16,Thomas's Bar,Bacardi,465.76163610291553,0.0,142.74781852944602
2023-11-17,Thomas's Bar,Bacardi,0.0,787.31,608.5094546323616
2023-11-18,Thomas's Bar,Bacardi,142.74781852944602,0.0,465.76163610291553
2023-11-19,Thomas's Bar,Bacardi,285.49563705889204,0.0,323.0138175734695
2023-11-20,Thomas's Bar,Bacardi,894.0050916912536,0.0,0.0
2023-11-21,Thomas's Bar,Bacardi,1359.7667277941691,0.0,0.0
2023-11-22,Thomas's Bar,Bacardi,1551.2905453676387,131.49,0.0
2023-11-23,Thomas's Bar,Bacardi,1551.2905453676387,0.0,0.0
2023-11-24,Thomas's Bar,Bacardi,1013.1405453676388,538.15,0.0
2023-11-25,Thomas's Bar,Bacardi,1013.1405453676388,0.0,0.0
2023-11-26,Thomas's Bar,Bacardi,1013.1405453676388,0.0,0.0
2023-11-27,Thomas's Bar,Bacardi,1013.1405453676388,0.0,0.0
2023-11-28,Thomas's Bar,Bacardi,1013.1405453676388,0.0,0.0
2023-11-29,Thomas's Bar,Bacardi,1013.1405453676388,0.0,0.0
2023-11-30,Thomas's Bar,Bacardi,637.9505453676388,375.19,0.0
2023-12-01,Thomas's Bar,Bacardi,637.9505453676388,0.0,0.0
2023-12-02,Thomas's Bar,Bacardi,637.9505453676388,0.0,0.0
2023-12-03,Thomas's Bar,Bacardi,637.9505453676388,0.0,0.0
2023-12-04,Thomas's Bar,Bacardi,637.9505453676388,0.0,0.0
2023-12-05,Thomas's Bar,Bacardi,637.9505453676388,0.0,0.0
2023-12-06,Thomas's Bar,Bacardi,637.9505453676388,0.0,0.0
2023-12-07,Thomas's Bar,Bacardi,637.9505453676388,0.0,0.0
2023-12-08,Thomas's Bar,Bacardi,637.9505453676388,0.0,0.0
2023-12-09,Thomas's Bar,Bacardi,637.9505453676388,0.0,0.0
2023-12-10,Thomas's Bar,Bacardi,74.74054536763879,563.21,533.7689092647228
2023-12-11,Thomas's Bar,Bacardi,74.74054536763879,0.0,533.7689092647228
2023-12-12,Thomas's Bar,Bacardi,74.74054536763879,0.0,533.7689092647228
2023-12-13,Thomas's Bar,Bacardi,608.5094546323616,0.0,0.0
2023-12-14,Thomas's Bar,Bacardi,1142.2783638970843,0.0,0.0
2023-12-15,Thomas's Bar,Bacardi,1676.047273161807,0.0,0.0
2023-12-16,Thomas's Bar,Bacardi,1676.047273161807,0.0,0.0
2023-12-17,Thomas's Bar,Bacardi,1556.337273161807,119.71,0.0
2023-12-18,Thomas's Bar,Bacardi,1556.337273161807,0.0,0.0
2023-12-19,Thomas's Bar,Bacardi,1556.337273161807,0.0,0.0
2023-12-20,Thomas's Bar,Bacardi,1556.337273161807,0.0,0.0
2023-12-21,Thomas's Bar,Bacardi,1556.337273161807,0.0,0.0
2023-12-22,Thomas's Bar,Bacardi,1258.267273161807,298.07,0.0
2023-12-23,Thomas's Bar,Bacardi,1258.267273161807,0.0,0.0
2023-12-24,Thomas's Bar,Bacardi,1258.267273161807,0.0,0.0
2023-12-25,Thomas's Bar,Bacardi,1258.267273161807,0.0,0.0
2023-12-26,Thomas's Bar,Bacardi,1258.267273161807,0.0,0.0
2023-12-27,Thomas's Bar,Bacardi,1258.267273161807,0.0,0.0
2023-12-28,Thomas's Bar,Bacardi,1258.267273161807,0.0,0.0
2023-12-29,Thomas's Bar,Bacardi,1258.267273161807,0.0,0.0
2023-12-30,Thomas's Bar,Bacardi,1258.267273161807,0.0,0.0
2023-12-31,Thomas's Bar,Bacardi,1258.267273161807,0.0,0.0
2024-01-01,Thomas's Bar,Bacardi,685.667273161807,572.6,0.0
2023-10-23,Thomas's Bar,Barefoot,564.8717568367022,0.0,0.0
2023-10-24,Thomas's Bar,Barefoot,564.8717568367022,0.0,0.0
2023-10-25,Thomas's Bar,Barefoot,422.03175683670213,142.84,142.84000000000003
2023-10-26,Thomas's Bar,Barefoot,422.03175683670213,0.0,142.84000000000003
2023-10-27,Thomas's Bar,Barefoot,422.03175683670213,0.0,142.84000000000003
2023-10-28,Thomas's Bar,Barefoot,564.8717568367022,0.0,0.0
2023-10-29,Thomas's Bar,Barefoot,544.6217568367022,163.09,20.25
2023-10-30,Thomas's Bar,Barefoot,687.4617568367022,0.0,0.0
2023-10-31,Thomas's Bar,Barefoot,687.4617568367022,0.0,0.0
2023-11-01,Thomas's Bar,Barefoot,707.7117568367022,0.0,0.0
2023-11-02,Thomas's Bar,Barefoot,707.7117568367022,0.0,0.0
2023-11-03,Thomas's Bar,Barefoot,707.7117568367022,0.0,0.0
2023-11-04,Thomas's Bar,Barefoot,707.7117568367022,0.0,0.0
2023-11-05,Thomas's Bar,Barefoot,707.7117568367022,0.0,0.0
2023-11-06,Thomas's Bar,Barefoot,707.7117568367022,0.0,0.0
2023-11-07,Thomas's Bar,Barefoot,707.7117568367022,0.0,0.0
2023-11-08,Thomas's Bar,Barefoot,366.9117568367022,340.8,197.95999999999998
2023-11-09,Thomas's Bar,Barefoot,366.9117568367022,0.0,197.95999999999998
2023-11-10,Thomas's Bar,Barefoot,121.76175683670218,245.15,443.11
2023-11-11,Thomas's Bar,Barefoot,319.7217568367022,0.0,245.14999999999998
2023-11-12,Thomas's Bar,Barefoot,517.6817568367021,0.0,47.190000000000055
2023-11-13,Thomas's Bar,Barefoot,960.7917568367021,0.0,0.0
2023-11-14,Thomas's Bar,Barefoot,1205.941756836702,0.0,0.0
2023-11-15,Thomas's Bar,Barefoot,1253.1317568367022,0.0,0.0
2023-11-16,Thomas's Bar,Barefoot,1253.1317568367022,0.0,0.0
2023-11-17,Thomas's Bar,Barefoot,1125.3517568367022,127.78,0.0
2023-11-18,Thomas's Bar,Barefoot,1125.3517568367022,0.0,0.0
2023-11-19,Thomas's Bar,Barefoot,1125.3517568367022,0.0,0.0
2023-11-20,Thomas's Bar,Barefoot,1125.3517568367022,0.0,0.0
2023-11-21,Thomas's Bar,Barefoot,682.5217568367023,442.83,0.0
2023-11-22,Thomas's Bar,Barefoot,682.5217568367023,0.0,0.0
2023-11-23,Thomas's Bar,Barefoot,682.5217568367023,0.0,0.0
2023-11-24,Thomas's Bar,Barefoot,530.5317568367022,151.99,34.33999999999992
2023-11-25,Thomas's Bar,Barefoot,530.5317568367022,0.0,34.33999999999992
2023-11-26,Thomas's Bar,Barefoot,530.5317568367022,0.0,34.33999999999992
2023-11-27,Thomas's Bar,Barefoot,564.8717568367022,0.0,0.0
2023-11-28,Thomas's Bar,Barefoot,599.2117568367021,0.0,0.0
2023-11-29,Thomas's Bar,Barefoot,633.551756836702,0.0,0.0
2023-11-30,Thomas's Bar,Barefoot,150.28175683670202,483.27,414.59000000000015
2023-12-01,Thomas's Bar,Barefoot,150.28175683670202,0.0,414.59000000000015
2023-12-02,Thomas's Bar,Barefoot,150.28175683670202,0.0,414.59000000000015
2023-12-03,Thomas's Bar,Barefoot,564.8717568367022,0.0,0.0
2023-12-04,Thomas's Bar,Barefoot,979.4617568367023,0.0,0.0
2023-12-05,Thomas's Bar,Barefoot,1394.0517568367025,0.0,0.0
2023-12-06,Thomas's Bar,Barefoot,1023.9317568367024,370.12,0.0
2023-12-07,Thomas's Bar,Barefoot,1023.9317568367024,0.0,0.0
2023-12-08,Thomas's Bar,Barefoot,1023.9317568367024,0.0,0.0
2023-12-09,Thomas's Bar,Barefoot,1023.9317568367024,0.0,0.0
2023-12-10,Thomas's Bar,Barefoot,1023.9317568367024,0.0,0.0
2023-12-11,Thomas's Bar,Barefoot,1023.9317568367024,0.0,0.0
2023-12-12,Thomas's Bar,Barefoot,768.7017568367024,255.23,0.0
2023-12-13,Thomas's Bar,Barefoot,768.7017568367024,0.0,0.0
2023-12-14,Thomas's Bar,Barefoot,768.7017568367024,0.0,0.0
2023-12-15,Thomas's Bar,Barefoot,269.49175683670245,499.21,295.3799999999997
2023-12-16,Thomas's Bar,Barefoot,269.49175683670245,0.0,295.3799999999997
2023-12-17,Thomas's Bar,Barefoot,269.49175683670245,0.0,295.3799999999997
2023-12-18,Thomas's Bar,Barefoot,159.5317568367022,405.34,405.34
2023-12-19,Thomas's Bar,Barefoot,454.9117568367019,0.0,109.96000000000026
2023-12-20,Thomas's Bar,Barefoot,750.2917568367016,0.0,0.0
2023-12-21,Thomas's Bar,Barefoot,1155.6317568367015,0.0,0.0
2023-12-22,Thomas's Bar,Barefoot,1265.5917568367017,0.0,0.0
2023-12-23,Thomas's Bar,Barefoot,1265.5917568367017,0.0,0.0
2023-12-24,Thomas's Bar,Barefoot,905.2517568367018,360.34,0.0
2023-12-25,Thomas's Bar,Barefoot,905.2517568367018,0.0,0.0
2023-12-26,Thomas's Bar,Barefoot,905.2517568367018,0.0,0.0
2023-12-27,Thomas's Bar,Barefoot,905.2517568367018,0.0,0.0
2023-12-28,Thomas's Bar,Barefoot,905.2517568367018,0.0,0.0
2023-12-29,Thomas's Bar,Barefoot,517.3417568367017,387.91,47.53000000000043
2023-12-30,Thomas's Bar,Barefoot,517.3417568367017,0.0,47.53000000000043
2023-12-31,Thomas's Bar,Barefoot,517.3417568367017,0.0,47.53000000000043
2024-01-01,Thomas's Bar,Barefoot,564.8717568367022,0.0,0.0
2023-10-23,Thomas's Bar,Budweiser,177.8692805661808,282.98,282.98
2023-10-24,Thomas's Bar,Budweiser,177.8692805661808,0.0,282.98
2023-10-25,Thomas's Bar,Budweiser,177.8692805661808,0.0,282.98
2023-10-26,Thomas's Bar,Budweiser,460.8492805661808,0.0,0.0
2023-10-27,Thomas's Bar,Budweiser,743.8292805661808,0.0,0.0
2023-10-28,Thomas's Bar,Budweiser,639.1792805661809,387.63,0.0
2023-10-29,Thomas's Bar,Budweiser,639.1792805661809,0.0,0.0
2023-10-30,Thomas's Bar,Budweiser,639.1792805661809,0.0,0.0
2023-10-31,Thomas's Bar,Budweiser,639.1792805661809,0.0,0.0
2023-11-01,Thomas's Bar,Budweiser,639.1792805661809,0.0,0.0
2023-11-02,Thomas's Bar,Budweiser,639.1792805661809,0.0,0.0
2023-11-03,Thomas's Bar,Budweiser,639.1792805661809,0.0,0.0
2023-11-04,Thomas's Bar,Budweiser,639.1792805661809,0.0,0.0
2023-11-05,Thomas's Bar,Budweiser,639.1792805661809,0.0,0.0
2023-11-06,Thomas's Bar,Budweiser,639.1792805661809,0.0,0.0
2023-11-07,Thomas's Bar,Budweiser,639.1792805661809,0.0,0.0
2023-11-08,Thomas's Bar,Budweiser,639.1792805661809,0.0,0.0
2023-11-09,Thomas's Bar,Budweiser,639.1792805661809,0.0,0.0
2023-11-10,Thomas's Bar,Budweiser,277.48928056618087,361.69,183.35999999999996
2023-11-11,Thomas's Bar,Budweiser,51.98928056618087,225.5,408.85999999999996
2023-11-12,Thomas's Bar,Budweiser,51.98928056618087,0.0,408.85999999999996
2023-11-13,Thomas's Bar,Budweiser,235.34928056618082,0.0,225.5
2023-11-14,Thomas's Bar,Budweiser,644.2092805661807,0.0,0.0
2023-11-15,Thomas's Bar,Budweiser,1053.0692805661806,0.0,0.0
2023-11-16,Thomas's Bar,Budweiser,1278.5692805661806,0.0,0.0
2023-11-17,Thomas's Bar,Budweiser,1278.5692805661806,0.0,0.0
2023-11-18,Thomas's Bar,Budweiser,1278.5692805661806,0.0,0.0
2023-11-19,Thomas's Bar,Budweiser,1278.5692805661806,0.0,0.0
2023-11-20,Thomas's Bar,Budweiser,881.6692805661806,396.9,0.0
2023-11-21,Thomas's Bar,Budweiser,881.6692805661806,0.0,0.0
2023-11-22,Thomas's Bar,Budweiser,881.6692805661806,0.0,0.0
2023-11-23,Thomas's Bar,Budweiser,881.6692805661806,0.0,0.0
2023-11-24,Thomas's Bar,Budweiser,881.6692805661806,0.0,0.0
2023-11-25,Thomas's Bar,Budweiser,881.6692805661806,0.0,0.0
2023-11-26,Thomas's Bar,Budweiser,881.6692805661806,0.0,0.0
2023-11-27,Thomas's Bar,Budweiser,881.6692805661806,0.0,0.0
2023-11-28,Thomas's Bar,Budweiser,881.6692805661806,0.0,0.0
2023-11-29,Thomas's Bar,Budweiser,375.6392805661807,506.03,85.21000000000015
2023-11-30,Thomas's Bar,Budweiser,375.6392805661807,0.0,85.21000000000015
2023-12-01,Thomas's Bar,Budweiser,375.6392805661807,0.0,85.21000000000015
2023-12-02,Thomas's Bar,Budweiser,460.8492805661808,0.0,0.0
2023-12-03,Thomas's Bar,Budweiser,546.059280566181,0.0,0.0
2023-12-04,Thomas's Bar,Budweiser,631.2692805661811,0.0,0.0
2023-12-05,Thomas's Bar,Budweiser,253.56928056618113,377.7,207.2799999999997
2023-12-06,Thomas's Bar,Budweiser,0.0,428.03,460.8492805661808
2023-12-07,Thomas's Bar,Budweiser,0.0,0.0,460.8492805661808
2023-12-08,Thomas's Bar,Budweiser,207.2799999999997,0.0,253.56928056618113
2023-12-09,Thomas's Bar,Budweiser,668.1292805661806,0.0,0.0
2023-12-10,Thomas's Bar,Budweiser,1128.9785611323614,0.0,0.0
2023-12-11,Thomas's Bar,Budweiser,1382.5478416985425,0.0,0.0
2023-12-12,Thomas's Bar,Budweiser,1238.0678416985425,144.48,0.0
2023-12-13,Thomas's Bar,Budweiser,1022.2378416985424,215.83,0.0
2023-12-14,Thomas's Bar,Budweiser,759.5578416985425,262.68,0.0
2023-12-15,Thomas's Bar,Budweiser,759.5578416985425,0.0,0.0
2023-12-16,Thomas's Bar,Budweiser,343.12784169854245,416.43,117.72143886763837
2023-12-17,Thomas's Bar,Budweiser,343.12784169854245,0.0,117.72143886763837
2023-12-18,Thomas's Bar,Budweiser,343.12784169854245,0.0,117.72143886763837
2023-12-19,Thomas's Bar,Budweiser,460.8492805661808,0.0,0.0
2023-12-20,Thomas's Bar,Budweiser,578.5707194338192,0.0,0.0
2023-12-21,Thomas's Bar,Budweiser,696.2921583014577,0.0,0.0
2023-12-22,Thomas's Bar,Budweiser,345.18215830145766,351.11,115.66712226472316
2023-12-23,Thomas's Bar,Budweiser,345.18215830145766,0.0,115.66712226472316
2023-12-24,Thomas's Bar,Budweiser,345.18215830145766,0.0,115.66712226472316
2023-12-25,Thomas's Bar,Budweiser,460.8492805661808,0.0,0.0
2023-12-26,Thomas's Bar,Budweiser,576.516402830904,0.0,0.0
2023-12-27,Thomas's Bar,Budweiser,692.1835250956271,0.0,0.0
2023-12-28,Thomas's Bar,Budweiser,692.1835250956271,0.0,0.0
2023-12-29,Thomas's Bar,Budweiser,692.1835250956271,0.0,0.0
2023-12-30,Thomas's Bar,Budweiser,692.1835250956271,0.0,0.0
2023-12-31,Thomas's Bar,Budweiser,692.1835250956271,0.0,0.0
2024-01-01,Thomas's Bar,Budweiser,692.1835250956271,0.0,0.0
2023-10-23,Thomas's Bar,Captain Morgan,529.3708292198962,0.0,0.0
2023-10-24,Thomas's Bar,Captain Morgan,529.3708292198962,0.0,0.0
2023-10-25,Thomas's Bar,Captain Morgan,529.3708292198962,0.0,0.0
2023-10-26,Thomas's Bar,Captain Morgan,529.3708292198962,0.0,0.0
2023-10-27,Thomas's Bar,Captain Morgan,529.3708292198962,0.0,0.0
2023-10-28,Thomas's Bar,Captain Morgan,529.3708292198962,0.0,0.0
2023-10-29,Thomas's Bar,Captain Morgan,529.3708292198962,0.0,0.0
2023-10-30,Thomas's Bar,Captain Morgan,529.3708292198962,0.0,0.0
2023-10-31,Thomas's Bar,Captain Morgan,529.3708292198962,0.0,0.0
2023-11-01,Thomas's Bar,Captain Morgan,529.3708292198962,0.0,0.0
2023-11-02,Thomas's Bar,Captain Morgan,0.0,541.31,529.3708292198962
2023-11-03,Thomas's Bar,Captain Morgan,0.0,0.0,529.3708292198962
2023-11-04,Thomas's Bar,Captain Morgan,0.0,0.0,529.3708292198962
2023-11-05,Thomas's Bar,Captain Morgan,251.60082921989624,277.77,277.77
2023-11-06,Thomas's Bar,Captain Morgan,780.9716584397925,0.0,0.0
2023-11-07,Thomas's Bar,Captain Morgan,730.4824876596887,579.86,0.0
2023-11-08,Thomas's Bar,Captain Morgan,1008.2524876596887,0.0,0.0
2023-11-09,Thomas's Bar,Captain Morgan,1008.2524876596887,0.0,0.0
2023-11-10,Thomas's Bar,Captain Morgan,1008.2524876596887,0.0,0.0
2023-11-11,Thomas's Bar,Captain Morgan,885.4524876596887,122.8,0.0
2023-11-12,Thomas's Bar,Captain Morgan,885.4524876596887,0.0,0.0
2023-11-13,Thomas's Bar,Captain Morgan,885.4524876596887,0.0,0.0
2023-11-14,Thomas's Bar,Captain Morgan,885.4524876596887,0.0,0.0
2023-11-15,Thomas's Bar,Captain Morgan,885.4524876596887,0.0,0.0
2023-11-16,Thomas's Bar,Captain Morgan,615.8824876596886,269.57,0.0
2023-11-17,Thomas's Bar,Captain Morgan,615.8824876596886,0.0,0.0
2023-11-18,Thomas's Bar,Captain Morgan,615.8824876596886,0.0,0.0
2023-11-19,Thomas's Bar,Captain Morgan,446.32248765968865,169.56,83.04834156020758
2023-11-20,Thomas's Bar,Captain Morgan,446.32248765968865,0.0,83.04834156020758
2023-11-21,Thomas's Bar,Captain Morgan,446.32248765968865,0.0,83.04834156020758
2023-11-22,Thomas's Bar,Captain Morgan,529.3708292198962,0.0,0.0
2023-11-23,Thomas's Bar,Captain Morgan,612.4191707801037,0.0,0.0
2023-11-24,Thomas's Bar,Captain Morgan,695.4675123403113,0.0,0.0
2023-11-25,Thomas's Bar,Captain Morgan,539.1775123403113,156.29,0.0
2023-11-26,Thomas's Bar,Captain Morgan,539.1775123403113,0.0,0.0
2023-11-27,Thomas's Bar,Captain Morgan,539.1775123403113,0.0,0.0
2023-11-28,Thomas's Bar,Captain Morgan,539.1775123403113,0.0,0.0
2023-11-29,Thomas's Bar,Captain Morgan,539.1775123403113,0.0,0.0
2023-11-30,Thomas's Bar,Captain Morgan,539.1775123403113,0.0,0.0
2023-12-01,Thomas's Bar,Captain Morgan,539.1775123403113,0.0,0.0
2023-12-02,Thomas's Bar,Captain Morgan,539.1775123403113,0.0,0.0
2023-12-03,Thomas's Bar,Captain Morgan,539.1775123403113,0.0,0.0
2023-12-04,Thomas's Bar,Captain Morgan,264.6075123403113,274.57,264.7633168795849
2023-12-05,Thomas's Bar,Captain Morgan,264.6075123403113,0.0,264.7633168795849
2023-12-06,Thomas's Bar,Captain Morgan,0.0,300.55,529.3708292198962
2023-12-07,Thomas's Bar,Captain Morgan,264.7633168795849,0.0,264.6075123403113
2023-12-08,Thomas's Bar,Captain Morgan,529.5266337591698,0.0,0.0
2023-12-09,Thomas's Bar,Captain Morgan,1058.897462979066,0.0,0.0
2023-12-10,Thomas's Bar,Captain Morgan,1323.5049753193773,0.0,0.0
2023-12-11,Thomas's Bar,Captain Morgan,733.2249753193773,590.28,0.0
2023-12-12,Thomas's Bar,Captain Morgan,733.2249753193773,0.0,0.0
2023-12-13,Thomas's Bar,Captain Morgan,196.42497531937738,536.8,332.94585390051884
2023-12-14,Thomas's Bar,Captain Morgan,196.42497531937738,0.0,332.94585390051884
2023-12-15,Thomas's Bar,Captain Morgan,0.0,237.35,529.3708292198962
2023-12-16,Thomas's Bar,Captain Morgan,332.94585390051884,0.0,196.42497531937738
2023-12-17,Thomas's Bar,Captain Morgan,665.8917078010377,0.0,0.0
2023-12-18,Thomas's Bar,Captain Morgan,1195.262537020934,0.0,0.0
2023-12-19,Thomas's Bar,Captain Morgan,1267.7475123403112,123.94,0.0
2023-12-20,Thomas's Bar,Captain Morgan,1267.7475123403112,0.0,0.0
2023-12-21,Thomas's Bar,Captain Morgan,1267.7475123403112,0.0,0.0
2023-12-22,Thomas's Bar,Captain Morgan,1267.7475123403112,0.0,0.0
2023-12-23,Thomas's Bar,Captain Morgan,1267.7475123403112,0.0,0.0
2023-12-24,Thomas's Bar,Captain Morgan,1267.7475123403112,0.0,0.0
2023-12-25,Thomas's Bar,Captain Morgan,1267.7475123403112,0.0,0.0
2023-12-26,Thomas's Bar,Captain Morgan,1267.7475123403112,0.0,0.0
2023-12-27,Thomas's Bar,Captain Morgan,1267.7475123403112,0.0,0.0
2023-12-28,Thomas's Bar,Captain Morgan,1267.7475123403112,0.0,0.0
2023-12-29,Thomas's Bar,Captain Morgan,1267.7475123403112,0.0,0.0
2023-12-30,Thomas's Bar,Captain Morgan,1267.7475123403112,0.0,0.0
2023-12-31,Thomas's Bar,Captain Morgan,1267.7475123403112,0.0,0.0
2024-01-01,Thomas's Bar,Captain Morgan,1267.7475123403112,0.0,0.0
2023-10-23,Thomas's Bar,Coors,441.7087146277835,0.0,0.0
2023-10-24,Thomas's Bar,Coors,441.7087146277835,0.0,0.0
2023-10-25,Thomas's Bar,Coors,441.7087146277835,0.0,0.0
2023-10-26,Thomas's Bar,Coors,441.7087146277835,0.0,0.0
2023-10-27,Thomas's Bar,Coors,441.7087146277835,0.0,0.0
2023-10-28,Thomas's Bar,Coors,441.7087146277835,0.0,0.0
2023-10-29,Thomas's Bar,Coors,441.7087146277835,0.0,0.0
2023-10-30,Thomas's Bar,Coors,441.7087146277835,0.0,0.0
2023-10-31,Thomas's Bar,Coors,441.7087146277835,0.0,0.0
2023-11-01,Thomas's Bar,Coors,441.7087146277835,0.0,0.0
2023-11-02,Thomas's Bar,Coors,441.7087146277835,0.0,0.0
2023-11-03,Thomas's Bar,Coors,29.278714627783472,412.43,412.43
2023-11-04,Thomas's Bar,Coors,29.278714627783472,0.0,412.43
2023-11-05,Thomas's Bar,Coors,29.278714627783472,0.0,412.43
2023-11-06,Thomas's Bar,Coors,441.7087146277835,0.0,0.0
2023-11-07,Thomas's Bar,Coors,854.1387146277834,0.0,0.0
2023-11-08,Thomas's Bar,Coors,1266.5687146277835,0.0,0.0
2023-11-09,Thomas's Bar,Coors,1266.5687146277835,0.0,0.0
2023-11-10,Thomas's Bar,Coors,1266.5687146277835,0.0,0.0
2023-11-11,Thomas's Bar,Coors,1266.5687146277835,0.0,0.0
2023-11-12,Thomas's Bar,Coors,1266.5687146277835,0.0,0.0
2023-11-13,Thomas's Bar,Coors,1266.5687146277835,0.0,0.0
2023-11-14,Thomas's Bar,Coors,1057.5287146277835,209.04,0.0
2023-11-15,Thomas's Bar,Coors,610.0087146277835,447.52,0.0
2023-11-16,Thomas's Bar,Coors,610.0087146277835,0.0,0.0
2023-11-17,Thomas's Bar,Coors,610.0087146277835,0.0,0.0
2023-11-18,Thomas's Bar,Coors,610.0087146277835,0.0,0.0
2023-11-19,Thomas's Bar,Coors,610.0087146277835,0.0,0.0
2023-11-20,Thomas's Bar,Coors,610.0087146277835,0.0,0.0
2023-11-21,Thomas's Bar,Coors,610.0087146277835,0.0,0.0
2023-11-22,Thomas's Bar,Coors,98.32871462778354,511.68,343.37999999999994
2023-11-23,Thomas's Bar,Coors,98.32871462778354,0.0,343.37999999999994
2023-11-24,Thomas's Bar,Coors,98.32871462778354,0.0,343.37999999999994
2023-11-25,Thomas's Bar,Coors,441.7087146277835,0.0,0.0
2023-11-26,Thomas's Bar,Coors,785.0887146277835,0.0,0.0
2023-11-27,Thomas's Bar,Coors,1128.4687146277834,0.0,0.0
2023-11-28,Thomas's Bar,Coors,1128.4687146277834,0.0,0.0
2023-11-29,Thomas's Bar,Coors,1128.4687146277834,0.0,0.0
2023-11-30,Thomas's Bar,Coors,1128.4687146277834,0.0,0.0
2023-12-01,Thomas's Bar,Coors,1128.4687146277834,0.0,0.0
2023-12-02,Thomas's Bar,Coors,1128.4687146277834,0.0,0.0
2023-12-03,Thomas's Bar,Coors,1128.4687146277834,0.0,0.0
2023-12-04,Thomas's Bar,Coors,1128.4687146277834,0.0,0.0
2023-12-05,Thomas's Bar,Coors,1128.4687146277834,0.0,0.0
2023-12-06,Thomas's Bar,Coors,1128.4687146277834,0.0,0.0
2023-12-07,Thomas's Bar,Coors,1128.4687146277834,0.0,0.0
2023-12-08,Thomas's Bar,Coors,1128.4687146277834,0.0,0.0
2023-12-09,Thomas's Bar,Coors,1128.4687146277834,0.0,0.0
2023-12-10,Thomas's Bar,Coors,1128.4687146277834,0.0,0.0
2023-12-11,Thomas's Bar,Coors,1128.4687146277834,0.0,0.0
2023-12-12,Thomas's Bar,Coors,1128.4687146277834,0.0,0.0
2023-12-13,Thomas's Bar,Coors,1128.4687146277834,0.0,0.0
2023-12-14,Thomas's Bar,Coors,1128.4687146277834,0.0,0.0
2023-12-15,Thomas's Bar,Coors,1128.4687146277834,0.0,0.0
2023-12-16,Thomas's Bar,Coors,1128.4687146277834,0.0,0.0
2023-12-17,Thomas's Bar,Coors,1128.4687146277834,0.0,0.0
2023-12-18,Thomas's Bar,Coors,1128.4687146277834,0.0,0.0
2023-12-19,Thomas's Bar,Coors,1128.4687146277834,0.0,0.0
2023-12-20,Thomas's Bar,Coors,1128.4687146277834,0.0,0.0
2023-12-21,Thomas's Bar,Coors,1128.4687146277834,0.0,0.0
2023-12-22,Thomas's Bar,Coors,1128.4687146277834,0.0,0.0
2023-12-23,Thomas's Bar,Coors,1128.4687146277834,0.0,0.0
2023-12-24,Thomas's Bar,Coors,1128.4687146277834,0.0,0.0
2023-12-25,Thomas's Bar,Coors,1128.4687146277834,0.0,0.0
2023-12-26,Thomas's Bar,Coors,1128.4687146277834,0.0,0.0
2023-12-27,Thomas's Bar,Coors,1128.4687146277834,0.0,0.0
2023-12-28,Thomas's Bar,Coors,594.7487146277833,533.72,0.0
2023-12-29,Thomas's Bar,Coors,594.7487146277833,0.0,0.0
2023-12-30,Thomas's Bar,Coors,594.7487146277833,0.0,0.0
2023-12-31,Thomas's Bar,Coors,594.7487146277833,0.0,0.0
2024-01-01,Thomas's Bar,Coors,594.7487146277833,0.0,0.0
2023-10-23,Thomas's Bar,Grey Goose,659.5472086955984,0.0,0.0
2023-10-24,Thomas's Bar,Grey Goose,659.5472086955984,0.0,0.0
2023-10-25,Thomas's Bar,Grey Goose,659.5472086955984,0.0,0.0
2023-10-26,Thomas's Bar,Grey Goose,659.5472086955984,0.0,0.0
2023-10-27,Thomas's Bar,Grey Goose,659.5472086955984,0.0,0.0
2023-10-28,Thomas's Bar,Grey Goose,383.60720869559844,275.94,275.94
2023-10-29,Thomas's Bar,Grey Goose,383.60720869559844,0.0,275.94
2023-10-30,Thomas's Bar,Grey Goose,383.60720869559844,0.0,275.94
2023-10-31,Thomas's Bar,Grey Goose,659.5472086955984,0.0,0.0
2023-11-01,Thomas's Bar,Grey Goose,935.4872086955984,0.0,0.0
2023-11-02,Thomas's Bar,Grey Goose,1211.4272086955984,0.0,0.0
2023-11-03,Thomas's Bar,Grey Goose,1211.4272086955984,0.0,0.0
2023-11-04,Thomas's Bar,Grey Goose,774.9472086955984,436.48,0.0
2023-11-05,Thomas's Bar,Grey Goose,774.9472086955984,0.0,0.0
2023-11-06,Thomas's Bar,Grey Goose,587.8872086955985,187.06,71.65999999999997
2023-11-07,Thomas's Bar,Grey Goose,587.8872086955985,0.0,71.65999999999997
2023-11-08,Thomas's Bar,Grey Goose,587.8872086955985,0.0,71.65999999999997
2023-11-09,Thomas's Bar,Grey Goose,659.5472086955984,0.0,0.0
2023-11-10,Thomas's Bar,Grey Goose,731.2072086955984,0.0,0.0
2023-11-11,Thomas's Bar,Grey Goose,802.8672086955984,0.0,0.0
2023-11-12,Thomas's Bar,Grey Goose,802.8672086955984,0.0,0.0
2023-11-13,Thomas's Bar,Grey Goose,669.3372086955984,133.53,0.0
2023-11-14,Thomas's Bar,Grey Goose,669.3372086955984,0.0,0.0
2023-11-15,Thomas's Bar,Grey Goose,669.3372086955984,0.0,0.0
2023-11-16,Thomas's Bar,Grey Goose,286.1472086955984,383.19,373.40000000000003
2023-11-17,Thomas's Bar,Grey Goose,286.1472086955984,0.0,373.40000000000003
2023-11-18,Thomas's Bar,Grey Goose,286.1472086955984,0.0,373.40000000000003
2023-11-19,Thomas's Bar,Grey Goose,422.23720869559844,237.31,237.31
2023-11-20,Thomas's Bar,Grey Goose,795.6372086955985,0.0,0.0
2023-11-21,Thomas's Bar,Grey Goose,1169.0372086955986,0.0,0.0
2023-11-22,Thomas's Bar,Grey Goose,1406.3472086955985,0.0,0.0
2023-11-23,Thomas's Bar,Grey Goose,1406.3472086955985,0.0,0.0
2023-11-24,Thomas's Bar,Grey Goose,1406.3472086955985,0.0,0.0
2023-11-25,Thomas's Bar,Grey Goose,1220.0572086955985,186.29,0.0
2023-11-26,Thomas's Bar,Grey Goose,1220.0572086955985,0.0,0.0
2023-11-27,Thomas's Bar,Grey Goose,1220.0572086955985,0.0,0.0
2023-11-28,Thomas's Bar,Grey Goose,861.7672086955986,358.29,0.0
2023-11-29,Thomas's Bar,Grey Goose,861.7672086955986,0.0,0.0
2023-11-30,Thomas's Bar,Grey Goose,861.7672086955986,0.0,0.0
2023-12-01,Thomas's Bar,Grey Goose,422.2172086955986,439.55,237.32999999999987
2023-12-02,Thomas's Bar,Grey Goose,308.35720869559856,113.86,351.1899999999999
2023-12-03,Thomas's Bar,Grey Goose,0.0,557.46,659.5472086955984
2023-12-04,Thomas's Bar,Grey Goose,237.32999999999987,0.0,422.2172086955986
2023-12-05,Thomas's Bar,Grey Goose,588.5199999999998,0.0,71.02720869559869
2023-12-06,Thomas's Bar,Grey Goose,1248.0672086955983,0.0,0.0
2023-12-07,Thomas's Bar,Grey Goose,1071.334417391197,598.95,0.0
2023-12-08,Thomas's Bar,Grey Goose,1142.3616260867957,0.0,0.0
2023-12-09,Thomas's Bar,Grey Goose,865.8916260867957,276.47,0.0
2023-12-10,Thomas's Bar,Grey Goose,865.8916260867957,0.0,0.0
2023-12-11,Thomas's Bar,Grey Goose,865.8916260867957,0.0,0.0
2023-12-12,Thomas's Bar,Grey Goose,865.8916260867957,0.0,0.0
2023-12-13,Thomas's Bar,Grey Goose,865.8916260867957,0.0,0.0
2023-12-14,Thomas's Bar,Grey Goose,865.8916260867957,0.0,0.0
2023-12-15,Thomas's Bar,Grey Goose,654.6216260867957,211.27,4.925582608802756
2023-12-16,Thomas's Bar,Grey Goose,654.6216260867957,0.0,4.925582608802756
2023-12-17,Thomas's Bar,Grey Goose,654.6216260867957,0.0,4.925582608802756
2023-12-18,Thomas's Bar,Grey Goose,268.34720869559845,391.2,391.2
2023-12-19,Thomas's Bar,Grey Goose,273.2727913044012,0.0,386.27441739119723
2023-12-20,Thomas's Bar,Grey Goose,0.0,366.02,659.5472086955984
2023-12-21,Thomas's Bar,Grey Goose,391.2,0.0,268.34720869559845
2023-12-22,Thomas's Bar,Grey Goose,777.4744173911972,0.0,0.0
2023-12-23,Thomas's Bar,Grey Goose,1041.0516260867955,395.97,0.0
2023-12-24,Thomas's Bar,Grey Goose,1309.398834782394,0.0,0.0
2023-12-25,Thomas's Bar,Grey Goose,1309.398834782394,0.0,0.0
2023-12-26,Thomas's Bar,Grey Goose,735.668834782394,573.73,0.0
2023-12-27,Thomas's Bar,Grey Goose,206.50883478239405,529.16,453.0383739132044
2023-12-28,Thomas's Bar,Grey Goose,206.50883478239405,0.0,453.0383739132044
2023-12-29,Thomas's Bar,Grey Goose,206.50883478239405,0.0,453.0383739132044
2023-12-30,Thomas's Bar,Grey Goose,659.5472086955984,0.0,0.0
2023-12-31,Thomas's Bar,Grey Goose,1112.5855826088027,0.0,0.0
2024-01-01,Thomas's Bar,Grey Goose,1565.6239565220071,0.0,0.0
2023-10-23,Thomas's Bar,Heineken,458.02414204217314,0.0,0.0
2023-10-24,Thomas's Bar,Heineken,458.02414204217314,0.0,0.0
2023-10-25,Thomas's Bar,Heineken,458.02414204217314,0.0,0.0
2023-10-26,Thomas's Bar,Heineken,458.02414204217314,0.0,0.0
2023-10-27,Thomas's Bar,Heineken,157.63414204217315,300.39,300.39
2023-10-28,Thomas's Bar,Heineken,157.63414204217315,0.0,300.39
2023-10-29,Thomas's Bar,Heineken,157.63414204217315,0.0,300.39
2023-10-30,Thomas's Bar,Heineken,458.02414204217314,0.0,0.0
2023-10-31,Thomas's Bar,Heineken,758.4141420421731,0.0,0.0
2023-11-01,Thomas's Bar,Heineken,1058.8041420421732,0.0,0.0
2023-11-02,Thomas's Bar,Heineken,1058.8041420421732,0.0,0.0
2023-11-03,Thomas's Bar,Heineken,1058.8041420421732,0.0,0.0
2023-11-04,Thomas's Bar,Heineken,1058.8041420421732,0.0,0.0
2023-11-05,Thomas's Bar,Heineken,1058.8041420421732,0.0,0.0
2023-11-06,Thomas's Bar,Heineken,1058.8041420421732,0.0,0.0
2023-11-07,Thomas's Bar,Heineken,1058.8041420421732,0.0,0.0
2023-11-08,Thomas's Bar,Heineken,1058.8041420421732,0.0,0.0
2023-11-09,Thomas's Bar,Heineken,1058.8041420421732,0.0,0.0
2023-11-10,Thomas's Bar,Heineken,1058.8041420421732,0.0,0.0
2023-11-11,Thomas's Bar,Heineken,1058.8041420421732,0.0,0.0
2023-11-12,Thomas's Bar,Heineken,1058.8041420421732,0.0,0.0
2023-11-13,Thomas's Bar,Heineken,1058.8041420421732,0.0,0.0
2023-11-14,Thomas's Bar,Heineken,1058.8041420421732,0.0,0.0
2023-11-15,Thomas's Bar,Heineken,1058.8041420421732,0.0,0.0
2023-11-16,Thomas's Bar,Heineken,1058.8041420421732,0.0,0.0
2023-11-17,Thomas's Bar,Heineken,1058.8041420421732,0.0,0.0
2023-11-18,Thomas's Bar,Heineken,1058.8041420421732,0.0,0.0
2023-11-19,Thomas's Bar,Heineken,1058.8041420421732,0.0,0.0
2023-11-20,Thomas's Bar,Heineken,1058.8041420421732,0.0,0.0
2023-11-21,Thomas's Bar,Heineken,1058.8041420421732,0.0,0.0
2023-11-22,Thomas's Bar,Heineken,1058.8041420421732,0.0,0.0
2023-11-23,Thomas's Bar,Heineken,1058.8041420421732,0.0,0.0
2023-11-24,Thomas's Bar,Heineken,1058.8041420421732,0.0,0.0
2023-11-25,Thomas's Bar,Heineken,1058.8041420421732,0.0,0.0
2023-11-26,Thomas's Bar,Heineken,1058.8041420421732,0.0,0.0
2023-11-27,Thomas's Bar,Heineken,1058.8041420421732,0.0,0.0
2023-11-28,Thomas's Bar,Heineken,665.3341420421732,393.47,0.0
2023-11-29,Thomas's Bar,Heineken,665.3341420421732,0.0,0.0
2023-11-30,Thomas's Bar,Heineken,665.3341420421732,0.0,0.0
2023-12-01,Thomas's Bar,Heineken,665.3341420421732,0.0,0.0
2023-12-02,Thomas's Bar,Heineken,665.3341420421732,0.0,0.0
2023-12-03,Thomas's Bar,Heineken,665.3341420421732,0.0,0.0
2023-12-04,Thomas's Bar,Heineken,665.3341420421732,0.0,0.0
2023-12-05,Thomas's Bar,Heineken,665.3341420421732,0.0,0.0
2023-12-06,Thomas's Bar,Heineken,665.3341420421732,0.0,0.0
2023-12-07,Thomas's Bar,Heineken,665.3341420421732,0.0,0.0
2023-12-08,Thomas's Bar,Heineken,665.3341420421732,0.0,0.0
2023-12-09,Thomas's Bar,Heineken,665.3341420421732,0.0,0.0
2023-12-10,Thomas's Bar,Heineken,665.3341420421732,0.0,0.0
2023-12-11,Thomas's Bar,Heineken,665.3341420421732,0.0,0.0
2023-12-12,Thomas's Bar,Heineken,665.3341420421732,0.0,0.0
2023-12-13,Thomas's Bar,Heineken,665.3341420421732,0.0,0.0
2023-12-14,Thomas's Bar,Heineken,665.3341420421732,0.0,0.0
2023-12-15,Thomas's Bar,Heineken,665.3341420421732,0.0,0.0
2023-12-16,Thomas's Bar,Heineken,665.3341420421732,0.0,0.0
2023-12-17,Thomas's Bar,Heineken,665.3341420421732,0.0,0.0
2023-12-18,Thomas's Bar,Heineken,665.3341420421732,0.0,0.0
2023-12-19,Thomas's Bar,Heineken,665.3341420421732,0.0,0.0
2023-12-20,Thomas's Bar,Heineken,665.3341420421732,0.0,0.0
2023-12-21,Thomas's Bar,Heineken,665.3341420421732,0.0,0.0
2023-12-22,Thomas's Bar,Heineken,665.3341420421732,0.0,0.0
2023-12-23,Thomas's Bar,Heineken,665.3341420421732,0.0,0.0
2023-12-24,Thomas's Bar,Heineken,665.3341420421732,0.0,0.0
2023-12-25,Thomas's Bar,Heineken,665.3341420421732,0.0,0.0
2023-12-26,Thomas's Bar,Heineken,90.76414204217315,574.57,367.26
2023-12-27,Thomas's Bar,Heineken,90.76414204217315,0.0,367.26
2023-12-28,Thomas's Bar,Heineken,90.76414204217315,0.0,367.26
2023-12-29,Thomas's Bar,Heineken,458.02414204217314,0.0,0.0
2023-12-30,Thomas's Bar,Heineken,461.1641420421731,364.12,0.0
2023-12-31,Thomas's Bar,Heineken,828.4241420421731,0.0,0.0
2024-01-01,Thomas's Bar,Heineken,828.4241420421731,0.0,0.0
2023-10-23,Thomas's Bar,Jack Daniels,687.9431299455425,0.0,0.0
2023-10-24,Thomas's Bar,Jack Daniels,687.9431299455425,0.0,0.0
2023-10-25,Thomas's Bar,Jack Daniels,687.9431299455425,0.0,0.0
2023-10-26,Thomas's Bar,Jack Daniels,243.19312994554252,444.75,444.75
2023-10-27,Thomas's Bar,Jack Daniels,43.15312994554253,200.04,644.79
2023-10-28,Thomas's Bar,Jack Daniels,43.15312994554253,0.0,644.79
2023-10-29,Thomas's Bar,Jack Daniels,487.90312994554256,0.0,200.03999999999996
2023-10-30,Thomas's Bar,Jack Daniels,1132.6931299455425,0.0,0.0
2023-10-31,Thomas's Bar,Jack Daniels,1777.4831299455425,0.0,0.0
2023-11-01,Thomas's Bar,Jack Daniels,1977.5231299455425,0.0,0.0
2023-11-02,Thomas's Bar,Jack Daniels,1977.5231299455425,0.0,0.0
2023-11-03,Thomas's Bar,Jack Daniels,1977.5231299455425,0.0,0.0
2023-11-04,Thomas's Bar,Jack Daniels,1977.5231299455425,0.0,0.0
2023-11-05,Thomas's Bar,Jack Daniels,1977.5231299455425,0.0,0.0
2023-11-06,Thomas's Bar,Jack Daniels,1977.5231299455425,0.0,0.0
2023-11-07,Thomas's Bar,Jack Daniels,1977.5231299455425,0.0,0.0
2023-11-08,Thomas's Bar,Jack Daniels,1977.5231299455425,0.0,0.0
2023-11-09,Thomas's Bar,Jack Daniels,1977.5231299455425,0.0,0.0
2023-11-10,Thomas's Bar,Jack Daniels,1977.5231299455425,0.0,0.0
2023-11-11,Thomas's Bar,Jack Daniels,1977.5231299455425,0.0,0.0
2023-11-12,Thomas's Bar,Jack Daniels,1977.5231299455425,0.0,0.0
2023-11-13,Thomas's Bar,Jack Daniels,1977.5231299455425,0.0,0.0
2023-11-14,Thomas's Bar,Jack Daniels,1815.4131299455426,162.11,0.0
2023-11-15,Thomas's Bar,Jack Daniels,1815.4131299455426,0.0,0.0
2023-11-16,Thomas's Bar,Jack Daniels,1815.4131299455426,0.0,0.0
2023-11-17,Thomas's Bar,Jack Daniels,1815.4131299455426,0.0,0.0
2023-11-18,Thomas's Bar,Jack Daniels,1815.4131299455426,0.0,0.0
2023-11-19,Thomas's Bar,Jack Daniels,1815.4131299455426,0.0,0.0
2023-11-20,Thomas's Bar,Jack Daniels,1601.5631299455426,213.85,0.0
2023-11-21,Thomas's Bar,Jack Daniels,1135.8631299455426,465.7,0.0
2023-11-22,Thomas's Bar,Jack Daniels,1135.8631299455426,0.0,0.0
2023-11-23,Thomas's Bar,Jack Daniels,1135.8631299455426,0.0,0.0
2023-11-24,Thomas's Bar,Jack Daniels,1135.8631299455426,0.0,0.0
2023-11-25,Thomas's Bar,Jack Daniels,1135.8631299455426,0.0,0.0
2023-11-26,Thomas's Bar,Jack Daniels,1135.8631299455426,0.0,0.0
2023-11-27,Thomas's Bar,Jack Daniels,1135.8631299455426,0.0,0.0
2023-11-28,Thomas's Bar,Jack Daniels,1135.8631299455426,0.0,0.0
2023-11-29,Thomas's Bar,Jack Daniels,1135.8631299455426,0.0,0.0
2023-11-30,Thomas's Bar,Jack Daniels,1135.8631299455426,0.0,0.0
2023-12-01,Thomas's Bar,Jack Daniels,1135.8631299455426,0.0,0.0
2023-12-02,Thomas's Bar,Jack Daniels,1135.8631299455426,0.0,0.0
2023-12-03,Thomas's Bar,Jack Daniels,1135.8631299455426,0.0,0.0
2023-12-04,Thomas's Bar,Jack Daniels,1135.8631299455426,0.0,0.0
2023-12-05,Thomas's Bar,Jack Daniels,993.2031299455426,142.66,0.0
2023-12-06,Thomas's Bar,Jack Daniels,993.2031299455426,0.0,0.0
2023-12-07,Thomas's Bar,Jack Daniels,494.3531299455426,498.85,193.58999999999992
2023-12-08,Thomas's Bar,Jack Daniels,494.3531299455426,0.0,193.58999999999992
2023-12-09,Thomas's Bar,Jack Daniels,494.3531299455426,0.0,193.58999999999992
2023-12-10,Thomas's Bar,Jack Daniels,687.9431299455425,0.0,0.0
2023-12-11,Thomas's Bar,Jack Daniels,881.5331299455424,0.0,0.0
2023-12-12,Thomas's Bar,Jack Daniels,510.62312994554236,564.5,177.32000000000016
2023-12-13,Thomas's Bar,Jack Daniels,510.62312994554236,0.0,177.32000000000016
2023-12-14,Thomas's Bar,Jack Daniels,510.62312994554236,0.0,177.32000000000016
2023-12-15,Thomas's Bar,Jack Daniels,687.9431299455425,0.0,0.0
2023-12-16,Thomas's Bar,Jack Daniels,865.2631299455427,0.0,0.0
2023-12-17,Thomas's Bar,Jack Daniels,1042.5831299455429,0.0,0.0
2023-12-18,Thomas's Bar,Jack Daniels,1042.5831299455429,0.0,0.0
2023-12-19,Thomas's Bar,Jack Daniels,1042.5831299455429,0.0,0.0
2023-12-20,Thomas's Bar,Jack Daniels,1042.5831299455429,0.0,0.0
2023-12-21,Thomas's Bar,Jack Daniels,862.8931299455428,179.69,0.0
2023-12-22,Thomas's Bar,Jack Daniels,862.8931299455428,0.0,0.0
2023-12-23,Thomas's Bar,Jack Daniels,862.8931299455428,0.0,0.0
2023-12-24,Thomas's Bar,Jack Daniels,862.8931299455428,0.0,0.0
2023-12-25,Thomas's Bar,Jack Daniels,862.8931299455428,0.0,0.0
2023-12-26,Thomas's Bar,Jack Daniels,503.0431299455428,359.85,184.89999999999975
2023-12-27,Thomas's Bar,Jack Daniels,503.0431299455428,0.0,184.89999999999975
2023-12-28,Thomas's Bar,Jack Daniels,503.0431299455428,0.0,184.89999999999975
2023-12-29,Thomas's Bar,Jack Daniels,687.9431299455425,0.0,0.0
2023-12-30,Thomas's Bar,Jack Daniels,596.6231299455422,276.22,91.32000000000028
2023-12-31,Thomas's Bar,Jack Daniels,781.523129945542,0.0,0.0
2024-01-01,Thomas's Bar,Jack Daniels,781.523129945542,0.0,0.0
2023-10-23,Thomas's Bar,Jameson,506.3855597916404,0.0,0.0
2023-10-24,Thomas's Bar,Jameson,506.3855597916404,0.0,0.0
2023-10-25,Thomas's Bar,Jameson,506.3855597916404,0.0,0.0
2023-10-26,Thomas's Bar,Jameson,506.3855597916404,0.0,0.0
2023-10-27,Thomas's Bar,Jameson,506.3855597916404,0.0,0.0
2023-10-28,Thomas's Bar,Jameson,506.3855597916404,0.0,0.0
2023-10-29,Thomas's Bar,Jameson,506.3855597916404,0.0,0.0
2023-10-30,Thomas's Bar,Jameson,506.3855597916404,0.0,0.0
2023-10-31,Thomas's Bar,Jameson,506.3855597916404,0.0,0.0
2023-11-01,Thomas's Bar,Jameson,506.3855597916404,0.0,0.0
2023-11-02,Thomas's Bar,Jameson,506.3855597916404,0.0,0.0
2023-11-03,Thomas's Bar,Jameson,506.3855597916404,0.0,0.0
2023-11-04,Thomas's Bar,Jameson,506.3855597916404,0.0,0.0
2023-11-05,Thomas's Bar,Jameson,506.3855597916404,0.0,0.0
2023-11-06,Thomas's Bar,Jameson,506.3855597916404,0.0,0.0
2023-11-07,Thomas's Bar,Jameson,506.3855597916404,0.0,0.0
2023-11-08,Thomas's Bar,Jameson,506.3855597916404,0.0,0.0
2023-11-09,Thomas's Bar,Jameson,506.3855597916404,0.0,0.0
2023-11-10,Thomas's Bar,Jameson,506.3855597916404,0.0,0.0
2023-11-11,Thomas's Bar,Jameson,506.3855597916404,0.0,0.0
2023-11-12,Thomas's Bar,Jameson,506.3855597916404,0.0,0.0
2023-11-13,Thomas's Bar,Jameson,506.3855597916404,0.0,0.0
2023-11-14,Thomas's Bar,Jameson,506.3855597916404,0.0,0.0
2023-11-15,Thomas's Bar,Jameson,506.3855597916404,0.0,0.0
2023-11-16,Thomas's Bar,Jameson,506.3855597916404,0.0,0.0
2023-11-17,Thomas's Bar,Jameson,506.3855597916404,0.0,0.0
2023-11-18,Thomas's Bar,Jameson,506.3855597916404,0.0,0.0
2023-11-19,Thomas's Bar,Jameson,506.3855597916404,0.0,0.0
2023-11-20,Thomas's Bar,Jameson,506.3855597916404,0.0,0.0
2023-11-21,Thomas's Bar,Jameson,506.3855597916404,0.0,0.0
2023-11-22,Thomas's Bar,Jameson,506.3855597916404,0.0,0.0
2023-11-23,Thomas's Bar,Jameson,506.3855597916404,0.0,0.0
2023-11-24,Thomas's Bar,Jameson,506.3855597916404,0.0,0.0
2023-11-25,Thomas's Bar,Jameson,506.3855597916404,0.0,0.0
2023-11-26,Thomas's Bar,Jameson,506.3855597916404,0.0,0.0
2023-11-27,Thomas's Bar,Jameson,506.3855597916404,0.0,0.0
2023-11-28,Thomas's Bar,Jameson,506.3855597916404,0.0,0.0
2023-11-29,Thomas's Bar,Jameson,506.3855597916404,0.0,0.0
2023-11-30,Thomas's Bar,Jameson,506.3855597916404,0.0,0.0
2023-12-01,Thomas's Bar,Jameson,506.3855597916404,0.0,0.0
2023-12-02,Thomas's Bar,Jameson,506.3855597916404,0.0,0.0
2023-12-03,Thomas's Bar,Jameson,506.3855597916404,0.0,0.0
2023-12-04,Thomas's Bar,Jameson,506.3855597916404,0.0,0.0
2023-12-05,Thomas's Bar,Jameson,506.3855597916404,0.0,0.0
2023-12-06,Thomas's Bar,Jameson,506.3855597916404,0.0,0.0
2023-12-07,Thomas's Bar,Jameson,506.3855597916404,0.0,0.0
2023-12-08,Thomas's Bar,Jameson,506.3855597916404,0.0,0.0
2023-12-09,Thomas's Bar,Jameson,506.3855597916404,0.0,0.0
2023-12-10,Thomas's Bar,Jameson,506.3855597916404,0.0,0.0
2023-12-11,Thomas's Bar,Jameson,506.3855597916404,0.0,0.0
2023-12-12,Thomas's Bar,Jameson,506.3855597916404,0.0,0.0
2023-12-13,Thomas's Bar,Jameson,506.3855597916404,0.0,0.0
2023-12-14,Thomas's Bar,Jameson,506.3855597916404,0.0,0.0
2023-12-15,Thomas's Bar,Jameson,506.3855597916404,0.0,0.0
2023-12-16,Thomas's Bar,Jameson,506.3855597916404,0.0,0.0
2023-12-17,Thomas's Bar,Jameson,506.3855597916404,0.0,0.0
2023-12-18,Thomas's Bar,Jameson,506.3855597916404,0.0,0.0
2023-12-19,Thomas's Bar,Jameson,506.3855597916404,0.0,0.0
2023-12-20,Thomas's Bar,Jameson,506.3855597916404,0.0,0.0
2023-12-21,Thomas's Bar,Jameson,506.3855597916404,0.0,0.0
2023-12-22,Thomas's Bar,Jameson,506.3855597916404,0.0,0.0
2023-12-23,Thomas's Bar,Jameson,506.3855597916404,0.0,0.0
2023-12-24,Thomas's Bar,Jameson,506.3855597916404,0.0,0.0
2023-12-25,Thomas's Bar,Jameson,506.3855597916404,0.0,0.0
2023-12-26,Thomas's Bar,Jameson,506.3855597916404,0.0,0.0
2023-12-27,Thomas's Bar,Jameson,506.3855597916404,0.0,0.0
2023-12-28,Thomas's Bar,Jameson,506.3855597916404,0.0,0.0
2023-12-29,Thomas's Bar,Jameson,0.0,532.17,506.3855597916404
2023-12-30,Thomas's Bar,Jameson,0.0,0.0,506.3855597916404
2023-12-31,Thomas's Bar,Jameson,0.0,359.46,506.3855597916404
2024-01-01,Thomas's Bar,Jameson,506.3855597916404,0.0,0.0
2023-10-23,Thomas's Bar,Jim Beam,689.9858322895556,0.0,0.0
2023-10-24,Thomas's Bar,Jim Beam,188.69583228955554,501.29,501.29
2023-10-25,Thomas's Bar,Jim Beam,188.69583228955554,0.0,501.29
2023-10-26,Thomas's Bar,Jim Beam,188.69583228955554,0.0,501.29
2023-10-27,Thomas's Bar,Jim Beam,689.9858322895556,0.0,0.0
2023-10-28,Thomas's Bar,Jim Beam,1160.0258322895556,31.25,0.0
2023-10-29,Thomas's Bar,Jim Beam,1661.3158322895556,0.0,0.0
2023-10-30,Thomas's Bar,Jim Beam,1661.3158322895556,0.0,0.0
2023-10-31,Thomas's Bar,Jim Beam,1661.3158322895556,0.0,0.0
2023-11-01,Thomas's Bar,Jim Beam,1661.3158322895556,0.0,0.0
2023-11-02,Thomas's Bar,Jim Beam,1661.3158322895556,0.0,0.0
2023-11-03,Thomas's Bar,Jim Beam,1661.3158322895556,0.0,0.0
2023-11-04,Thomas's Bar,Jim Beam,1661.3158322895556,0.0,0.0
2023-11-05,Thomas's Bar,Jim Beam,1661.3158322895556,0.0,0.0
2023-11-06,Thomas's Bar,Jim Beam,1661.3158322895556,0.0,0.0
2023-11-07,Thomas's Bar,Jim Beam,1661.3158322895556,0.0,0.0
2023-11-08,Thomas's Bar,Jim Beam,1661.3158322895556,0.0,0.0
2023-11-09,Thomas's Bar,Jim Beam,1661.3158322895556,0.0,0.0
2023-11-10,Thomas's Bar,Jim Beam,1661.3158322895556,0.0,0.0
2023-11-11,Thomas's Bar,Jim Beam,1661.3158322895556,0.0,0.0
2023-11-12,Thomas's Bar,Jim Beam,1661.3158322895556,0.0,0.0
2023-11-13,Thomas's Bar,Jim Beam,1661.3158322895556,0.0,0.0
2023-11-14,Thomas's Bar,Jim Beam,1661.3158322895556,0.0,0.0
2023-11-15,Thomas's Bar,Jim Beam,1661.3158322895556,0.0,0.0
2023-11-16,Thomas's Bar,Jim Beam,1661.3158322895556,0.0,0.0
2023-11-17,Thomas's Bar,Jim Beam,1661.3158322895556,0.0,0.0
2023-11-18,Thomas's Bar,Jim Beam,1661.3158322895556,0.0,0.0
2023-11-19,Thomas's Bar,Jim Beam,1096.8858322895558,564.43,0.0
2023-11-20,Thomas's Bar,Jim Beam,1096.8858322895558,0.0,0.0
2023-11-21,Thomas's Bar,Jim Beam,1096.8858322895558,0.0,0.0
2023-11-22,Thomas's Bar,Jim Beam,1096.8858322895558,0.0,0.0
2023-11-23,Thomas's Bar,Jim Beam,1096.8858322895558,0.0,0.0
2023-11-24,Thomas's Bar,Jim Beam,583.7758322895558,513.11,106.20999999999981
2023-11-25,Thomas's Bar,Jim Beam,583.7758322895558,0.0,106.20999999999981
2023-11-26,Thomas's Bar,Jim Beam,361.0558322895557,222.72,328.92999999999984
2023-11-27,Thomas's Bar,Jim Beam,467.26583228955553,0.0,222.72000000000003
2023-11-28,Thomas's Bar,Jim Beam,104.92583228955533,468.55,585.0600000000002
2023-11-29,Thomas's Bar,Jim Beam,433.85583228955517,0.0,256.1300000000004
2023-11-30,Thomas's Bar,Jim Beam,656.5758322895551,0.0,33.41000000000042
2023-12-01,Thomas's Bar,Jim Beam,1241.6358322895553,0.0,0.0
2023-12-02,Thomas's Bar,Jim Beam,1497.7658322895556,0.0,0.0
2023-12-03,Thomas's Bar,Jim Beam,1358.3258322895563,172.85,0.0
2023-12-04,Thomas's Bar,Jim Beam,1048.9558322895564,309.37,0.0
2023-12-05,Thomas's Bar,Jim Beam,1048.9558322895564,0.0,0.0
2023-12-06,Thomas's Bar,Jim Beam,1048.9558322895564,0.0,0.0
2023-12-07,Thomas's Bar,Jim Beam,1048.9558322895564,0.0,0.0
2023-12-08,Thomas's Bar,Jim Beam,1048.9558322895564,0.0,0.0
2023-12-09,Thomas's Bar,Jim Beam,1048.9558322895564,0.0,0.0
2023-12-10,Thomas's Bar,Jim Beam,894.6658322895564,154.29,0.0
2023-12-11,Thomas's Bar,Jim Beam,894.6658322895564,0.0,0.0
2023-12-12,Thomas's Bar,Jim Beam,894.6658322895564,0.0,0.0
2023-12-13,Thomas's Bar,Jim Beam,894.6658322895564,0.0,0.0
2023-12-14,Thomas's Bar,Jim Beam,894.6658322895564,0.0,0.0
2023-12-15,Thomas's Bar,Jim Beam,894.6658322895564,0.0,0.0
2023-12-16,Thomas's Bar,Jim Beam,772.8458322895565,121.82,0.0
2023-12-17,Thomas's Bar,Jim Beam,600.3258322895565,172.52,89.65999999999906
2023-12-18,Thomas's Bar,Jim Beam,600.3258322895565,0.0,89.65999999999906
2023-12-19,Thomas's Bar,Jim Beam,600.3258322895565,0.0,89.65999999999906
2023-12-20,Thomas's Bar,Jim Beam,460.18583228955555,229.8,229.8
2023-12-21,Thomas's Bar,Jim Beam,549.8458322895547,0.0,140.1400000000009
2023-12-22,Thomas's Bar,Jim Beam,639.5058322895537,0.0,50.48000000000184
2023-12-23,Thomas's Bar,Jim Beam,869.3058322895538,0.0,0.0
2023-12-24,Thomas's Bar,Jim Beam,1009.4458322895547,0.0,0.0
2023-12-25,Thomas's Bar,Jim Beam,1059.9258322895566,0.0,0.0
2023-12-26,Thomas's Bar,Jim Beam,1059.9258322895566,0.0,0.0
2023-12-27,Thomas's Bar,Jim Beam,1059.9258322895566,0.0,0.0
2023-12-28,Thomas's Bar,Jim Beam,834.2858322895567,225.64,0.0
2023-12-29,Thomas's Bar,Jim Beam,834.2858322895567,0.0,0.0
2023-12-30,Thomas's Bar,Jim Beam,834.2858322895567,0.0,0.0
2023-12-31,Thomas's Bar,Jim Beam,834.2858322895567,0.0,0.0
2024-01-01,Thomas's Bar,Jim Beam,834.2858322895567,0.0,0.0
2023-10-23,Thomas's Bar,Malibu,614.2600011002287,0.0,0.0
2023-10-24,Thomas's Bar,Malibu,77.46000110022874,536.8,536.8
2023-10-25,Thomas's Bar,Malibu,77.46000110022874,0.0,536.8
2023-10-26,Thomas's Bar,Malibu,77.46000110022874,0.0,536.8
2023-10-27,Thomas's Bar,Malibu,614.2600011002287,0.0,0.0
2023-10-28,Thomas's Bar,Malibu,1151.0600011002286,0.0,0.0
2023-10-29,Thomas's Bar,Malibu,1687.8600011002286,0.0,0.0
2023-10-30,Thomas's Bar,Malibu,1687.8600011002286,0.0,0.0
2023-10-31,Thomas's Bar,Malibu,1687.8600011002286,0.0,0.0
2023-11-01,Thomas's Bar,Malibu,1687.8600011002286,0.0,0.0
2023-11-02,Thomas's Bar,Malibu,1687.8600011002286,0.0,0.0
2023-11-03,Thomas's Bar,Malibu,1687.8600011002286,0.0,0.0
2023-11-04,Thomas's Bar,Malibu,1687.8600011002286,0.0,0.0
2023-11-05,Thomas's Bar,Malibu,1687.8600011002286,0.0,0.0
2023-11-06,Thomas's Bar,Malibu,1687.8600011002286,0.0,0.0
2023-11-07,Thomas's Bar,Malibu,1687.8600011002286,0.0,0.0
2023-11-08,Thomas's Bar,Malibu,1687.8600011002286,0.0,0.0
2023-11-09,Thomas's Bar,Malibu,1499.5100011002287,188.35,0.0
2023-11-10,Thomas's Bar,Malibu,1499.5100011002287,0.0,0.0
2023-11-11,Thomas's Bar,Malibu,1499.5100011002287,0.0,0.0
2023-11-12,Thomas's Bar,Malibu,1307.6500011002286,191.86,0.0
2023-11-13,Thomas's Bar,Malibu,1191.0400011002287,116.61,0.0
2023-11-14,Thomas's Bar,Malibu,1191.0400011002287,0.0,0.0
2023-11-15,Thomas's Bar,Malibu,878.1900011002286,312.85,0.0
2023-11-16,Thomas's Bar,Malibu,878.1900011002286,0.0,0.0
2023-11-17,Thomas's Bar,Malibu,878.1900011002286,0.0,0.0
2023-11-18,Thomas's Bar,Malibu,878.1900011002286,0.0,0.0
2023-11-19,Thomas's Bar,Malibu,878.1900011002286,0.0,0.0
2023-11-20,Thomas's Bar,Malibu,616.8200011002286,261.37,0.0
2023-11-21,Thomas's Bar,Malibu,616.8200011002286,0.0,0.0
2023-11-22,Thomas's Bar,Malibu,616.8200011002286,0.0,0.0
2023-11-23,Thomas's Bar,Malibu,616.8200011002286,0.0,0.0
2023-11-24,Thomas's Bar,Malibu,616.8200011002286,0.0,0.0
2023-11-25,Thomas's Bar,Malibu,616.8200011002286,0.0,0.0
2023-11-26,Thomas's Bar,Malibu,507.0200011002286,109.8,107.24000000000007
2023-11-27,Thomas's Bar,Malibu,0.0,514.35,614.2600011002287
2023-11-28,Thomas's Bar,Malibu,0.0,0.0,614.2600011002287
2023-11-29,Thomas's Bar,Malibu,107.24000000000007,0.0,507.0200011002286
2023-11-30,Thomas's Bar,Malibu,721.5000011002287,0.0,0.0
2023-12-01,Thomas's Bar,Malibu,1335.7600022004574,0.0,0.0
2023-12-02,Thomas's Bar,Malibu,1842.780003300686,0.0,0.0
2023-12-03,Thomas's Bar,Malibu,1842.780003300686,0.0,0.0
2023-12-04,Thomas's Bar,Malibu,1842.780003300686,0.0,0.0
2023-12-05,Thomas's Bar,Malibu,1842.780003300686,0.0,0.0
2023-12-06,Thomas's Bar,Malibu,1842.780003300686,0.0,0.0
2023-12-07,Thomas's Bar,Malibu,1842.780003300686,0.0,0.0
2023-12-08,Thomas's Bar,Malibu,1842.780003300686,0.0,0.0
2023-12-09,Thomas's Bar,Malibu,1842.780003300686,0.0,0.0
2023-12-10,Thomas's Bar,Malibu,1842.780003300686,0.0,0.0
2023-12-11,Thomas's Bar,Malibu,1842.780003300686,0.0,0.0
2023-12-12,Thomas's Bar,Malibu,1842.780003300686,0.0,0.0
2023-12-13,Thomas's Bar,Malibu,1842.780003300686,0.0,0.0
2023-12-14,Thomas's Bar,Malibu,1842.780003300686,0.0,0.0
2023-12-15,Thomas's Bar,Malibu,1842.780003300686,0.0,0.0
2023-12-16,Thomas's Bar,Malibu,1842.780003300686,0.0,0.0
2023-12-17,Thomas's Bar,Malibu,1842.780003300686,0.0,0.0
2023-12-18,Thomas's Bar,Malibu,1842.780003300686,0.0,0.0
2023-12-19,Thomas's Bar,Malibu,1842.780003300686,0.0,0.0
2023-12-20,Thomas's Bar,Malibu,1842.780003300686,0.0,0.0
2023-12-21,Thomas's Bar,Malibu,1480.6400033006862,362.14,0.0
2023-12-22,Thomas's Bar,Malibu,1480.6400033006862,0.0,0.0
2023-12-23,Thomas's Bar,Malibu,1480.6400033006862,0.0,0.0
2023-12-24,Thomas's Bar,Malibu,1480.6400033006862,0.0,0.0
2023-12-25,Thomas's Bar,Malibu,1480.6400033006862,0.0,0.0
2023-12-26,Thomas's Bar,Malibu,1480.6400033006862,0.0,0.0
2023-12-27,Thomas's Bar,Malibu,1480.6400033006862,0.0,0.0
2023-12-28,Thomas's Bar,Malibu,1243.7000033006861,236.94,0.0
2023-12-29,Thomas's Bar,Malibu,1243.7000033006861,0.0,0.0
2023-12-30,Thomas's Bar,Malibu,814.5700033006862,429.13,0.0
2023-12-31,Thomas's Bar,Malibu,814.5700033006862,0.0,0.0
2024-01-01,Thomas's Bar,Malibu,814.5700033006862,0.0,0.0
2023-10-23,Thomas's Bar,Miller,680.5479310411763,0.0,0.0
2023-10-24,Thomas's Bar,Miller,680.5479310411763,0.0,0.0
2023-10-25,Thomas's Bar,Miller,680.5479310411763,0.0,0.0
2023-10-26,Thomas's Bar,Miller,295.2279310411763,385.32,385.32
2023-10-27,Thomas's Bar,Miller,295.2279310411763,0.0,385.32
2023-10-28,Thomas's Bar,Miller,295.2279310411763,0.0,385.32
2023-10-29,Thomas's Bar,Miller,680.5479310411763,0.0,0.0
2023-10-30,Thomas's Bar,Miller,1065.8679310411762,0.0,0.0
2023-10-31,Thomas's Bar,Miller,1451.1879310411762,0.0,0.0
2023-11-01,Thomas's Bar,Miller,1451.1879310411762,0.0,0.0
2023-11-02,Thomas's Bar,Miller,931.8679310411761,519.32,0.0
2023-11-03,Thomas's Bar,Miller,931.8679310411761,0.0,0.0
2023-11-04,Thomas's Bar,Miller,931.8679310411761,0.0,0.0
2023-11-05,Thomas's Bar,Miller,931.8679310411761,0.0,0.0
2023-11-06,Thomas's Bar,Miller,931.8679310411761,0.0,0.0
2023-11-07,Thomas's Bar,Miller,666.8579310411761,265.01,13.690000000000168
2023-11-08,Thomas's Bar,Miller,666.8579310411761,0.0,13.690000000000168
2023-11-09,Thomas's Bar,Miller,666.8579310411761,0.0,13.690000000000168
2023-11-10,Thomas's Bar,Miller,680.5479310411763,0.0,0.0
2023-11-11,Thomas's Bar,Miller,694.2379310411765,0.0,0.0
2023-11-12,Thomas's Bar,Miller,707.9279310411766,0.0,0.0
2023-11-13,Thomas's Bar,Miller,707.9279310411766,0.0,0.0
2023-11-14,Thomas's Bar,Miller,707.9279310411766,0.0,0.0
2023-11-15,Thomas's Bar,Miller,707.9279310411766,0.0,0.0
2023-11-16,Thomas's Bar,Miller,707.9279310411766,0.0,0.0
2023-11-17,Thomas's Bar,Miller,707.9279310411766,0.0,0.0
2023-11-18,Thomas's Bar,Miller,707.9279310411766,0.0,0.0
2023-11-19,Thomas's Bar,Miller,707.9279310411766,0.0,0.0
2023-11-20,Thomas's Bar,Miller,707.9279310411766,0.0,0.0
2023-11-21,Thomas's Bar,Miller,707.9279310411766,0.0,0.0
2023-11-22,Thomas's Bar,Miller,707.9279310411766,0.0,0.0
2023-11-23,Thomas's Bar,Miller,707.9279310411766,0.0,0.0
2023-11-24,Thomas's Bar,Miller,481.3779310411766,226.55,199.16999999999967
2023-11-25,Thomas's Bar,Miller,481.3779310411766,0.0,199.16999999999967
2023-11-26,Thomas's Bar,Miller,481.3779310411766,0.0,199.16999999999967
2023-11-27,Thomas's Bar,Miller,193.76793104117633,486.78,486.78
2023-11-28,Thomas's Bar,Miller,392.937931041176,0.0,287.6100000000003
2023-11-29,Thomas's Bar,Miller,592.1079310411757,0.0,88.44000000000062
2023-11-30,Thomas's Bar,Miller,1078.8879310411758,0.0,0.0
2023-12-01,Thomas's Bar,Miller,1366.4979310411761,0.0,0.0
2023-12-02,Thomas's Bar,Miller,1454.9379310411769,0.0,0.0
2023-12-03,Thomas's Bar,Miller,1454.9379310411769,0.0,0.0
2023-12-04,Thomas's Bar,Miller,1454.9379310411769,0.0,0.0
2023-12-05,Thomas's Bar,Miller,1454.9379310411769,0.0,0.0
2023-12-06,Thomas's Bar,Miller,1454.9379310411769,0.0,0.0
2023-12-07,Thomas's Bar,Miller,1454.9379310411769,0.0,0.0
2023-12-08,Thomas's Bar,Miller,1454.9379310411769,0.0,0.0
2023-12-09,Thomas's Bar,Miller,1454.9379310411769,0.0,0.0
2023-12-10,Thomas's Bar,Miller,1454.9379310411769,0.0,0.0
2023-12-11,Thomas's Bar,Miller,858.9379310411769,596.0,0.0
2023-12-12,Thomas's Bar,Miller,858.9379310411769,0.0,0.0
2023-12-13,Thomas's Bar,Miller,858.9379310411769,0.0,0.0
2023-12-14,Thomas's Bar,Miller,858.9379310411769,0.0,0.0
2023-12-15,Thomas's Bar,Miller,858.9379310411769,0.0,0.0
2023-12-16,Thomas's Bar,Miller,858.9379310411769,0.0,0.0
2023-12-17,Thomas's Bar,Miller,858.9379310411769,0.0,0.0
2023-12-18,Thomas's Bar,Miller,858.9379310411769,0.0,0.0
2023-12-19,Thomas's Bar,Miller,858.9379310411769,0.0,0.0
2023-12-20,Thomas's Bar,Miller,858.9379310411769,0.0,0.0
2023-12-21,Thomas's Bar,Miller,309.69793104117684,549.24,370.84999999999945
2023-12-22,Thomas's Bar,Miller,309.69793104117684,0.0,370.84999999999945
2023-12-23,Thomas's Bar,Miller,309.69793104117684,0.0,370.84999999999945
2023-12-24,Thomas's Bar,Miller,680.5479310411763,0.0,0.0
2023-12-25,Thomas's Bar,Miller,1051.3979310411758,0.0,0.0
2023-12-26,Thomas's Bar,Miller,1422.2479310411752,0.0,0.0
2023-12-27,Thomas's Bar,Miller,1422.2479310411752,0.0,0.0
2023-12-28,Thomas's Bar,Miller,1422.2479310411752,0.0,0.0
2023-12-29,Thomas's Bar,Miller,1422.2479310411752,0.0,0.0
2023-12-30,Thomas's Bar,Miller,1422.2479310411752,0.0,0.0
2023-12-31,Thomas's Bar,Miller,1422.2479310411752,0.0,0.0
2024-01-01,Thomas's Bar,Miller,1422.2479310411752,0.0,0.0
2023-10-23,Thomas's Bar,Smirnoff,535.5603627128396,0.0,0.0
2023-10-24,Thomas's Bar,Smirnoff,535.5603627128396,0.0,0.0
2023-10-25,Thomas's Bar,Smirnoff,535.5603627128396,0.0,0.0
2023-10-26,Thomas's Bar,Smirnoff,59.58036271283959,475.98,475.98
2023-10-27,Thomas's Bar,Smirnoff,59.58036271283959,0.0,475.98
2023-10-28,Thomas's Bar,Smirnoff,59.58036271283959,0.0,475.98
2023-10-29,Thomas's Bar,Smirnoff,535.5603627128396,0.0,0.0
2023-10-30,Thomas's Bar,Smirnoff,500.1003627128396,511.44,35.45999999999998
2023-10-31,Thomas's Bar,Smirnoff,976.0803627128396,0.0,0.0
2023-11-01,Thomas's Bar,Smirnoff,511.4303627128396,464.65,24.129999999999995
2023-11-02,Thomas's Bar,Smirnoff,546.8903627128395,0.0,0.0
2023-11-03,Thomas's Bar,Smirnoff,546.8903627128395,0.0,0.0
2023-11-04,Thomas's Bar,Smirnoff,571.0203627128395,0.0,0.0
2023-11-05,Thomas's Bar,Smirnoff,571.0203627128395,0.0,0.0
2023-11-06,Thomas's Bar,Smirnoff,571.0203627128395,0.0,0.0
2023-11-07,Thomas's Bar,Smirnoff,571.0203627128395,0.0,0.0
2023-11-08,Thomas's Bar,Smirnoff,571.0203627128395,0.0,0.0
2023-11-09,Thomas's Bar,Smirnoff,571.0203627128395,0.0,0.0
2023-11-10,Thomas's Bar,Smirnoff,571.0203627128395,0.0,0.0
2023-11-11,Thomas's Bar,Smirnoff,571.0203627128395,0.0,0.0
2023-11-12,Thomas's Bar,Smirnoff,571.0203627128395,0.0,0.0
2023-11-13,Thomas's Bar,Smirnoff,571.0203627128395,0.0,0.0
2023-11-14,Thomas's Bar,Smirnoff,571.0203627128395,0.0,0.0
2023-11-15,Thomas's Bar,Smirnoff,344.4003627128395,226.62,191.16000000000008
2023-11-16,Thomas's Bar,Smirnoff,344.4003627128395,0.0,191.16000000000008
2023-11-17,Thomas's Bar,Smirnoff,344.4003627128395,0.0,191.16000000000008
2023-11-18,Thomas's Bar,Smirnoff,0.0,591.32,535.5603627128396
2023-11-19,Thomas's Bar,Smirnoff,191.16000000000008,0.0,344.4003627128395
2023-11-20,Thomas's Bar,Smirnoff,382.32000000000016,0.0,153.24036271283944
2023-11-21,Thomas's Bar,Smirnoff,917.8803627128398,0.0,0.0
2023-11-22,Thomas's Bar,Smirnoff,1262.2807254256793,0.0,0.0
2023-11-23,Thomas's Bar,Smirnoff,1415.5210881385187,0.0,0.0
2023-11-24,Thomas's Bar,Smirnoff,1415.5210881385187,0.0,0.0
2023-11-25,Thomas's Bar,Smirnoff,1415.5210881385187,0.0,0.0
2023-11-26,Thomas's Bar,Smirnoff,1415.5210881385187,0.0,0.0
2023-11-27,Thomas's Bar,Smirnoff,1013.0910881385187,402.43,0.0
2023-11-28,Thomas's Bar,Smirnoff,1013.0910881385187,0.0,0.0
2023-11-29,Thomas's Bar,Smirnoff,1013.0910881385187,0.0,0.0
2023-11-30,Thomas's Bar,Smirnoff,544.9910881385186,468.1,0.0
2023-12-01,Thomas's Bar,Smirnoff,544.9910881385186,0.0,0.0
2023-12-02,Thomas's Bar,Smirnoff,544.9910881385186,0.0,0.0
2023-12-03,Thomas's Bar,Smirnoff,544.9910881385186,0.0,0.0
2023-12-04,Thomas's Bar,Smirnoff,544.9910881385186,0.0,0.0
2023-12-05,Thomas's Bar,Smirnoff,417.25108813851864,127.74,118.30927457432097
2023-12-06,Thomas's Bar,Smirnoff,417.25108813851864,0.0,118.30927457432097
2023-12-07,Thomas's Bar,Smirnoff,417.25108813851864,0.0,118.30927457432097
2023-12-08,Thomas's Bar,Smirnoff,321.4503627128396,214.11,214.11
2023-12-09,Thomas's Bar,Smirnoff,439.75963728716056,0.0,95.80072542567905
2023-12-10,Thomas's Bar,Smirnoff,558.0689118614815,0.0,0.0
2023-12-11,Thomas's Bar,Smirnoff,772.1789118614815,0.0,0.0
2023-12-12,Thomas's Bar,Smirnoff,867.9796372871606,0.0,0.0
2023-12-13,Thomas's Bar,Smirnoff,271.0896372871606,596.89,264.470725425679
2023-12-14,Thomas's Bar,Smirnoff,271.0896372871606,0.0,264.470725425679
2023-12-15,Thomas's Bar,Smirnoff,271.0896372871606,0.0,264.470725425679
2023-12-16,Thomas's Bar,Smirnoff,47.74036271283961,487.82,487.82
2023-12-17,Thomas's Bar,Smirnoff,312.2110881385186,0.0,223.349274574321
2023-12-18,Thomas's Bar,Smirnoff,576.6818135641977,0.0,0.0
2023-12-19,Thomas's Bar,Smirnoff,783.4018135641976,281.1,0.0
2023-12-20,Thomas's Bar,Smirnoff,1006.7510881385185,0.0,0.0
2023-12-21,Thomas's Bar,Smirnoff,1006.7510881385185,0.0,0.0
2023-12-22,Thomas's Bar,Smirnoff,1006.7510881385185,0.0,0.0
2023-12-23,Thomas's Bar,Smirnoff,1006.7510881385185,0.0,0.0
2023-12-24,Thomas's Bar,Smirnoff,1006.7510881385185,0.0,0.0
2023-12-25,Thomas's Bar,Smirnoff,1006.7510881385185,0.0,0.0
2023-12-26,Thomas's Bar,Smirnoff,1006.7510881385185,0.0,0.0
2023-12-27,Thomas's Bar,Smirnoff,1006.7510881385185,0.0,0.0
2023-12-28,Thomas's Bar,Smirnoff,1006.7510881385185,0.0,0.0
2023-12-29,Thomas's Bar,Smirnoff,1006.7510881385185,0.0,0.0
2023-12-30,Thomas's Bar,Smirnoff,1006.7510881385185,0.0,0.0
2023-12-31,Thomas's Bar,Smirnoff,532.4310881385186,474.32,3.129274574321016
2024-01-01,Thomas's Bar,Smirnoff,532.4310881385186,0.0,3.129274574321016
2023-10-23,Thomas's Bar,Sutter Home,483.74563872692,0.0,0.0
2023-10-24,Thomas's Bar,Sutter Home,483.74563872692,0.0,0.0
2023-10-25,Thomas's Bar,Sutter Home,483.74563872692,0.0,0.0
2023-10-26,Thomas's Bar,Sutter Home,483.74563872692,0.0,0.0
2023-10-27,Thomas's Bar,Sutter Home,483.74563872692,0.0,0.0
2023-10-28,Thomas's Bar,Sutter Home,483.74563872692,0.0,0.0
2023-10-29,Thomas's Bar,Sutter Home,483.74563872692,0.0,0.0
2023-10-30,Thomas's Bar,Sutter Home,483.74563872692,0.0,0.0
2023-10-31,Thomas's Bar,Sutter Home,483.74563872692,0.0,0.0
2023-11-01,Thomas's Bar,Sutter Home,271.28563872691996,212.46,212.46000000000004
2023-11-02,Thomas's Bar,Sutter Home,271.28563872691996,0.0,212.46000000000004
2023-11-03,Thomas's Bar,Sutter Home,271.28563872691996,0.0,212.46000000000004
2023-11-04,Thomas's Bar,Sutter Home,483.74563872692,0.0,0.0
2023-11-05,Thomas's Bar,Sutter Home,170.88563872691998,525.32,312.86
2023-11-06,Thomas's Bar,Sutter Home,383.34563872692,0.0,100.39999999999998
2023-11-07,Thomas's Bar,Sutter Home,383.34563872692,0.0,100.39999999999998
2023-11-08,Thomas's Bar,Sutter Home,696.20563872692,0.0,0.0
2023-11-09,Thomas's Bar,Sutter Home,796.60563872692,0.0,0.0
2023-11-10,Thomas's Bar,Sutter Home,897.00563872692,0.0,0.0
2023-11-11,Thomas's Bar,Sutter Home,897.00563872692,0.0,0.0
2023-11-12,Thomas's Bar,Sutter Home,897.00563872692,0.0,0.0
2023-11-13,Thomas's Bar,Sutter Home,897.00563872692,0.0,0.0
2023-11-14,Thomas's Bar,Sutter Home,897.00563872692,0.0,0.0
2023-11-15,Thomas's Bar,Sutter Home,897.00563872692,0.0,0.0
2023-11-16,Thomas's Bar,Sutter Home,897.00563872692,0.0,0.0
2023-11-17,Thomas's Bar,Sutter Home,897.00563872692,0.0,0.0
2023-11-18,Thomas's Bar,Sutter Home,423.00563872692,474.0,60.74000000000001
2023-11-19,Thomas's Bar,Sutter Home,423.00563872692,0.0,60.74000000000001
2023-11-20,Thomas's Bar,Sutter Home,0.0,467.74,483.74563872692
2023-11-21,Thomas's Bar,Sutter Home,60.74000000000001,0.0,423.00563872692
2023-11-22,Thomas's Bar,Sutter Home,121.48000000000002,0.0,362.26563872692
2023-11-23,Thomas's Bar,Sutter Home,605.22563872692,0.0,0.0
2023-11-24,Thomas's Bar,Sutter Home,1028.23127745384,0.0,0.0
2023-11-25,Thomas's Bar,Sutter Home,1390.4969161807599,0.0,0.0
2023-11-26,Thomas's Bar,Sutter Home,1390.4969161807599,0.0,0.0
2023-11-27,Thomas's Bar,Sutter Home,1390.4969161807599,0.0,0.0
2023-11-28,Thomas's Bar,Sutter Home,1390.4969161807599,0.0,0.0
2023-11-29,Thomas's Bar,Sutter Home,1390.4969161807599,0.0,0.0
2023-11-30,Thomas's Bar,Sutter Home,1390.4969161807599,0.0,0.0
2023-12-01,Thomas's Bar,Sutter Home,1390.4969161807599,0.0,0.0
2023-12-02,Thomas's Bar,Sutter Home,1390.4969161807599,0.0,0.0
2023-12-03,Thomas's Bar,Sutter Home,1076.0269161807598,314.47,0.0
2023-12-04,Thomas's Bar,Sutter Home,1076.0269161807598,0.0,0.0
2023-12-05,Thomas's Bar,Sutter Home,1076.0269161807598,0.0,0.0
2023-12-06,Thomas's Bar,Sutter Home,1076.0269161807598,0.0,0.0
2023-12-07,Thomas's Bar,Sutter Home,1062.2969161807598,13.73,0.0
2023-12-08,Thomas's Bar,Sutter Home,1062.2969161807598,0.0,0.0
2023-12-09,Thomas's Bar,Sutter Home,1062.2969161807598,0.0,0.0
2023-12-10,Thomas's Bar,Sutter Home,1062.2969161807598,0.0,0.0
2023-12-11,Thomas's Bar,Sutter Home,1062.2969161807598,0.0,0.0
2023-12-12,Thomas's Bar,Sutter Home,1062.2969161807598,0.0,0.0
2023-12-13,Thomas's Bar,Sutter Home,1062.2969161807598,0.0,0.0
2023-12-14,Thomas's Bar,Sutter Home,1062.2969161807598,0.0,0.0
2023-12-15,Thomas's Bar,Sutter Home,1062.2969161807598,0.0,0.0
2023-12-16,Thomas's Bar,Sutter Home,1062.2969161807598,0.0,0.0
2023-12-17,Thomas's Bar,Sutter Home,1062.2969161807598,0.0,0.0
2023-12-18,Thomas's Bar,Sutter Home,1062.2969161807598,0.0,0.0
2023-12-19,Thomas's Bar,Sutter Home,1062.2969161807598,0.0,0.0
2023-12-20,Thomas's Bar,Sutter Home,1062.2969161807598,0.0,0.0
2023-12-21,Thomas's Bar,Sutter Home,1062.2969161807598,0.0,0.0
2023-12-22,Thomas's Bar,Sutter Home,1062.2969161807598,0.0,0.0
2023-12-23,Thomas's Bar,Sutter Home,1062.2969161807598,0.0,0.0
2023-12-24,Thomas's Bar,Sutter Home,1062.2969161807598,0.0,0.0
2023-12-25,Thomas's Bar,Sutter Home,1062.2969161807598,0.0,0.0
2023-12-26,Thomas's Bar,Sutter Home,1062.2969161807598,0.0,0.0
2023-12-27,Thomas's Bar,Sutter Home,1062.2969161807598,0.0,0.0
2023-12-28,Thomas's Bar,Sutter Home,1062.2969161807598,0.0,0.0
2023-12-29,Thomas's Bar,Sutter Home,1062.2969161807598,0.0,0.0
2023-12-30,Thomas's Bar,Sutter Home,951.9369161807598,110.36,0.0
2023-12-31,Thomas's Bar,Sutter Home,951.9369161807598,0.0,0.0
2024-01-01,Thomas's Bar,Sutter Home,951.9369161807598,0.0,0.0
2023-10-23,Thomas's Bar,Yellow Tail,1.9968446935989732,423.53,423.53
2023-10-24,Thomas's Bar,Yellow Tail,0.0,124.6,425.52684469359895
2023-10-25,Thomas's Bar,Yellow Tail,0.0,0.0,425.52684469359895
2023-10-26,Thomas's Bar,Yellow Tail,423.53,0.0,1.9968446935989732
2023-10-27,Thomas's Bar,Yellow Tail,849.0568446935989,0.0,0.0
2023-10-28,Thomas's Bar,Yellow Tail,1146.3836893871978,128.2,0.0
2023-10-29,Thomas's Bar,Yellow Tail,1148.3805340807967,0.0,0.0
2023-10-30,Thomas's Bar,Yellow Tail,1148.3805340807967,0.0,0.0
2023-10-31,Thomas's Bar,Yellow Tail,755.5205340807967,392.86,0.0
2023-11-01,Thomas's Bar,Yellow Tail,755.5205340807967,0.0,0.0
2023-11-02,Thomas's Bar,Yellow Tail,445.92053408079664,309.6,0.0
2023-11-03,Thomas's Bar,Yellow Tail,0.0,527.97,425.52684469359895
2023-11-04,Thomas's Bar,Yellow Tail,0.0,0.0,425.52684469359895
2023-11-05,Thomas's Bar,Yellow Tail,0.0,0.0,425.52684469359895
2023-11-06,Thomas's Bar,Yellow Tail,425.52684469359895,0.0,0.0
2023-11-07,Thomas's Bar,Yellow Tail,403.7136893871979,447.34,21.81315530640103
2023-11-08,Thomas's Bar,Yellow Tail,829.2405340807968,0.0,0.0
2023-11-09,Thomas's Bar,Yellow Tail,251.14053408079678,578.1,174.38631061280216
2023-11-10,Thomas's Bar,Yellow Tail,272.9536893871978,0.0,152.57315530640113
2023-11-11,Thomas's Bar,Yellow Tail,272.9536893871978,0.0,152.57315530640113
2023-11-12,Thomas's Bar,Yellow Tail,447.34,0.0,0.0
2023-11-13,Thomas's Bar,Yellow Tail,599.9131553064011,0.0,0.0
2023-11-14,Thomas's Bar,Yellow Tail,752.4863106128023,0.0,0.0
2023-11-15,Thomas's Bar,Yellow Tail,752.4863106128023,0.0,0.0
2023-11-16,Thomas's Bar,Yellow Tail,525.4763106128023,227.01,0.0
2023-11-17,Thomas's Bar,Yellow Tail,525.4763106128023,0.0,0.0
2023-11-18,Thomas's Bar,Yellow Tail,525.4763106128023,0.0,0.0
2023-11-19,Thomas's Bar,Yellow Tail,44.27631061280232,481.2,381.2505340807966
2023-11-20,Thomas's Bar,Yellow Tail,44.27631061280232,0.0,381.2505340807966
2023-11-21,Thomas's Bar,Yellow Tail,44.27631061280232,0.0,381.2505340807966
2023-11-22,Thomas's Bar,Yellow Tail,65.27684469359895,360.25,360.25
2023-11-23,Thomas's Bar,Yellow Tail,446.5273787743956,0.0,0.0
2023-11-24,Thomas's Bar,Yellow Tail,827.7779128551922,0.0,0.0
2023-11-25,Thomas's Bar,Yellow Tail,1188.0279128551922,0.0,0.0
2023-11-26,Thomas's Bar,Yellow Tail,1188.0279128551922,0.0,0.0
2023-11-27,Thomas's Bar,Yellow Tail,1188.0279128551922,0.0,0.0
2023-11-28,Thomas's Bar,Yellow Tail,904.7979128551922,283.23,0.0
2023-11-29,Thomas's Bar,Yellow Tail,904.7979128551922,0.0,0.0
2023-11-30,Thomas's Bar,Yellow Tail,904.7979128551922,0.0,0.0
2023-12-01,Thomas's Bar,Yellow Tail,494.6179128551922,410.18,0.0
2023-12-02,Thomas's Bar,Yellow Tail,123.5879128551922,371.03,301.93893183840675
2023-12-03,Thomas's Bar,Yellow Tail,123.5879128551922,0.0,301.93893183840675
2023-12-04,Thomas's Bar,Yellow Tail,123.5879128551922,0.0,301.93893183840675
2023-12-05,Thomas's Bar,Yellow Tail,425.52684469359895,0.0,0.0
2023-12-06,Thomas's Bar,Yellow Tail,727.4657765320057,0.0,0.0
2023-12-07,Thomas's Bar,Yellow Tail,1029.4047083704124,0.0,0.0
2023-12-08,Thomas's Bar,Yellow Tail,1029.4047083704124,0.0,0.0
2023-12-09,Thomas's Bar,Yellow Tail,500.50470837041246,528.9,0.0
2023-12-10,Thomas's Bar,Yellow Tail,500.50470837041246,0.0,0.0
2023-12-11,Thomas's Bar,Yellow Tail,500.50470837041246,0.0,0.0
2023-12-12,Thomas's Bar,Yellow Tail,500.50470837041246,0.0,0.0
2023-12-13,Thomas's Bar,Yellow Tail,185.98470837041248,314.52,239.54213632318647
2023-12-14,Thomas's Bar,Yellow Tail,0.0,191.99,425.52684469359895
2023-12-15,Thomas's Bar,Yellow Tail,0.0,0.0,425.52684469359895
2023-12-16,Thomas's Bar,Yellow Tail,239.54213632318647,0.0,185.98470837041248
2023-12-17,Thomas's Bar,Yellow Tail,665.0689810167854,0.0,0.0
2023-12-18,Thomas's Bar,Yellow Tail,1090.5958257103844,0.0,0.0
2023-12-19,Thomas's Bar,Yellow Tail,1276.580534080797,0.0,0.0
2023-12-20,Thomas's Bar,Yellow Tail,1276.580534080797,0.0,0.0
2023-12-21,Thomas's Bar,Yellow Tail,1276.580534080797,0.0,0.0
2023-12-22,Thomas's Bar,Yellow Tail,1276.580534080797,0.0,0.0
2023-12-23,Thomas's Bar,Yellow Tail,910.6505340807969,365.93,0.0
2023-12-24,Thomas's Bar,Yellow Tail,910.6505340807969,0.0,0.0
2023-12-25,Thomas's Bar,Yellow Tail,910.6505340807969,0.0,0.0
2023-12-26,Thomas's Bar,Yellow Tail,311.59053408079694,599.06,113.936310612802
2023-12-27,Thomas's Bar,Yellow Tail,311.59053408079694,0.0,113.936310612802
2023-12-28,Thomas's Bar,Yellow Tail,311.59053408079694,0.0,113.936310612802
2023-12-29,Thomas's Bar,Yellow Tail,425.52684469359895,0.0,0.0
2023-12-30,Thomas's Bar,Yellow Tail,539.463155306401,0.0,0.0
2023-12-31,Thomas's Bar,Yellow Tail,653.399465919203,0.0,0.0
2024-01-01,Thomas's Bar,Yellow Tail,653.399465919203,0.0,0.0
